unique_key,created_date,complaint_type,latitude,longitude
67350516,2025-12-31T23:13:02.000,Noise - Commercial,40.72877791962051,-74.00153340401842
67346939,2025-12-31T23:08:30.000,Noise - Commercial,40.72877791962051,-74.00153340401842
67344686,2025-12-31T23:07:36.000,Noise - Street/Sidewalk,40.72147138307851,-73.99916303357482
67346941,2025-12-31T17:24:49.000,Noise - Commercial,40.72007700941541,-73.99699492049184
67348290,2025-12-31T15:14:51.000,Noise - Street/Sidewalk,40.71692330413463,-74.00189747542441
67352772,2025-12-31T10:59:03.000,Noise - Vehicle,40.72593953744873,-74.00850732395048
67340488,2025-12-31T00:00:48.000,Noise - Commercial,40.72035690920959,-73.9950865120281
67337744,2025-12-30T23:51:28.000,Noise - Commercial,40.72035690920959,-73.9950865120281
67341869,2025-12-30T16:37:50.000,Noise - Commercial,40.72951901371953,-73.99981238142182
67333592,2025-12-30T14:17:59.000,Noise - Vehicle,40.7197584629273,-74.00667752171445
67333615,2025-12-30T08:23:58.000,Noise - Vehicle,40.72809161109654,-73.99453392196715
67327540,2025-12-30T00:35:52.000,Noise - Vehicle,40.72998836598334,-74.00049791434905
67328749,2025-12-30T00:30:13.000,Noise - Street/Sidewalk,40.72980721143065,-74.00063862753768
67323668,2025-12-29T20:19:16.000,Noise - Street/Sidewalk,40.71742011026874,-73.99840192418509
67323681,2025-12-29T16:11:46.000,Noise - Street/Sidewalk,40.71976139038919,-74.0015873093899
67331064,2025-12-29T13:00:35.000,Noise - Vehicle,40.7197584629273,-74.00667752171445
67315396,2025-12-29T02:00:59.000,Noise - Street/Sidewalk,40.72082357574888,-73.99669906536468
67315882,2025-12-29T01:34:28.000,Noise - Commercial,40.72228652364041,-74.00358240442132
67320290,2025-12-28T23:57:06.000,Noise - Commercial,40.72228652364041,-74.00358240442132
67317109,2025-12-28T11:32:07.000,Noise - Street/Sidewalk,40.716014706345376,-74.00474362389673
67318209,2025-12-28T02:40:31.000,Noise - Vehicle,40.72328841409836,-73.999325357807
67310785,2025-12-28T00:05:36.000,Noise - Commercial,40.72869009738911,-74.00024173631489
67310918,2025-12-27T23:24:33.000,Noise - Vehicle,40.72179773232063,-73.9919694121199
67313903,2025-12-27T12:56:27.000,Noise - Street/Sidewalk,40.7264828876671,-73.99009635510602
67307857,2025-12-27T02:22:55.000,Noise - Street/Sidewalk,40.72130637559101,-73.9913489632687
67300848,2025-12-27T01:57:49.000,Noise - Commercial,40.72747391687811,-73.992354777559
67299213,2025-12-26T11:40:55.000,Noise - Street/Sidewalk,40.71943474452872,-74.00264790768674
67297989,2025-12-26T07:26:27.000,Noise - Commercial,40.7288245809915,-74.00149371696034
67294384,2025-12-25T19:31:22.000,Noise - Street/Sidewalk,40.72864618144892,-74.00015153609753
67295677,2025-12-25T19:24:37.000,Noise - Commercial,40.72864618144892,-74.00015153609753
67293640,2025-12-25T13:30:05.000,Noise - Street/Sidewalk,40.71943474452872,-74.00264790768674
67292825,2025-12-25T12:05:45.000,Noise - Street/Sidewalk,40.71812816054085,-73.99499288307798
67296572,2025-12-25T11:15:26.000,Noise - Street/Sidewalk,40.71812816054085,-73.99499288307798
67284661,2025-12-24T22:31:15.000,Noise - Commercial,40.7189129617464,-73.99156572246149
67289972,2025-12-24T13:46:07.000,Noise - Commercial,40.72401296921459,-73.99619382218174
67286927,2025-12-24T13:39:10.000,Noise - Street/Sidewalk,40.720540909372765,-74.00090189088375
67283441,2025-12-24T13:28:16.000,Noise - Vehicle,40.71600379408334,-73.99733058470898
67291139,2025-12-24T13:12:19.000,Noise - Street/Sidewalk,40.71868815152165,-73.9966450591776
67285716,2025-12-24T13:05:59.000,Noise - Commercial,40.72385930987914,-73.9980915038645
67289980,2025-12-24T03:44:50.000,Noise - Commercial,40.72678792827488,-74.00350327256554
67286663,2025-12-24T03:33:18.000,Noise - Commercial,40.72185817927521,-74.00708178719748
67274636,2025-12-24T01:21:51.000,Noise - Commercial,40.7167805920127,-73.99977273631984
67274749,2025-12-23T17:38:50.000,Noise - Street/Sidewalk,40.71878414436076,-73.99468619897759
67282602,2025-12-23T17:30:24.000,Noise - Street/Sidewalk,40.71866886661323,-73.99473310517725
67281274,2025-12-23T16:12:15.000,Noise - Vehicle,40.7254073646889,-73.9990186710634
67275896,2025-12-23T12:49:39.000,Noise - Street/Sidewalk,40.71943474452872,-74.00264790768674
67276947,2025-12-23T03:17:43.000,Noise - Commercial,40.72678792827488,-74.00350327256554
67265432,2025-12-23T00:58:08.000,Noise - Street/Sidewalk,40.72945039095302,-74.00096334824593
67269331,2025-12-22T23:38:26.000,Noise - Commercial,40.7189129617464,-73.99156572246149
67272020,2025-12-22T20:10:31.000,Noise - Street/Sidewalk,40.717785159566695,-73.99814939642602
67266811,2025-12-22T19:37:13.000,Noise - Street/Sidewalk,40.716014706345376,-74.00474362389673
67264076,2025-12-22T14:39:03.000,Noise - Street/Sidewalk,40.71939633294734,-74.00188311582531
67266720,2025-12-22T13:13:03.000,Noise - Commercial,40.72463296110364,-73.9905692498637
67266799,2025-12-22T11:18:35.000,Noise - Street/Sidewalk,40.71943474452872,-74.00264790768674
67270646,2025-12-22T06:34:47.000,Noise - Commercial,40.72932960163197,-74.00235604967938
67256893,2025-12-22T02:04:57.000,Noise - Commercial,40.72141089175726,-73.99497459839357
67255921,2025-12-22T01:28:49.000,Noise - Commercial,40.72678792827488,-74.00350327256554
67262886,2025-12-22T01:05:04.000,Noise - Commercial,40.72707618085859,-74.00018400378333
67258047,2025-12-21T23:58:39.000,Noise - Street/Sidewalk,40.725964521117376,-74.00277444213799
67262994,2025-12-21T23:58:17.000,Noise - Street/Sidewalk,40.72590138985783,-74.0028502044378
67257920,2025-12-21T19:24:37.000,Noise - Commercial,40.720214221756834,-73.99613631839166
67256886,2025-12-21T16:25:00.000,Noise - Commercial,40.72408673643021,-73.9903528618303
67262998,2025-12-21T15:17:45.000,Noise - Street/Sidewalk,40.71947863163179,-73.99629869880661
67260023,2025-12-21T15:05:17.000,Noise - Street/Sidewalk,40.71947863163179,-73.99629869880661
67262987,2025-12-21T13:45:19.000,Noise - Street/Sidewalk,40.71943474452872,-74.00264790768674
67262040,2025-12-21T07:14:04.000,Noise - Street/Sidewalk,40.72526704808184,-73.99117527379062
67261010,2025-12-21T05:04:45.000,Noise - Street/Sidewalk,40.72955469235684,-74.00087675651746
67257926,2025-12-21T02:41:52.000,Noise - Commercial,40.71648964762977,-73.99995310452468
67247957,2025-12-21T01:00:08.000,Noise - Commercial,40.7189129617464,-73.99156572246149
67255397,2025-12-21T00:49:46.000,Noise - Commercial,40.72985112460027,-73.99896087654206
67253120,2025-12-20T23:42:21.000,Noise - Commercial,40.72960684303375,-74.00083346055158
67250855,2025-12-20T23:32:35.000,Noise - Commercial,40.72707618085859,-74.00018400378333
67254976,2025-12-20T23:20:14.000,Noise - Street/Sidewalk,40.72147138307851,-73.99916303357482
67254962,2025-12-20T23:07:07.000,Noise - Street/Sidewalk,40.72041154344543,-73.99082237616469
67247967,2025-12-20T17:05:28.000,Noise - Commercial,40.7183258713724,-73.99781388915383
67249111,2025-12-20T17:03:42.000,Noise - Commercial,40.72678792827488,-74.00350327256554
67254981,2025-12-20T12:49:49.000,Noise - Street/Sidewalk,40.71946219077994,-74.00270562885954
67249256,2025-12-20T12:47:45.000,Noise - Street/Sidewalk,40.71943474452872,-74.00264790768674
67251572,2025-12-20T12:39:47.000,Noise - Street/Sidewalk,40.71844937460827,-74.0027019802938
67252678,2025-12-20T03:23:53.000,Noise - Street/Sidewalk,40.71763967494172,-74.00250354011109
67249130,2025-12-20T02:28:21.000,Noise - Commercial,40.72707618085859,-74.00018400378333
67252364,2025-12-20T02:24:17.000,Noise - Commercial,40.72707618085859,-74.00018400378333
67239680,2025-12-20T01:37:06.000,Noise - Street/Sidewalk,40.72617589953327,-74.00054478815552
67242846,2025-12-20T00:25:18.000,Noise - Commercial,40.72641463677292,-74.00365117608368
67237766,2025-12-20T00:00:53.000,Noise - Commercial,40.71807035293164,-73.992020365249
67239157,2025-12-19T23:50:27.000,Noise - Street/Sidewalk,40.71944000880001,-73.99232683909959
67239160,2025-12-19T23:22:13.000,Noise - Street/Sidewalk,40.72667541500609,-74.00269509803073
67237768,2025-12-19T23:03:37.000,Noise - Commercial,40.72965899371875,-74.00078655646078
67242853,2025-12-19T22:59:49.000,Noise - Commercial,40.72965899371875,-74.00078655646078
67241656,2025-12-19T22:41:39.000,Noise - Street/Sidewalk,40.72667541500609,-74.00269509803073
67236555,2025-12-19T14:16:02.000,Noise - Street/Sidewalk,40.71653629026845,-73.99794741968182
67245646,2025-12-19T14:07:37.000,Noise - Street/Sidewalk,40.71653629026845,-73.99794741968182
67236557,2025-12-19T14:01:20.000,Noise - Street/Sidewalk,40.71653629026845,-73.99794741968182
67245647,2025-12-19T13:53:27.000,Noise - Street/Sidewalk,40.71653629026845,-73.99794741968182
67242958,2025-12-19T13:50:00.000,Noise - Street/Sidewalk,40.71653629026845,-73.99794741968182
67239153,2025-12-19T13:46:44.000,Noise - Street/Sidewalk,40.716484140395096,-73.99797988738347
67236554,2025-12-19T12:31:25.000,Noise - Street/Sidewalk,40.71943474452872,-74.00264790768674
67242961,2025-12-19T12:31:04.000,Noise - Street/Sidewalk,40.723436622549166,-73.99844868027735
67245648,2025-12-19T02:56:36.000,Noise - Street/Sidewalk,40.72078519568452,-73.99958152109606
67232421,2025-12-19T01:27:16.000,Noise - Vehicle,40.723625921757765,-74.00478745841919
67231172,2025-12-19T01:05:13.000,Noise - Vehicle,40.723625921757765,-74.00478745841919
67232569,2025-12-18T23:57:35.000,Noise - Commercial,40.719659636672255,-73.993069962078
67231322,2025-12-18T22:10:05.000,Noise - Commercial,40.72531399416446,-74.00349237161738
67229420,2025-12-18T21:07:16.000,Noise - Commercial,40.7241169184207,-74.00976980628137
67231450,2025-12-18T20:23:34.000,Noise - Street/Sidewalk,40.72868459718763,-73.99841247806296
67227724,2025-12-18T20:21:49.000,Noise - Street/Sidewalk,40.72868459718763,-73.99841247806296
67231451,2025-12-18T20:20:40.000,Noise - Street/Sidewalk,40.72868459718763,-73.99841247806296
67231171,2025-12-18T19:33:32.000,Noise - Commercial,40.72111716702185,-73.9942170256473
67230177,2025-12-18T19:11:50.000,Noise - Street/Sidewalk,40.722036753294944,-73.99650419247284
67227456,2025-12-18T18:44:11.000,Noise - Vehicle,40.72191329221079,-74.0000793680321
67230188,2025-12-18T17:14:47.000,Noise - Street/Sidewalk,40.72274769468882,-73.9990331409584
67231428,2025-12-18T16:50:31.000,Noise - Street/Sidewalk,40.72302216843563,-73.99881306740762
67226413,2025-12-18T16:14:49.000,Noise - Street/Sidewalk,40.71643199044989,-73.99800874769315
67227450,2025-12-18T15:58:30.000,Noise - Vehicle,40.72146272472165,-74.00991732934838
67231177,2025-12-18T15:43:07.000,Noise - Vehicle,40.71956621130091,-73.99152234966351
67226164,2025-12-18T15:10:55.000,Noise - Vehicle,40.71956621130091,-73.99152234966351
67229938,2025-12-18T14:59:47.000,Noise - Vehicle,40.72009881075196,-73.99328276124974
67227447,2025-12-18T14:45:10.000,Noise - Vehicle,40.720074103475305,-73.9932070054361
67231426,2025-12-18T13:12:02.000,Noise - Street/Sidewalk,40.71943474452872,-74.00264790768674
67232676,2025-12-18T09:45:50.000,Noise - Street/Sidewalk,40.716484140395096,-73.99797988738347
67216688,2025-12-18T01:07:11.000,Noise - Commercial,40.72141089175726,-73.99497459839357
67220600,2025-12-18T00:21:47.000,Noise - Vehicle,40.72463587825417,-74.00701714223496
67224964,2025-12-18T00:13:53.000,Noise - Commercial,40.71648964762977,-73.99995310452468
67216691,2025-12-17T22:40:33.000,Noise - Commercial,40.71648964762977,-73.99995310452468
67220764,2025-12-17T22:35:33.000,Noise - Commercial,40.72111716702185,-73.9942170256473
67218766,2025-12-17T20:55:04.000,Noise - Commercial,40.71866333365392,-74.00614350763047
67219524,2025-12-17T20:22:22.000,Noise - Street/Sidewalk,40.71807035293164,-73.992020365249
67222285,2025-12-17T20:04:55.000,Noise - Street/Sidewalk,40.72868459718763,-73.99841247806296
67218184,2025-12-17T20:01:27.000,Noise - Street/Sidewalk,40.72868459718763,-73.99841247806296
67218097,2025-12-17T12:57:04.000,Noise - Commercial,40.72247318492828,-73.99704171213209
67220846,2025-12-17T12:56:05.000,Noise - Street/Sidewalk,40.71943474452872,-74.00264790768674
67219523,2025-12-17T07:01:31.000,Noise - Street/Sidewalk,40.72495691467898,-74.00850359071012
67218090,2025-12-17T02:43:10.000,Noise - Commercial,40.72531399416446,-74.00349237161738
67213677,2025-12-17T00:29:30.000,Noise - Vehicle,40.72561320779861,-74.00202760502167
67204275,2025-12-16T23:41:43.000,Noise - Vehicle,40.727103628316726,-74.00024173056003
67208082,2025-12-16T23:20:59.000,Noise - Commercial,40.72531399416446,-74.00349237161738
67204433,2025-12-16T22:53:07.000,Noise - Commercial,40.72531399416446,-74.00349237161738
67206292,2025-12-16T22:43:12.000,Noise - Commercial,40.727350654273856,-74.00073962609699
67200808,2025-12-16T20:13:47.000,Noise - Commercial,40.71843531414493,-73.99079018124641
67206525,2025-12-16T19:40:25.000,Noise - Street/Sidewalk,40.72462221216464,-73.99400386221103
67209818,2025-12-16T16:33:40.000,Noise - Commercial,40.71924260492423,-73.99708514544552
67204655,2025-12-16T12:18:47.000,Noise - Street/Sidewalk,40.71943474452872,-74.00264790768674
67188248,2025-12-15T11:51:37.000,Noise - Street/Sidewalk,40.71943474452872,-74.00264790768674
67186126,2025-12-15T11:47:01.000,Noise - Street/Sidewalk,40.71911359091507,-73.99670275754235
67174219,2025-12-14T21:56:16.000,Noise - Commercial,40.72027741521677,-73.99956348653805
67174496,2025-12-14T21:17:19.000,Noise - Vehicle,40.72956262937125,-73.99167983220961
67174495,2025-12-14T20:54:20.000,Noise - Vehicle,40.72956262937125,-73.99167983220961
67174220,2025-12-14T19:33:22.000,Noise - Commercial,40.7185204568837,-73.99150805286503
67173114,2025-12-14T18:36:57.000,Noise - Street/Sidewalk,40.72274769468882,-73.9990331409584
67182683,2025-12-14T18:14:21.000,Noise - Street/Sidewalk,40.722662607770445,-73.99910529576053
67181342,2025-12-14T17:58:05.000,Noise - Street/Sidewalk,40.722662607770445,-73.99910529576053
67181080,2025-12-14T17:39:51.000,Noise - Commercial,40.72247318492828,-73.99704171213209
67181348,2025-12-14T17:32:16.000,Noise - Vehicle,40.72302216843563,-73.99881306740762
67175879,2025-12-14T13:59:02.000,Noise - Street/Sidewalk,40.71961867149901,-74.00073593277754
67178337,2025-12-14T13:54:16.000,Noise - Commercial,40.71966258700926,-74.00082972867828
67179947,2025-12-14T13:25:57.000,Noise - Street/Sidewalk,40.71982727485553,-74.00040043526465
67175512,2025-12-14T04:42:17.000,Noise - Commercial,40.72401296921459,-73.99619382218174
67166883,2025-12-14T02:09:55.000,Noise - Commercial,40.71936870099545,-73.99321789983325
67169634,2025-12-14T01:56:29.000,Noise - Commercial,40.72016177866853,-73.99092702930629
67164698,2025-12-14T01:41:16.000,Noise - Commercial,40.72707618085859,-74.00018400378333
67165490,2025-12-14T01:40:41.000,Noise - Commercial,40.72138072302072,-73.99554821049932
67172490,2025-12-14T01:15:34.000,Noise - Vehicle,40.71956621130091,-73.99152234966351
67166049,2025-12-14T01:13:52.000,Noise - Commercial,40.71968686975031,-73.99012983262756
67161895,2025-12-14T01:05:46.000,Noise - Commercial,40.71991741956644,-73.99001435753044
67167853,2025-12-14T00:53:40.000,Noise - Street/Sidewalk,40.71986801608933,-73.99003961762237
67170224,2025-12-14T00:52:28.000,Noise - Commercial,40.72016177866853,-73.99092702930629
67165048,2025-12-14T00:46:56.000,Noise - Street/Sidewalk,40.72016177866853,-73.99092702930629
67165609,2025-12-14T00:44:20.000,Noise - Street/Sidewalk,40.72449605483555,-73.99645355458144
67161896,2025-12-14T00:43:48.000,Noise - Commercial,40.72016177866853,-73.99092702930629
67163684,2025-12-14T00:38:13.000,Noise - Street/Sidewalk,40.72900299227605,-74.00131692789901
67168368,2025-12-14T00:28:08.000,Noise - Vehicle,40.71956621130091,-73.99152234966351
67161899,2025-12-14T00:15:54.000,Noise - Commercial,40.72707618085859,-74.00018400378333
67171969,2025-12-13T23:28:33.000,Noise - Street/Sidewalk,40.72904964536987,-73.99812382743302
67168845,2025-12-13T23:27:07.000,Noise - Commercial,40.7241169184207,-74.00976980628137
67171589,2025-12-13T22:56:07.000,Noise - Commercial,40.72707618085859,-74.00018400378333
67163685,2025-12-13T22:27:59.000,Noise - Street/Sidewalk,40.71807035293164,-73.992020365249
67170580,2025-12-13T15:55:50.000,Noise - Street/Sidewalk,40.71982727485553,-74.00040043526465
67171598,2025-12-13T13:23:39.000,Noise - Commercial,40.71825174852023,-74.00284266242757
67165053,2025-12-13T12:09:09.000,Noise - Street/Sidewalk,40.71976135234295,-74.00335860236693
67170240,2025-12-13T09:22:33.000,Noise - Commercial,40.72638985199151,-73.99432480450004
67171594,2025-12-13T09:11:54.000,Noise - Commercial,40.72682627790965,-73.9945232020424
67163696,2025-12-13T09:05:40.000,Noise - Street/Sidewalk,40.72706510922448,-73.99537825867849
67167868,2025-12-13T08:35:10.000,Noise - Street/Sidewalk,40.7267356923975,-73.99434642244128
67166043,2025-12-13T06:03:21.000,Noise - Commercial,40.7288245809915,-74.00149371696034
67166044,2025-12-13T05:54:33.000,Noise - Commercial,40.7288245809915,-74.00149371696034
67167480,2025-12-13T05:34:05.000,Noise - Commercial,40.72401296921459,-73.99619382218174
67171982,2025-12-13T04:43:48.000,Noise - Street/Sidewalk,40.72401296921459,-73.99619382218174
67170235,2025-12-13T03:00:16.000,Noise - Commercial,40.72380707815423,-74.00472974758733
67161909,2025-12-13T02:26:30.000,Noise - Commercial,40.71648964762977,-73.99995310452468
67160371,2025-12-13T01:21:06.000,Noise - Commercial,40.72195153081309,-73.99341966482956
67150966,2025-12-13T00:48:32.000,Noise - Commercial,40.72195153081309,-73.99341966482956
67158200,2025-12-13T00:29:58.000,Noise - Commercial,40.72675228018975,-74.00212144507339
67149337,2025-12-13T00:05:55.000,Noise - Commercial,40.72642249491312,-73.9900025591503
67157648,2025-12-12T23:51:14.000,Noise - Street/Sidewalk,40.71807035293164,-73.992020365249
67149331,2025-12-12T23:38:40.000,Noise - Commercial,40.72707618085859,-74.00018400378333
67149706,2025-12-12T23:18:04.000,Noise - Street/Sidewalk,40.71967899647982,-73.99621932230787
67160381,2025-12-12T23:09:58.000,Noise - Commercial,40.71965147022583,-73.9943073407094
67150361,2025-12-12T22:37:22.000,Noise - Street/Sidewalk,40.72455098836295,-74.00193377040783
67152406,2025-12-12T17:39:55.000,Noise - Vehicle,40.72009881075196,-73.99328276124974
67156047,2025-12-12T14:41:29.000,Noise - Street/Sidewalk,40.716484140395096,-73.99797988738347
67151328,2025-12-12T10:41:36.000,Noise - Street/Sidewalk,40.71943474452872,-74.00264790768674
67144063,2025-12-12T01:43:53.000,Noise - Commercial,40.72141089175726,-73.99497459839357
67141047,2025-12-12T01:39:29.000,Noise - Commercial,40.72852791716964,-73.99256752839773
67141100,2025-12-12T01:28:30.000,Noise - Vehicle,40.71970073657381,-73.9919696647929
67143075,2025-12-12T00:45:05.000,Noise - Vehicle,40.71970073657381,-73.9919696647929
67145555,2025-12-12T00:33:00.000,Noise - Commercial,40.72843734692945,-73.99267217023915
67147748,2025-12-12T00:06:20.000,Noise - Commercial,40.71648964762977,-73.99995310452468
67147752,2025-12-11T23:15:13.000,Noise - Commercial,40.72604661287483,-73.99190756646406
67138648,2025-12-11T23:02:10.000,Noise - Commercial,40.72160310374767,-73.99733757567812
67138646,2025-12-11T22:51:25.000,Noise - Commercial,40.72156185737967,-74.00493522251979
67140168,2025-12-11T17:05:45.000,Noise - Commercial,40.72533283110231,-73.99005683996256
67137150,2025-12-11T16:42:56.000,Noise - Commercial,40.7185204568837,-73.99150805286503
67131664,2025-12-11T00:55:49.000,Noise - Vehicle,40.72343910244841,-74.00796223897636
67128315,2025-12-11T00:19:02.000,Noise - Commercial,40.71631908276552,-74.00947286179263
67133865,2025-12-10T23:31:51.000,Noise - Commercial,40.72832504382953,-73.99945880225974
67133864,2025-12-10T23:13:21.000,Noise - Commercial,40.72063144477658,-73.99677483381788
67129936,2025-12-10T23:02:16.000,Noise - Commercial,40.72531399416446,-74.00349237161738
67132304,2025-12-10T22:42:53.000,Noise - Commercial,40.72111716702185,-73.9942170256473
67135479,2025-12-10T20:11:05.000,Noise - Commercial,40.72678792827488,-74.00350327256554
67125791,2025-12-10T17:16:43.000,Noise - Commercial,40.71843531414493,-73.99079018124641
67130965,2025-12-10T13:34:56.000,Noise - Street/Sidewalk,40.71943474452872,-74.00264790768674
67109530,2025-12-09T22:50:51.000,Noise - Commercial,40.71750511296686,-73.9952995588186
67115050,2025-12-09T20:57:16.000,Noise - Commercial,40.7201648413282,-73.99698048635884
67113137,2025-12-09T20:56:41.000,Noise - Commercial,40.71715643964392,-73.99347785633043
67111572,2025-12-09T16:14:17.000,Noise - Street/Sidewalk,40.71812816054085,-73.99499288307798
67115330,2025-12-09T15:56:47.000,Noise - Street/Sidewalk,40.71812816054085,-73.99499288307798
67113438,2025-12-09T15:15:44.000,Noise - Street/Sidewalk,40.71812816054085,-73.99499288307798
67122671,2025-12-09T13:21:14.000,Noise - Street/Sidewalk,40.71918772833643,-74.00205266197493
67102897,2025-12-09T00:00:56.000,Noise - Commercial,40.72531399416446,-74.00349237161738
67101053,2025-12-08T17:35:47.000,Noise - Vehicle,40.72086169190767,-73.99092332644241
67101033,2025-12-08T15:13:37.000,Noise - Commercial,40.72561317560062,-73.99660502433315
67093756,2025-12-08T00:26:01.000,Noise - Street/Sidewalk,40.7185204568837,-73.99150805286503
67085776,2025-12-08T00:12:09.000,Noise - Commercial,40.71648964762977,-73.99995310452468
67093772,2025-12-07T22:53:47.000,Noise - Street/Sidewalk,40.72649426865184,-74.00234873366634
67091305,2025-12-07T21:26:59.000,Noise - Street/Sidewalk,40.71643199044989,-73.99800874769315
67086075,2025-12-07T19:57:13.000,Noise - Street/Sidewalk,40.72771021739767,-73.99926758581557
67087427,2025-12-07T18:43:12.000,Noise - Street/Sidewalk,40.726744064579805,-73.99954901258255
67090869,2025-12-07T18:12:03.000,Noise - Vehicle,40.72455892646106,-73.99151810675924
67095109,2025-12-07T14:27:48.000,Noise - Street/Sidewalk,40.7284786136985,-73.99436792253336
67088749,2025-12-07T14:17:25.000,Noise - Street/Sidewalk,40.7202938249859,-74.00370495401587
67093783,2025-12-07T11:16:06.000,Noise - Street/Sidewalk,40.71653629026845,-73.99794741968182
67088401,2025-12-07T08:39:06.000,Noise - Commercial,40.7185204568837,-73.99150805286503
67092577,2025-12-07T06:43:30.000,Noise - Vehicle,40.71600878743592,-74.01101674990511
67075163,2025-12-07T02:16:35.000,Noise - Street/Sidewalk,40.71955003644191,-73.99794011184672
67080000,2025-12-07T01:14:31.000,Noise - Commercial,40.720527147890095,-73.99691914137668
67081425,2025-12-07T01:03:27.000,Noise - Commercial,40.7264777669756,-74.00362592434801
67074214,2025-12-07T00:45:02.000,Noise - Commercial,40.72185546509267,-73.99343410485353
67075653,2025-12-07T00:44:48.000,Noise - Commercial,40.72641463677292,-74.00365117608368
67079993,2025-12-07T00:20:57.000,Noise - Commercial,40.72912371532382,-74.00351782747389
67076607,2025-12-06T23:50:44.000,Noise - Commercial,40.71840271275526,-74.00274166032793
67079497,2025-12-06T23:31:01.000,Noise - Commercial,40.71840271275526,-74.00274166032793
67077152,2025-12-06T23:26:41.000,Noise - Commercial,40.71807035293164,-73.992020365249
67075668,2025-12-06T23:12:34.000,Noise - Commercial,40.71943992579835,-73.99116883033915
67075116,2025-12-06T23:06:13.000,Noise - Commercial,40.71840271275526,-74.00274166032793
67074212,2025-12-06T22:56:53.000,Noise - Commercial,40.72111716702185,-73.9942170256473
67078628,2025-12-06T22:06:02.000,Noise - Commercial,40.71768360480758,-73.99823597705887
67075646,2025-12-06T12:15:26.000,Noise - Commercial,40.71757069164552,-73.9905053159014
67081432,2025-12-06T10:24:31.000,Noise - Commercial,40.7185204568837,-73.99150805286503
67077607,2025-12-06T10:17:58.000,Noise - Street/Sidewalk,40.71757069164552,-73.9905053159014
67079050,2025-12-06T10:15:42.000,Noise - Street/Sidewalk,40.71757069164552,-73.9905053159014
67075647,2025-12-06T09:58:34.000,Noise - Commercial,40.71757069164552,-73.9905053159014
67084303,2025-12-06T06:11:38.000,Noise - Commercial,40.7288245809915,-74.00149371696034
67075644,2025-12-06T06:07:00.000,Noise - Commercial,40.7288245809915,-74.00149371696034
67074207,2025-12-06T05:08:59.000,Noise - Commercial,40.72401296921459,-73.99619382218174
67081878,2025-12-06T03:53:21.000,Noise - Street/Sidewalk,40.72401296921459,-73.99619382218174
67060986,2025-12-06T01:48:14.000,Noise - Commercial,40.71878414436076,-73.99468619897759
67059886,2025-12-06T01:24:07.000,Noise - Commercial,40.72250863023186,-73.99204869519959
67069965,2025-12-06T01:23:00.000,Noise - Commercial,40.71878414436076,-73.99468619897759
67063757,2025-12-06T00:33:03.000,Noise - Street/Sidewalk,40.72063144477658,-73.99677483381788
67072248,2025-12-06T00:16:12.000,Noise - Commercial,40.72671109521736,-74.00276364952728
67072707,2025-12-06T00:06:39.000,Noise - Street/Sidewalk,40.71867958494551,-73.9906314191286
67059893,2025-12-05T23:47:43.000,Noise - Commercial,40.72965899371875,-74.00078655646078
67063485,2025-12-05T23:40:14.000,Noise - Commercial,40.71807035293164,-73.992020365249
67072425,2025-12-05T23:35:46.000,Noise - Commercial,40.72965899371875,-74.00078655646078
67068781,2025-12-05T23:35:22.000,Noise - Commercial,40.72707618085859,-74.00018400378333
67070665,2025-12-05T23:29:55.000,Noise - Commercial,40.72124893316328,-73.99458138200244
67061771,2025-12-05T23:08:30.000,Noise - Commercial,40.72965899371875,-74.00078655646078
67067017,2025-12-05T22:58:44.000,Noise - Commercial,40.72593129647852,-74.00859751928232
67059897,2025-12-05T22:51:39.000,Noise - Commercial,40.72965899371875,-74.00078655646078
67072439,2025-12-05T22:47:36.000,Noise - Commercial,40.716662143551886,-73.99011945849098
67065233,2025-12-05T22:17:21.000,Noise - Commercial,40.71605290789855,-73.99137850370803
67065487,2025-12-05T21:51:20.000,Noise - Street/Sidewalk,40.71807035293164,-73.992020365249
67061767,2025-12-05T21:48:18.000,Noise - Commercial,40.71807035293164,-73.992020365249
67069065,2025-12-05T12:15:04.000,Noise - Street/Sidewalk,40.71946219077994,-74.00270562885954
67065493,2025-12-05T10:34:23.000,Noise - Street/Sidewalk,40.7201703703943,-74.00010461876086
67072412,2025-12-05T07:46:21.000,Noise - Commercial,40.72057655564696,-73.996998505533
67065085,2025-12-05T06:47:55.000,Noise - Vehicle,40.72141905783425,-73.9936000979575
67061550,2025-12-05T03:11:10.000,Noise - Vehicle,40.722047496202826,-73.99183950680036
67048064,2025-12-05T01:01:55.000,Noise - Commercial,40.72707618085859,-74.00018400378333
67056572,2025-12-05T00:39:16.000,Noise - Commercial,40.72171284280231,-74.0043471905032
67046446,2025-12-05T00:37:10.000,Noise - Commercial,40.72171284280231,-74.0043471905032
67049712,2025-12-05T00:19:06.000,Noise - Commercial,40.72228652364041,-74.00358240442132
67056910,2025-12-04T21:45:26.000,Noise - Street/Sidewalk,40.716159785887584,-74.01062718360902
67050087,2025-12-04T08:12:52.000,Noise - Street/Sidewalk,40.72056559762908,-74.00204188171735
67053501,2025-12-04T05:24:23.000,Noise - Vehicle,40.72048050880021,-74.00211403031578
67041438,2025-12-03T19:53:30.000,Noise - Commercial,40.72685105844188,-74.00347802054831
67038134,2025-12-03T19:40:10.000,Noise - Commercial,40.71886653799078,-73.99593437803522
67044776,2025-12-03T16:41:14.000,Noise - Commercial,40.72678792827488,-74.00350327256554
67033049,2025-12-03T14:42:39.000,Noise - Vehicle,40.72055730748968,-73.99587294629907
67034983,2025-12-03T13:09:26.000,Noise - Street/Sidewalk,40.71943474452872,-74.00264790768674
67021824,2025-12-02T21:56:13.000,Noise - Commercial,40.72063144477658,-73.99677483381788
67023463,2025-12-02T21:42:13.000,Noise - Commercial,40.7205407901068,-73.99468245135577
67022054,2025-12-02T09:00:58.000,Noise - Street/Sidewalk,40.72653816902013,-73.99697658969411
67023708,2025-12-02T08:11:44.000,Noise - Street/Sidewalk,40.727152998281696,-73.99712448658059
67023722,2025-12-02T08:04:42.000,Noise - Street/Sidewalk,40.7284786136985,-73.99436792253336
67007370,2025-12-01T13:55:29.000,Noise - Street/Sidewalk,40.72827563770185,-73.9993577791577
67013850,2025-12-01T12:33:38.000,Noise - Street/Sidewalk,40.72519601975916,-73.99919545713658
67010272,2025-12-01T12:04:17.000,Noise - Commercial,40.725272872488034,-73.9991305154543
66997155,2025-12-01T00:12:59.000,Noise - Vehicle,40.72368635200795,-73.99647524407254
67006090,2025-11-30T06:14:26.000,Noise - Street/Sidewalk,40.716478444788585,-73.9928213861294
67000849,2025-11-30T03:15:29.000,Noise - Commercial,40.728522667450505,-73.99986289616588
66987587,2025-11-30T01:48:55.000,Noise - Commercial,40.72707618085859,-74.00018400378333
66992084,2025-11-30T01:14:01.000,Noise - Commercial,40.72747391687811,-73.992354777559
66993394,2025-11-29T22:15:36.000,Noise - Commercial,40.72994718864504,-74.00127725775836
66986785,2025-11-29T22:10:49.000,Noise - Commercial,40.72965899371875,-74.00078655646078
66990771,2025-11-29T20:59:46.000,Noise - Commercial,40.717872604455565,-73.99037540580335
66993396,2025-11-29T17:17:11.000,Noise - Commercial,40.71742011026874,-73.99840192418509
66991051,2025-11-29T16:27:09.000,Noise - Street/Sidewalk,40.72512463320549,-74.00243166506345
66988142,2025-11-29T16:09:20.000,Noise - Commercial,40.71742011026874,-73.99840192418509
66989764,2025-11-29T15:09:31.000,Noise - Street/Sidewalk,40.72511090972328,-74.00241723331902
66990778,2025-11-29T14:13:34.000,Noise - Commercial,40.71742011026874,-73.99840192418509
66992382,2025-11-29T12:52:46.000,Noise - Street/Sidewalk,40.729466818135606,-74.00323280989252
66993667,2025-11-29T11:27:11.000,Noise - Street/Sidewalk,40.71946219077994,-74.00270562885954
66993681,2025-11-29T09:10:01.000,Noise - Vehicle,40.7235903283455,-74.00159822377246
66994683,2025-11-29T06:30:28.000,Noise - Commercial,40.7288245809915,-74.00149371696034
66994684,2025-11-29T06:17:33.000,Noise - Commercial,40.7288245809915,-74.00149371696034
66986797,2025-11-29T02:45:09.000,Noise - Commercial,40.72483056992003,-73.99040326329434
66992078,2025-11-29T02:17:57.000,Noise - Commercial,40.72042832901015,-74.00335142086354
66979974,2025-11-29T01:07:41.000,Noise - Commercial,40.72055732795014,-74.00351016018516
66978578,2025-11-28T23:33:23.000,Noise - Commercial,40.72994718864504,-74.00127725775836
66978588,2025-11-28T23:15:43.000,Noise - Commercial,40.72994718864504,-74.00127725775836
66979973,2025-11-28T23:08:25.000,Noise - Commercial,40.72994718864504,-74.00127725775836
66982704,2025-11-28T23:05:20.000,Noise - Commercial,40.72994718864504,-74.00127725775836
66977592,2025-11-28T16:28:15.000,Noise - Vehicle,40.72225364108508,-73.99947688984427
66978958,2025-11-28T15:04:28.000,Noise - Street/Sidewalk,40.72511090972328,-74.00241723331902
66978962,2025-11-28T12:50:49.000,Noise - Street/Sidewalk,40.71943474452872,-74.00264790768674
66970634,2025-11-27T23:15:14.000,Noise - Commercial,40.71648964762977,-73.99995310452468
66968607,2025-11-27T20:59:07.000,Noise - Commercial,40.71648964762977,-73.99995310452468
66970632,2025-11-27T18:29:46.000,Noise - Commercial,40.7260578665428,-74.0014972628087
66974095,2025-11-27T11:28:21.000,Noise - Street/Sidewalk,40.71943474452872,-74.00264790768674
66972670,2025-11-27T06:43:30.000,Noise - Commercial,40.72877791962051,-74.00153340401842
66966243,2025-11-27T01:00:51.000,Noise - Commercial,40.72811369512217,-73.99906914283899
66964023,2025-11-26T23:51:13.000,Noise - Street/Sidewalk,40.71923989705795,-73.99996392506887
66961069,2025-11-26T23:15:06.000,Noise - Commercial,40.71648964762977,-73.99995310452468
66959597,2025-11-26T17:59:15.000,Noise - Vehicle,40.72179252277204,-73.9998520871173
66956950,2025-11-26T17:40:07.000,Noise - Vehicle,40.72202582685381,-73.99966809675988
66964012,2025-11-26T17:22:51.000,Noise - Street/Sidewalk,40.725478690847616,-73.99690087331288
66963539,2025-11-26T16:42:40.000,Noise - Vehicle,40.72202582685381,-73.99966809675988
66966249,2025-11-26T16:42:23.000,Noise - Vehicle,40.72202582685381,-73.99966809675988
66961068,2025-11-26T16:11:33.000,Noise - Commercial,40.72147128295989,-73.9951261136237
66959594,2025-11-26T14:58:31.000,Noise - Vehicle,40.72337619975635,-74.0033443536729
66962683,2025-11-26T14:30:11.000,Noise - Street/Sidewalk,40.72898368607505,-74.00480949145653
66958720,2025-11-26T13:34:19.000,Noise - Street/Sidewalk,40.71943474452872,-74.00264790768674
66966703,2025-11-26T13:18:49.000,Noise - Street/Sidewalk,40.72900290191096,-74.00474815647549
66961391,2025-11-26T13:13:10.000,Noise - Street/Sidewalk,40.72893427636095,-74.00490690437448
66962404,2025-11-26T13:07:11.000,Noise - Commercial,40.72147128295989,-73.9951261136237
66958719,2025-11-26T12:57:56.000,Noise - Street/Sidewalk,40.72897819806485,-74.0047734108574
66965035,2025-11-26T12:19:17.000,Noise - Commercial,40.72147128295989,-73.9951261136237
66964008,2025-11-26T12:12:07.000,Noise - Street/Sidewalk,40.72903032786067,-74.00524606562118
66962249,2025-11-26T08:05:12.000,Noise - Commercial,40.72141905783425,-73.9936000979575
66961062,2025-11-26T02:16:13.000,Noise - Commercial,40.723570732496086,-74.00952079301001
66954509,2025-11-25T21:05:01.000,Noise - Vehicle,40.72337619975635,-74.0033443536729
66950678,2025-11-25T20:03:13.000,Noise - Vehicle,40.72202582685381,-73.99966809675988
66946939,2025-11-25T17:03:06.000,Noise - Vehicle,40.72130394888232,-73.99873373070172
66944967,2025-11-25T01:36:18.000,Noise - Commercial,40.72678792827488,-74.00350327256554
66938537,2025-11-25T00:34:27.000,Noise - Commercial,40.72678792827488,-74.00350327256554
66940707,2025-11-24T23:26:07.000,Noise - Commercial,40.72678792827488,-74.00350327256554
66940060,2025-11-24T13:55:18.000,Noise - Street/Sidewalk,40.71943474452872,-74.00264790768674
66938627,2025-11-24T02:40:57.000,Noise - Street/Sidewalk,40.72954645822612,-74.00085871615379
66928036,2025-11-24T00:59:44.000,Noise - Street/Sidewalk,40.71886658286773,-73.99751084369392
66926920,2025-11-23T23:26:59.000,Noise - Street/Sidewalk,40.71629163664359,-74.00945482122404
66934712,2025-11-23T23:15:39.000,Noise - Street/Sidewalk,40.72651308617444,-73.99016850835531
66928076,2025-11-23T23:07:47.000,Noise - Street/Sidewalk,40.71803750903021,-73.99350302210763
66931389,2025-11-23T22:57:50.000,Noise - Street/Sidewalk,40.71643452136627,-73.99270595593904
66932530,2025-11-23T22:52:19.000,Noise - Street/Sidewalk,40.729702910209525,-74.000725219967
66932531,2025-11-23T22:46:25.000,Noise - Street/Sidewalk,40.72954645822612,-74.00085871615379
66926919,2025-11-23T22:27:37.000,Noise - Street/Sidewalk,40.72954645822612,-74.00085871615379
66932524,2025-11-23T21:54:47.000,Noise - Street/Sidewalk,40.72960684303375,-74.00083346055158
66931363,2025-11-23T20:51:33.000,Noise - Street/Sidewalk,40.729702910209525,-74.000725219967
66926940,2025-11-23T20:36:27.000,Noise - Street/Sidewalk,40.72939824022615,-74.00100664400853
66931375,2025-11-23T18:20:47.000,Noise - Street/Sidewalk,40.7214739159611,-73.99296515261688
66926586,2025-11-23T18:01:08.000,Noise - Vehicle,40.72291774944184,-73.99464979246923
66934714,2025-11-23T16:46:10.000,Noise - Street/Sidewalk,40.72291774944184,-73.99464979246923
66929129,2025-11-23T16:43:39.000,Noise - Street/Sidewalk,40.72856109409892,-73.99993866403884
66926923,2025-11-23T14:28:06.000,Noise - Street/Sidewalk,40.71862497290328,-73.99524897540238
66926948,2025-11-23T12:20:00.000,Noise - Street/Sidewalk,40.71844937460827,-74.0027019802938
66929135,2025-11-23T12:00:38.000,Noise - Street/Sidewalk,40.71943474452872,-74.00264790768674
66932311,2025-11-23T03:49:10.000,Noise - Commercial,40.72243472904219,-73.99606403633898
66926694,2025-11-23T02:58:37.000,Noise - Commercial,40.72745205555751,-73.99398556789896
66924371,2025-11-23T00:58:50.000,Noise - Vehicle,40.71893483664406,-73.99049790661368
66925599,2025-11-23T00:21:41.000,Noise - Commercial,40.717872604455565,-73.99037540580335
66923416,2025-11-22T23:59:13.000,Noise - Commercial,40.71965147022583,-73.9943073407094
66924487,2025-11-22T23:33:12.000,Noise - Commercial,40.727350654273856,-74.00073962609699
66922281,2025-11-22T23:31:43.000,Noise - Commercial,40.71965147022583,-73.9943073407094
66918954,2025-11-22T23:12:13.000,Noise - Commercial,40.727350654273856,-74.00073962609699
66925600,2025-11-22T20:06:52.000,Noise - Commercial,40.717872604455565,-73.99037540580335
66918947,2025-11-22T19:38:30.000,Noise - Commercial,40.72063144477658,-73.99677483381788
66921048,2025-11-22T14:23:49.000,Noise - Vehicle,40.721822528608165,-73.99344493099719
66917830,2025-11-22T13:03:51.000,Noise - Commercial,40.7185204568837,-73.99150805286503
66925603,2025-11-22T12:24:03.000,Noise - Commercial,40.72265430670373,-73.99597743910044
66923402,2025-11-22T06:01:24.000,Noise - Commercial,40.72887124234849,-74.00145402984666
66921144,2025-11-22T05:56:12.000,Noise - Commercial,40.7288245809915,-74.00149371696034
66924472,2025-11-22T05:47:09.000,Noise - Commercial,40.7288245809915,-74.00149371696034
66909392,2025-11-22T01:38:19.000,Noise - Commercial,40.71872911078678,-73.99224755670346
66912354,2025-11-22T00:20:54.000,Noise - Street/Sidewalk,40.72856109409892,-73.99993866403884
66909531,2025-11-22T00:20:53.000,Noise - Street/Sidewalk,40.72856109409892,-73.99993866403884
66913848,2025-11-21T23:48:05.000,Noise - Street/Sidewalk,40.72649426865184,-74.00234873366634
66908164,2025-11-21T22:02:53.000,Noise - Street/Sidewalk,40.72902220978672,-74.00087314148894
66910604,2025-11-21T21:51:55.000,Noise - Commercial,40.72671109521736,-74.00276364952728
66916456,2025-11-21T21:22:11.000,Noise - Commercial,40.7241169184207,-74.00976980628137
66909543,2025-11-21T20:55:57.000,Noise - Street/Sidewalk,40.721976009645886,-73.99025936869197
66908041,2025-11-21T20:25:11.000,Noise - Commercial,40.72063144477658,-73.99677483381788
66916563,2025-11-21T17:25:42.000,Noise - Street/Sidewalk,40.72268436441008,-73.99313097810565
66913822,2025-11-21T12:52:08.000,Noise - Street/Sidewalk,40.72149059939244,-74.0000937979885
66905932,2025-11-21T02:01:46.000,Noise - Street/Sidewalk,40.71856156758572,-73.99072162212829
66900796,2025-11-21T01:34:16.000,Noise - Commercial,40.72641463677292,-74.00365117608368
66905150,2025-11-21T01:24:02.000,Noise - Commercial,40.72641463677292,-74.00365117608368
66899239,2025-11-20T23:48:11.000,Noise - Commercial,40.72707618085859,-74.00018400378333
66903685,2025-11-20T23:00:31.000,Noise - Commercial,40.71648964762977,-73.99995310452468
66900800,2025-11-20T22:53:25.000,Noise - Commercial,40.71648964762977,-73.99995310452468
66898087,2025-11-20T22:47:37.000,Noise - Street/Sidewalk,40.72827563770185,-73.9993577791577
66899356,2025-11-20T21:33:29.000,Noise - Commercial,40.717872604455565,-73.99037540580335
66896615,2025-11-20T21:22:04.000,Noise - Street/Sidewalk,40.72187483871087,-73.99751073133824
66896418,2025-11-20T20:45:55.000,Noise - Commercial,40.72596454753991,-74.00126996571237
66898098,2025-11-20T15:48:16.000,Noise - Street/Sidewalk,40.71699165747449,-74.0080480456633
66899256,2025-11-20T06:21:07.000,Noise - Vehicle,40.71945945437206,-73.99767676678144
66893775,2025-11-19T23:42:53.000,Noise - Street/Sidewalk,40.72343925678026,-73.99472190501115
66886852,2025-11-19T22:23:33.000,Noise - Commercial,40.72063144477658,-73.99677483381788
66884137,2025-11-19T08:00:24.000,Noise - Commercial,40.722047496202826,-73.99183950680036
66872705,2025-11-19T00:26:44.000,Noise - Commercial,40.71710415703343,-73.9914577300306
66879958,2025-11-18T23:36:04.000,Noise - Street/Sidewalk,40.71689830614413,-73.99154072584042
66882743,2025-11-18T23:15:17.000,Noise - Commercial,40.71965147022583,-73.9943073407094
66872821,2025-11-18T22:55:14.000,Noise - Street/Sidewalk,40.72775962255356,-73.99919903414046
66878496,2025-11-18T22:43:54.000,Noise - Street/Sidewalk,40.72775962255356,-73.99919903414046
66879939,2025-11-18T22:25:45.000,Noise - Street/Sidewalk,40.72775962255356,-73.99919903414046
66874223,2025-11-18T22:22:05.000,Noise - Street/Sidewalk,40.72775962255356,-73.99919903414046
66875626,2025-11-18T22:21:06.000,Noise - Street/Sidewalk,40.72775962255356,-73.99919903414046
66877086,2025-11-18T21:43:50.000,Noise - Street/Sidewalk,40.716159785887584,-74.01062718360902
66872832,2025-11-18T20:39:07.000,Noise - Street/Sidewalk,40.725399113978696,-74.00217912722192
66878511,2025-11-18T20:12:44.000,Noise - Street/Sidewalk,40.725399113978696,-74.00217912722192
66875630,2025-11-18T12:24:48.000,Noise - Street/Sidewalk,40.71943474452872,-74.00264790768674
66868249,2025-11-17T21:24:02.000,Noise - Street/Sidewalk,40.72056559762908,-74.00204188171735
66860501,2025-11-17T21:22:37.000,Noise - Street/Sidewalk,40.72056559762908,-74.00204188171735
66868150,2025-11-17T19:44:51.000,Noise - Commercial,40.72260770644309,-74.00148996994562
66861991,2025-11-17T15:56:38.000,Noise - Commercial,40.72678792827488,-74.00350327256554
66865123,2025-11-17T03:35:07.000,Noise - Commercial,40.72230847272815,-73.99613980463909
66860270,2025-11-17T03:20:12.000,Noise - Vehicle,40.72775955290622,-74.00408420428997
66854817,2025-11-16T23:54:28.000,Noise - Commercial,40.72228652364041,-74.00358240442132
66854832,2025-11-16T22:25:40.000,Noise - Commercial,40.71631908276552,-74.00947286179263
66858126,2025-11-16T17:17:10.000,Noise - Commercial,40.72358205426075,-73.9965762659773
66851616,2025-11-16T16:32:44.000,Noise - Commercial,40.72135884748572,-73.9990980980475
66859229,2025-11-16T13:27:28.000,Noise - Commercial,40.72765532411292,-74.00033553922681
66859413,2025-11-16T12:56:24.000,Noise - Street/Sidewalk,40.72765532411292,-74.00033553922681
66858144,2025-11-16T12:55:23.000,Noise - Commercial,40.72765532411292,-74.00033553922681
66854977,2025-11-16T12:54:19.000,Noise - Street/Sidewalk,40.72765532411292,-74.00033553922681
66853929,2025-11-16T12:06:20.000,Noise - Street/Sidewalk,40.71943474452872,-74.00264790768674
66851614,2025-11-16T10:10:20.000,Noise - Commercial,40.7185204568837,-73.99150805286503
66857169,2025-11-16T08:19:08.000,Noise - Street/Sidewalk,40.716014706345376,-74.00474362389673
66858129,2025-11-16T02:53:14.000,Noise - Commercial,40.72195153081309,-73.99341966482956
66852905,2025-11-16T02:40:30.000,Noise - Street/Sidewalk,40.72939000611557,-74.00098860367115
66851801,2025-11-16T02:35:33.000,Noise - Street/Sidewalk,40.72959860892181,-74.00081181212525
66855899,2025-11-16T02:27:36.000,Noise - Commercial,40.71648964762977,-73.99995310452468
66845900,2025-11-16T02:01:13.000,Noise - Street/Sidewalk,40.72954645822612,-74.00085871615379
66849467,2025-11-16T02:01:01.000,Noise - Street/Sidewalk,40.72949430753926,-74.00090201206066
66848672,2025-11-16T01:51:24.000,Noise - Commercial,40.71751305406181,-73.99053418330956
66842455,2025-11-16T01:50:57.000,Noise - Street/Sidewalk,40.72955469235684,-74.00087675651746
66848260,2025-11-16T01:41:00.000,Noise - Street/Sidewalk,40.72949430753926,-74.00090201206066
66850664,2025-11-16T01:38:41.000,Noise - Street/Sidewalk,40.722412828282,-74.00151521924282
66844037,2025-11-16T01:24:16.000,Noise - Street/Sidewalk,40.72183916628816,-74.00200584439865
66847107,2025-11-16T01:23:40.000,Noise - Street/Sidewalk,40.72954645822612,-74.00085871615379
66849481,2025-11-16T01:22:17.000,Noise - Street/Sidewalk,40.72954645822612,-74.00085871615379
66848250,2025-11-16T01:19:11.000,Noise - Street/Sidewalk,40.729702910209525,-74.000725219967
66848245,2025-11-16T00:52:42.000,Noise - Street/Sidewalk,40.72955469235684,-74.00087675651746
66843395,2025-11-16T00:47:56.000,Noise - Commercial,40.71807035293164,-73.992020365249
66843606,2025-11-16T00:38:41.000,Noise - Street/Sidewalk,40.72949430753926,-74.00090201206066
66845916,2025-11-16T00:36:54.000,Noise - Street/Sidewalk,40.72950254166327,-74.00092005241557
66843593,2025-11-16T00:35:24.000,Noise - Street/Sidewalk,40.72976603974209,-74.00069996421334
66848048,2025-11-16T00:33:22.000,Noise - Commercial,40.71942377132165,-73.99761904797622
66846898,2025-11-16T00:22:53.000,Noise - Commercial,40.718888562100894,-74.00115078423683
66843406,2025-11-15T23:30:07.000,Noise - Commercial,40.71936870099545,-73.99321789983325
66845898,2025-11-15T23:26:19.000,Noise - Street/Sidewalk,40.72905514631551,-74.00094169438533
66843390,2025-11-15T23:24:48.000,Noise - Commercial,40.72965899371875,-74.00078655646078
66848233,2025-11-15T23:08:53.000,Noise - Street/Sidewalk,40.71807035293164,-73.992020365249
66848230,2025-11-15T23:04:59.000,Noise - Street/Sidewalk,40.729702910209525,-74.000725219967
66851076,2025-11-15T22:57:22.000,Noise - Commercial,40.72153158707248,-74.00650453374644
66842252,2025-11-15T22:19:26.000,Noise - Commercial,40.72063144477658,-73.99677483381788
66848234,2025-11-15T22:01:00.000,Noise - Street/Sidewalk,40.72063144477658,-73.99677483381788
66845729,2025-11-15T21:43:12.000,Noise - Commercial,40.71942377132165,-73.99761904797622
66844789,2025-11-15T19:55:08.000,Noise - Street/Sidewalk,40.72032677980751,-73.99689389777535
66842462,2025-11-15T19:37:18.000,Noise - Street/Sidewalk,40.71728802331034,-73.99102842735459
66848268,2025-11-15T19:29:27.000,Noise - Street/Sidewalk,40.7201648413282,-73.99698048635884
66849280,2025-11-15T17:48:58.000,Noise - Commercial,40.71843531414493,-73.99079018124641
66844788,2025-11-15T17:21:45.000,Noise - Street/Sidewalk,40.72460315459392,-73.99969694619143
66843400,2025-11-15T14:03:25.000,Noise - Commercial,40.71776572011903,-73.99255069148147
66845722,2025-11-15T06:05:42.000,Noise - Commercial,40.7288245809915,-74.00149371696034
66845909,2025-11-15T04:59:53.000,Noise - Street/Sidewalk,40.7275782810922,-73.99337942182848
66847906,2025-11-15T04:50:29.000,Noise - Commercial,40.72401296921459,-73.99619382218174
66844567,2025-11-15T03:05:02.000,Noise - Commercial,40.71911350806538,-73.99452744332153
66833485,2025-11-15T01:18:26.000,Noise - Street/Sidewalk,40.71872911078678,-73.99224755670346
66832755,2025-11-15T00:53:09.000,Noise - Commercial,40.72718317199946,-73.9964570195023
66840822,2025-11-14T23:22:59.000,Noise - Vehicle,40.727819890310215,-73.9947504217104
66836943,2025-11-14T23:02:51.000,Noise - Street/Sidewalk,40.71807035293164,-73.992020365249
66831324,2025-11-14T23:02:32.000,Noise - Commercial,40.72740251523828,-74.00819722830495
66836100,2025-11-14T22:55:46.000,Noise - Commercial,40.72457019052315,-73.99748898397068
66832760,2025-11-14T22:46:17.000,Noise - Commercial,40.721976009645886,-73.99025936869197
66840992,2025-11-14T22:41:23.000,Noise - Commercial,40.72194306272071,-73.99014392904473
66839711,2025-11-14T22:34:29.000,Noise - Street/Sidewalk,40.72204464790691,-73.9904902479372
66840973,2025-11-14T21:45:34.000,Noise - Commercial,40.717872604455565,-73.99037540580335
66840983,2025-11-14T02:55:56.000,Noise - Commercial,40.71757069164552,-73.9905053159014
66831468,2025-11-14T02:38:03.000,Noise - Street/Sidewalk,40.72287108089673,-73.9944874501803
66839592,2025-11-14T02:30:10.000,Noise - Commercial,40.7229342174866,-73.9946389680679
66827123,2025-11-14T00:23:58.000,Noise - Commercial,40.7201125801516,-73.99411610168495
66830048,2025-11-14T00:10:17.000,Noise - Street/Sidewalk,40.71807035293164,-73.992020365249
66829932,2025-11-13T23:57:53.000,Noise - Commercial,40.721734604885576,-73.99199828075187
66828573,2025-11-13T23:26:57.000,Noise - Street/Sidewalk,40.72074667371449,-73.99529572262432
66824305,2025-11-13T22:59:01.000,Noise - Commercial,40.71911350806538,-73.99452744332153
66819787,2025-11-13T22:33:36.000,Noise - Vehicle,40.72827563770185,-73.9993577791577
66829928,2025-11-13T21:28:26.000,Noise - Commercial,40.7185204568837,-73.99150805286503
66819963,2025-11-13T19:38:56.000,Noise - Commercial,40.71942377132165,-73.99761904797622
66824421,2025-11-13T19:08:41.000,Noise - Street/Sidewalk,40.71645943176269,-74.0023267359905
66828576,2025-11-13T17:12:43.000,Noise - Street/Sidewalk,40.71645943176269,-74.0023267359905
66825794,2025-11-13T16:30:30.000,Noise - Street/Sidewalk,40.72827563770185,-73.9993577791577
66827125,2025-11-13T15:40:51.000,Noise - Commercial,40.72147128295989,-73.9951261136237
66818492,2025-11-12T22:22:23.000,Noise - Street/Sidewalk,40.719736693907606,-74.00102814320108
66813277,2025-11-12T20:58:46.000,Noise - Street/Sidewalk,40.72561585058169,-74.0052530125091
66816218,2025-11-12T18:27:39.000,Noise - Vehicle,40.72337619975635,-74.0033443536729
66807975,2025-11-12T17:44:32.000,Noise - Street/Sidewalk,40.72611824983573,-74.00159828439823
66817985,2025-11-12T17:24:42.000,Noise - Vehicle,40.72212462472786,-74.00178939403438
66818120,2025-11-12T16:41:01.000,Noise - Commercial,40.71815842094809,-73.99693368060906
66818493,2025-11-12T15:43:50.000,Noise - Street/Sidewalk,40.719552797956496,-74.00062049172857
66818481,2025-11-12T13:49:59.000,Noise - Street/Sidewalk,40.72851717796591,-73.99988815214454
66806225,2025-11-12T11:11:20.000,Noise - Street/Sidewalk,40.71645943176269,-74.0023267359905
66797745,2025-11-11T23:56:05.000,Noise - Commercial,40.7288245809915,-74.00149371696034
66800829,2025-11-11T23:41:38.000,Noise - Commercial,40.72887124234849,-74.00145402984666
66799360,2025-11-11T22:57:28.000,Noise - Commercial,40.72213008297611,-74.00322523870562
66792933,2025-11-11T22:06:47.000,Noise - Commercial,40.72204464790691,-73.9904902479372
66793070,2025-11-11T18:45:20.000,Noise - Street/Sidewalk,40.72856109409892,-73.99993866403884
66794479,2025-11-11T16:37:20.000,Noise - Commercial,40.71815842094809,-73.99693368060906
66804016,2025-11-11T06:21:29.000,Noise - Vehicle,40.71944573072082,-73.99768398226833
66791290,2025-11-10T21:40:54.000,Noise - Commercial,40.72881085473081,-73.99832588278541
66785228,2025-11-10T21:33:21.000,Noise - Commercial,40.72881085473081,-73.99832588278541
66783798,2025-11-10T21:29:05.000,Noise - Commercial,40.72881085473081,-73.99832588278541
66780778,2025-11-10T19:30:22.000,Noise - Commercial,40.72292877855045,-73.99586558405704
66789906,2025-11-10T12:22:34.000,Noise - Commercial,40.72147128295989,-73.9951261136237
66772731,2025-11-10T01:21:12.000,Noise - Vehicle,40.72855834935655,-73.99997474401702
66774989,2025-11-10T01:05:13.000,Noise - Street/Sidewalk,40.72338157602864,-73.99389574231473
66774718,2025-11-10T00:23:44.000,Noise - Vehicle,40.72354366685384,-74.0016415153664
66778165,2025-11-09T23:47:43.000,Noise - Commercial,40.71631908276552,-74.00947286179263
66776900,2025-11-09T23:36:26.000,Noise - Vehicle,40.724523556734326,-73.9997402399029
66776864,2025-11-09T22:32:22.000,Noise - Street/Sidewalk,40.72477058423776,-73.99953098697507
66777662,2025-11-09T22:23:34.000,Noise - Commercial,40.72433128539028,-73.99435023418445
66772974,2025-11-09T22:15:47.000,Noise - Street/Sidewalk,40.72433128539028,-73.99435023418445
66774821,2025-11-09T19:55:33.000,Noise - Commercial,40.72247318492828,-73.99704171213209
66775919,2025-11-09T19:16:02.000,Noise - Street/Sidewalk,40.72856109409892,-73.99993866403884
66774981,2025-11-09T17:23:49.000,Noise - Street/Sidewalk,40.72247318492828,-73.99704171213209
66776635,2025-11-09T15:30:07.000,Noise - Vehicle,40.72842385586966,-73.99967888886464
66778575,2025-11-09T14:12:49.000,Noise - Vehicle,40.725750435884216,-73.99747811596318
66773945,2025-11-09T11:26:54.000,Noise - Street/Sidewalk,40.72402401104146,-74.00016234884374
66777847,2025-11-09T11:11:43.000,Noise - Street/Sidewalk,40.71876228369317,-74.002409788131
66779601,2025-11-09T10:48:42.000,Noise - Vehicle,40.72403213856619,-74.0049606597219
66774951,2025-11-09T10:43:32.000,Noise - Street/Sidewalk,40.72402401104146,-74.00016234884374
66775917,2025-11-09T10:37:12.000,Noise - Street/Sidewalk,40.72520151173161,-73.99971498254956
66772987,2025-11-09T10:10:10.000,Noise - Street/Sidewalk,40.72409537478465,-74.00012627145813
66773957,2025-11-09T04:52:04.000,Noise - Street/Sidewalk,40.72401296921459,-73.99619382218174
66777825,2025-11-09T04:32:12.000,Noise - Street/Sidewalk,40.71849844072585,-73.99075409799335
66777658,2025-11-09T03:38:31.000,Noise - Commercial,40.72401296921459,-73.99619382218174
66774823,2025-11-09T02:48:38.000,Noise - Commercial,40.717872604455565,-73.99037540580335
66773717,2025-11-09T02:28:08.000,Noise - Commercial,40.72401296921459,-73.99619382218174
66771081,2025-11-09T02:04:40.000,Noise - Street/Sidewalk,40.72411726796,-73.99613248435368
66769760,2025-11-09T01:59:44.000,Noise - Commercial,40.71807035293164,-73.992020365249
66763532,2025-11-09T01:59:39.000,Noise - Commercial,40.71807035293164,-73.992020365249
66767264,2025-11-09T01:43:04.000,Noise - Commercial,40.72401026282116,-74.0023775081326
66770249,2025-11-09T01:40:28.000,Noise - Vehicle,40.72842385586966,-73.99967888886464
66766095,2025-11-09T01:11:16.000,Noise - Street/Sidewalk,40.72975506082844,-74.00068192378622
66766601,2025-11-09T00:51:21.000,Noise - Commercial,40.71936870099545,-73.99321789983325
66769756,2025-11-09T00:21:06.000,Noise - Commercial,40.72228652364041,-74.00358240442132
66770380,2025-11-09T00:04:27.000,Noise - Commercial,40.72707618085859,-74.00018400378333
66764166,2025-11-08T23:30:11.000,Noise - Commercial,40.72707618085859,-74.00018400378333
66769418,2025-11-08T23:17:01.000,Noise - Street/Sidewalk,40.72980721143065,-74.00063862753768
66769440,2025-11-08T23:06:14.000,Noise - Street/Sidewalk,40.72950254166327,-74.00092005241557
66766937,2025-11-08T23:05:53.000,Noise - Street/Sidewalk,40.72980721143065,-74.00063862753768
66767877,2025-11-08T23:03:20.000,Noise - Commercial,40.71911350806538,-73.99452744332153
66768164,2025-11-08T23:00:57.000,Noise - Street/Sidewalk,40.72954645822612,-74.00085871615379
66766920,2025-11-08T22:56:15.000,Noise - Street/Sidewalk,40.72954645822612,-74.00085871615379
66765704,2025-11-08T22:50:41.000,Noise - Street/Sidewalk,40.72980721143065,-74.00063862753768
66766902,2025-11-08T22:25:18.000,Noise - Street/Sidewalk,40.71865223646224,-73.9919409314331
66771907,2025-11-08T22:22:07.000,Noise - Street/Sidewalk,40.72869009738911,-74.00024173631489
66768971,2025-11-08T22:15:06.000,Noise - Commercial,40.7203047595571,-73.99510455362655
66770226,2025-11-08T22:06:21.000,Noise - Commercial,40.72671109521736,-74.00276364952728
66762886,2025-11-08T22:01:35.000,Noise - Commercial,40.72954645822612,-74.00085871615379
66766914,2025-11-08T19:46:19.000,Noise - Street/Sidewalk,40.72976603974209,-74.00069996421334
66768215,2025-11-08T19:05:27.000,Noise - Street/Sidewalk,40.71682140474025,-73.99090944721051
66770371,2025-11-08T18:16:06.000,Noise - Commercial,40.72879439653422,-73.99935055813754
66764163,2025-11-08T17:12:26.000,Noise - Commercial,40.72222612900855,-74.00388905182955
66765433,2025-11-08T16:59:22.000,Noise - Commercial,40.7185204568837,-73.99150805286503
66770238,2025-11-08T16:52:20.000,Noise - Vehicle,40.72502032238357,-73.99713179421411
66767742,2025-11-08T16:42:03.000,Noise - Commercial,40.72111716702185,-73.9942170256473
66765718,2025-11-08T15:56:43.000,Noise - Street/Sidewalk,40.72111716702185,-73.9942170256473
66762873,2025-11-08T15:54:19.000,Noise - Commercial,40.71885258098847,-73.99161984218506
66767764,2025-11-08T14:46:38.000,Noise - Vehicle,40.72842385586966,-73.99967888886464
66766621,2025-11-08T12:12:03.000,Noise - Commercial,40.720955300592095,-73.99595950371683
66770726,2025-11-08T11:59:17.000,Noise - Street/Sidewalk,40.71876228369317,-74.002409788131
66770719,2025-11-08T11:58:15.000,Noise - Street/Sidewalk,40.72027462860415,-74.00313496018715
66769425,2025-11-08T10:30:04.000,Noise - Street/Sidewalk,40.71645943176269,-74.0023267359905
66771949,2025-11-08T04:49:20.000,Noise - Street/Sidewalk,40.72401296921459,-73.99619382218174
66766949,2025-11-08T04:43:46.000,Noise - Street/Sidewalk,40.72386722097166,-73.99116463592019
66753828,2025-11-08T01:51:22.000,Noise - Street/Sidewalk,40.71660462938471,-73.99171391593737
66761519,2025-11-08T01:45:21.000,Noise - Commercial,40.71807035293164,-73.992020365249
66751659,2025-11-08T01:19:58.000,Noise - Commercial,40.71796331128404,-73.99207809684908
66759980,2025-11-08T00:14:01.000,Noise - Commercial,40.72707618085859,-74.00018400378333
66757332,2025-11-07T23:41:07.000,Noise - Commercial,40.71911350806538,-73.99452744332153
66751671,2025-11-07T23:35:03.000,Noise - Commercial,40.71792475066007,-73.99032489436581
66753210,2025-11-07T23:34:12.000,Noise - Street/Sidewalk,40.72865440555817,-73.99846299082097
66753068,2025-11-07T23:31:33.000,Noise - Commercial,40.71845752356146,-73.99480887834468
66751825,2025-11-07T23:09:06.000,Noise - Street/Sidewalk,40.72475941187624,-73.993311153821
66751672,2025-11-07T22:47:59.000,Noise - Commercial,40.71911350806538,-73.99452744332153
66754664,2025-11-07T21:49:54.000,Noise - Street/Sidewalk,40.7194676900833,-73.99774891660324
66751811,2025-11-07T21:47:53.000,Noise - Street/Sidewalk,40.71927554446172,-73.99718254637112
66761689,2025-11-07T21:47:48.000,Noise - Street/Sidewalk,40.719149290540805,-73.99739539351272
66753237,2025-11-07T21:44:19.000,Noise - Street/Sidewalk,40.71935514806385,-73.9974206379633
66754673,2025-11-07T21:11:00.000,Noise - Street/Sidewalk,40.71842469061809,-74.00172075316782
66753231,2025-11-07T21:04:06.000,Noise - Street/Sidewalk,40.72905514631551,-74.00094169438533
66757472,2025-11-07T21:01:00.000,Noise - Street/Sidewalk,40.72572838921283,-73.99482635119598
66757336,2025-11-07T20:55:19.000,Noise - Commercial,40.71605290789855,-73.99137850370803
66758722,2025-11-07T20:34:44.000,Noise - Commercial,40.72678792827488,-74.00350327256554
66752932,2025-11-07T18:26:42.000,Noise - Vehicle,40.72347231453405,-73.9997294208337
66754665,2025-11-07T18:04:13.000,Noise - Street/Sidewalk,40.72408713673073,-74.00094162418564
66753225,2025-11-07T17:57:04.000,Noise - Street/Sidewalk,40.72402126356221,-74.00080813643332
66753058,2025-11-07T15:03:19.000,Noise - Commercial,40.72887124234849,-74.00145402984666
66751815,2025-11-07T14:50:11.000,Noise - Street/Sidewalk,40.71870189783701,-74.00246389790759
66757495,2025-11-07T12:39:08.000,Noise - Street/Sidewalk,40.71876228369317,-74.002409788131
66758872,2025-11-07T11:54:31.000,Noise - Street/Sidewalk,40.71876228369317,-74.002409788131
66760296,2025-11-07T10:59:35.000,Noise - Street/Sidewalk,40.71888579994293,-74.00230878332638
66757484,2025-11-07T10:30:30.000,Noise - Street/Sidewalk,40.716484140395096,-73.99797988738347
66753243,2025-11-07T10:23:54.000,Noise - Street/Sidewalk,40.724523556734326,-73.9997402399029
66761704,2025-11-07T10:22:45.000,Noise - Street/Sidewalk,40.72038440433181,-74.00363280794991
66753239,2025-11-07T09:18:11.000,Noise - Street/Sidewalk,40.7165829502175,-73.99789330800529
66757327,2025-11-07T03:30:45.000,Noise - Commercial,40.72321414039738,-74.00620525818007
66742822,2025-11-07T00:19:26.000,Noise - Commercial,40.71895715946186,-73.99748919544425
66742828,2025-11-07T00:16:41.000,Noise - Commercial,40.72747391687811,-73.992354777559
66747230,2025-11-06T23:41:39.000,Noise - Commercial,40.71608067809581,-73.99976913138423
66748628,2025-11-06T22:42:21.000,Noise - Commercial,40.71965147022583,-73.9943073407094
66748767,2025-11-06T16:49:35.000,Noise - Street/Sidewalk,40.71645943176269,-74.0023267359905
66750027,2025-11-06T14:32:45.000,Noise - Vehicle,40.718037652944616,-73.99698779758582
66747325,2025-11-06T10:23:31.000,Noise - Street/Sidewalk,40.72038440433181,-74.00363280794991
66741351,2025-11-06T06:58:05.000,Noise - Commercial,40.722047496202826,-73.99183950680036
66734085,2025-11-06T00:19:22.000,Noise - Commercial,40.72225084389515,-74.00351385703756
66738423,2025-11-06T00:16:38.000,Noise - Commercial,40.72225084389515,-74.00351385703756
66734337,2025-11-05T18:18:03.000,Noise - Street/Sidewalk,40.72934608944965,-74.00105354774354
66731630,2025-11-05T15:25:26.000,Noise - Street/Sidewalk,40.72869009738911,-74.00024173631489
66730112,2025-11-05T15:20:14.000,Noise - Commercial,40.72869009738911,-74.00024173631489
66728824,2025-11-05T14:55:57.000,Noise - Street/Sidewalk,40.71653629026845,-73.99794741968182
66735710,2025-11-05T13:58:09.000,Noise - Street/Sidewalk,40.7202938249859,-74.00370495401587
66731629,2025-11-05T12:20:05.000,Noise - Street/Sidewalk,40.72500663244907,-73.99934337943937
66737088,2025-11-05T12:05:02.000,Noise - Street/Sidewalk,40.72457296226233,-73.99969694632873
66735683,2025-11-05T10:29:53.000,Noise - Street/Sidewalk,40.72437808482715,-73.99988815909121
66732791,2025-11-05T05:47:52.000,Noise - Vehicle,40.723202995922456,-73.99124770125584
66726745,2025-11-05T01:54:32.000,Noise - Commercial,40.72141089175726,-73.99497459839357
66719851,2025-11-05T01:19:35.000,Noise - Street/Sidewalk,40.71773026494201,-73.99818547206426
66726190,2025-11-04T23:54:21.000,Noise - Street/Sidewalk,40.71802669449426,-74.00208148563716
66724904,2025-11-04T23:51:56.000,Noise - Street/Sidewalk,40.71847135211908,-74.00168107240586
66723425,2025-11-04T22:38:35.000,Noise - Vehicle,40.723202995922456,-73.99124770125584
66726183,2025-11-04T20:38:42.000,Noise - Street/Sidewalk,40.71921217914421,-74.00788958416823
66722373,2025-11-04T19:52:12.000,Noise - Street/Sidewalk,40.716484140395096,-73.99797988738347
66724905,2025-11-04T19:47:46.000,Noise - Street/Sidewalk,40.72452070849267,-73.99511145949029
66722386,2025-11-04T17:28:17.000,Noise - Street/Sidewalk,40.7290853380792,-74.00100663928178
66718542,2025-11-04T16:07:03.000,Noise - Street/Sidewalk,40.7202938249859,-74.00370495401587
66721097,2025-11-04T14:02:33.000,Noise - Street/Sidewalk,40.716484140395096,-73.99797988738347
66724721,2025-11-04T06:42:10.000,Noise - Vehicle,40.71945945437206,-73.99767676678144
66708097,2025-11-04T00:20:12.000,Noise - Commercial,40.72433128539028,-73.99435023418445
66717028,2025-11-03T20:47:08.000,Noise - Commercial,40.71650611138299,-73.99894665521707
66715649,2025-11-03T14:54:07.000,Noise - Street/Sidewalk,40.71876228369317,-74.002409788131
66712665,2025-11-03T12:29:52.000,Noise - Street/Sidewalk,40.7202938249859,-74.00370495401587
66697710,2025-11-02T22:12:11.000,Noise - Commercial,40.727350654273856,-74.00073962609699
66702137,2025-11-02T22:11:03.000,Noise - Commercial,40.727350654273856,-74.00073962609699
66705434,2025-11-02T22:10:03.000,Noise - Commercial,40.727350654273856,-74.00073962609699
66704463,2025-11-02T21:41:38.000,Noise - Street/Sidewalk,40.72063144477658,-73.99677483381788
66697884,2025-11-02T21:03:42.000,Noise - Street/Sidewalk,40.72491860400973,-73.99324619743363
66703187,2025-11-02T17:02:38.000,Noise - Commercial,40.72887124234849,-74.00145402984666
66703214,2025-11-02T16:52:18.000,Noise - Commercial,40.72788302506925,-73.99486947945023
66704310,2025-11-02T15:06:01.000,Noise - Commercial,40.72788302506925,-73.99486947945023
66700049,2025-11-02T14:24:20.000,Noise - Street/Sidewalk,40.72320881039922,-73.99866875576541
66698946,2025-11-02T09:51:49.000,Noise - Street/Sidewalk,40.71841908999448,-73.99465736849311
66698789,2025-11-02T03:57:29.000,Noise - Commercial,40.72641463677292,-74.00365117608368
66703190,2025-11-02T03:51:18.000,Noise - Commercial,40.72641463677292,-74.00365117608368
66699891,2025-11-02T03:41:35.000,Noise - Commercial,40.72641463677292,-74.00365117608368
66698791,2025-11-02T03:37:07.000,Noise - Commercial,40.7264777669756,-74.00362592434801
66698792,2025-11-02T03:33:17.000,Noise - Commercial,40.72641463677292,-74.00365117608368
66702131,2025-11-02T03:26:45.000,Noise - Commercial,40.72641463677292,-74.00365117608368
66699879,2025-11-02T03:18:09.000,Noise - Commercial,40.72678792827488,-74.00350327256554
66705425,2025-11-02T02:28:13.000,Noise - Commercial,40.71872911078678,-73.99224755670346
66693918,2025-11-02T01:56:09.000,Noise - Street/Sidewalk,40.71986801608933,-73.99003961762237
66688281,2025-11-02T01:42:17.000,Noise - Street/Sidewalk,40.71986801608933,-73.99003961762237
66696721,2025-11-02T01:38:39.000,Noise - Street/Sidewalk,40.72823707605127,-73.99438598284803
66690259,2025-11-02T01:35:40.000,Noise - Street/Sidewalk,40.72065307034386,-73.99067443255049
66696704,2025-11-02T01:34:00.000,Noise - Street/Sidewalk,40.71968686975031,-73.99012983262756
66691170,2025-11-02T01:29:29.000,Noise - Street/Sidewalk,40.72954645822612,-74.00085871615379
66688300,2025-11-02T01:26:58.000,Noise - Street/Sidewalk,40.72939000611557,-74.00098860367115
66696421,2025-11-02T01:26:42.000,Noise - Commercial,40.71986801608933,-73.99003961762237
66690192,2025-11-02T01:21:14.000,Noise - Commercial,40.71968686975031,-73.99012983262756
66695324,2025-11-02T01:21:02.000,Noise - Street/Sidewalk,40.72945039095302,-74.00096334824593
66689440,2025-11-02T01:18:05.000,Noise - Commercial,40.72401296921459,-73.99619382218174
66689311,2025-11-02T01:06:01.000,Noise - Commercial,40.72671109521736,-74.00276364952728
66686616,2025-11-02T01:05:15.000,Noise - Commercial,40.72879439653422,-73.99935055813754
66691188,2025-11-02T01:02:39.000,Noise - Street/Sidewalk,40.72788302506925,-73.99486947945023
66689693,2025-11-02T00:53:53.000,Noise - Street/Sidewalk,40.71986801608933,-73.99003961762237
66692271,2025-11-02T00:09:52.000,Noise - Commercial,40.71968686975031,-73.99012983262756
66689696,2025-11-02T00:03:27.000,Noise - Street/Sidewalk,40.71986801608933,-73.99003961762237
66689661,2025-11-02T00:00:16.000,Noise - Street/Sidewalk,40.71807035293164,-73.992020365249
66686625,2025-11-01T23:59:17.000,Noise - Commercial,40.71968686975031,-73.99012983262756
66688252,2025-11-01T23:58:05.000,Noise - Street/Sidewalk,40.72855834935655,-73.99997474401702
66695274,2025-11-01T23:52:07.000,Noise - Street/Sidewalk,40.72939824022615,-74.00100664400853
66695302,2025-11-01T23:51:51.000,Noise - Street/Sidewalk,40.72065307034386,-73.99067443255049
66689698,2025-11-01T23:41:28.000,Noise - Street/Sidewalk,40.71991741956644,-73.99001435753044
66688009,2025-11-01T23:41:10.000,Noise - Commercial,40.71872911078678,-73.99224755670346
66690860,2025-11-01T23:35:14.000,Noise - Commercial,40.71986801608933,-73.99003961762237
66694420,2025-11-01T23:30:05.000,Noise - Street/Sidewalk,40.718356050888325,-74.0027813403065
66696420,2025-11-01T23:27:45.000,Noise - Commercial,40.72175940059881,-73.99347019061277
66689699,2025-11-01T22:55:23.000,Noise - Street/Sidewalk,40.72842385586966,-73.99967888886464
66696684,2025-11-01T22:54:04.000,Noise - Street/Sidewalk,40.729650759574,-74.00076851608002
66688299,2025-11-01T22:44:21.000,Noise - Street/Sidewalk,40.72132042408795,-74.00026696282403
66687845,2025-11-01T22:41:03.000,Noise - Commercial,40.72401296921459,-73.99619382218174
66686914,2025-11-01T22:40:48.000,Noise - Street/Sidewalk,40.72842385586966,-73.99967888886464
66696446,2025-11-01T22:35:33.000,Noise - Commercial,40.72114747472924,-74.00262272256012
66688283,2025-11-01T22:32:44.000,Noise - Street/Sidewalk,40.72842385586966,-73.99967888886464
66691146,2025-11-01T22:32:32.000,Noise - Street/Sidewalk,40.72073280267493,-73.99251428410267
66693899,2025-11-01T22:32:22.000,Noise - Street/Sidewalk,40.72856109409892,-73.99993866403884
66695342,2025-11-01T22:29:33.000,Noise - Street/Sidewalk,40.72401296921459,-73.99619382218174
66691159,2025-11-01T22:21:36.000,Noise - Street/Sidewalk,40.72842385586966,-73.99967888886464
66686933,2025-11-01T22:18:19.000,Noise - Street/Sidewalk,40.71742011026874,-73.99840192418509
66689739,2025-11-01T22:14:41.000,Noise - Street/Sidewalk,40.71742011026874,-73.99840192418509
66692298,2025-11-01T22:06:04.000,Noise - Commercial,40.71763145486084,-73.99826844509361
66689455,2025-11-01T21:29:24.000,Noise - Commercial,40.7241169184207,-74.00976980628137
66694867,2025-11-01T20:46:02.000,Noise - Commercial,40.72401296921459,-73.99619382218174
66688316,2025-11-01T20:24:10.000,Noise - Street/Sidewalk,40.72081227275736,-73.9907537769954
66690857,2025-11-01T20:01:55.000,Noise - Commercial,40.72879439653422,-73.99935055813754
66690858,2025-11-01T19:52:32.000,Noise - Commercial,40.72879439653422,-73.99935055813754
66688004,2025-11-01T19:38:44.000,Noise - Commercial,40.72879439653422,-73.99935055813754
66691131,2025-11-01T19:29:55.000,Noise - Street/Sidewalk,40.72416392749903,-73.9960927962896
66692540,2025-11-01T19:16:04.000,Noise - Street/Sidewalk,40.72089463777533,-73.99103515701921
66690868,2025-11-01T18:47:48.000,Noise - Commercial,40.72035421423702,-73.99643934476434
66696431,2025-11-01T18:42:35.000,Noise - Commercial,40.72041734849304,-73.99659807389274
66696696,2025-11-01T18:20:18.000,Noise - Street/Sidewalk,40.72564599356578,-73.9937584369825
66692576,2025-11-01T18:03:37.000,Noise - Street/Sidewalk,40.72879439653422,-73.99935055813754
66693662,2025-11-01T17:52:06.000,Noise - Commercial,40.72879439653422,-73.99935055813754
66686931,2025-11-01T17:37:40.000,Noise - Street/Sidewalk,40.72556363586897,-73.9934878570378
66692549,2025-11-01T17:34:54.000,Noise - Street/Sidewalk,40.72556363586897,-73.9934878570378
66690849,2025-11-01T16:40:16.000,Noise - Commercial,40.72041734849304,-73.99659807389274
66687867,2025-11-01T16:16:13.000,Noise - Vehicle,40.72616471666717,-73.99312701150214
66696724,2025-11-01T14:59:47.000,Noise - Street/Sidewalk,40.72390871479163,-73.99804820949959
66695309,2025-11-01T14:32:55.000,Noise - Street/Sidewalk,40.723925183581365,-73.99806264000418
66688305,2025-11-01T14:26:27.000,Noise - Street/Sidewalk,40.72401301452636,-73.99798687466962
66691136,2025-11-01T12:50:04.000,Noise - Street/Sidewalk,40.716813400327,-73.9945492763494
66686946,2025-11-01T12:34:25.000,Noise - Street/Sidewalk,40.71812524637479,-73.99199510664727
66696700,2025-11-01T11:38:43.000,Noise - Street/Sidewalk,40.72305782996354,-74.00246766664954
66690716,2025-11-01T04:57:20.000,Noise - Commercial,40.72401296921459,-73.99619382218174
66692590,2025-11-01T04:49:42.000,Noise - Street/Sidewalk,40.72401296921459,-73.99619382218174
66692578,2025-11-01T03:22:02.000,Noise - Street/Sidewalk,40.72654328463644,-73.99024066166999
66691143,2025-11-01T03:16:33.000,Noise - Street/Sidewalk,40.72954645822612,-74.00085871615379
66686937,2025-11-01T03:15:25.000,Noise - Street/Sidewalk,40.72997738127104,-74.00124839374188
66689752,2025-11-01T03:15:17.000,Noise - Street/Sidewalk,40.72654328463644,-73.99024066166999
66689432,2025-11-01T02:24:41.000,Noise - Commercial,40.72428175147285,-74.00783967560663
66694999,2025-11-01T02:08:09.000,Noise - Commercial,40.72428175147285,-74.00783967560663
66693957,2025-11-01T02:07:14.000,Noise - Street/Sidewalk,40.72401296921459,-73.99619382218174
66677930,2025-11-01T01:59:33.000,Noise - Commercial,40.72671109521736,-74.00276364952728
66680248,2025-11-01T01:54:25.000,Noise - Commercial,40.72879439653422,-73.99935055813754
66674733,2025-11-01T01:50:41.000,Noise - Street/Sidewalk,40.72272284740783,-73.99415194804773
66679515,2025-11-01T01:32:50.000,Noise - Commercial,40.72671109521736,-74.00276364952728
66679517,2025-11-01T01:27:52.000,Noise - Commercial,40.7229342174866,-73.9946389680679
66683660,2025-11-01T01:23:37.000,Noise - Street/Sidewalk,40.71731842325418,-73.99428228825329
66678883,2025-11-01T01:14:27.000,Noise - Street/Sidewalk,40.71807035293164,-73.992020365249
66678732,2025-11-01T01:06:34.000,Noise - Commercial,40.72879439653422,-73.99935055813754
66676287,2025-11-01T00:59:11.000,Noise - Commercial,40.72428175147285,-74.00783967560663
66675480,2025-11-01T00:55:16.000,Noise - Commercial,40.72879439653422,-73.99935055813754
66677106,2025-11-01T00:50:41.000,Noise - Commercial,40.71807035293164,-73.992020365249
66677108,2025-11-01T00:02:09.000,Noise - Commercial,40.7297138891165,-74.00074326038714
66673892,2025-10-31T22:53:21.000,Noise - Commercial,40.72197367649518,-73.99968613522505
66680432,2025-10-31T22:43:43.000,Noise - Street/Sidewalk,40.72197367649518,-73.99968613522505
66680255,2025-10-31T22:11:31.000,Noise - Commercial,40.71768360480758,-73.99823597705887
66685116,2025-10-31T21:58:06.000,Noise - Commercial,40.71942377132165,-73.99761904797622
66681988,2025-10-31T17:13:01.000,Noise - Street/Sidewalk,40.72911276304618,-73.99750685293887
66685287,2025-10-31T16:45:20.000,Noise - Street/Sidewalk,40.72911276304618,-73.99750685293887
66683641,2025-10-31T15:39:18.000,Noise - Street/Sidewalk,40.72911276304618,-73.99750685293887
66675643,2025-10-31T09:20:50.000,Noise - Street/Sidewalk,40.716484140395096,-73.99797988738347
66675285,2025-10-31T04:45:55.000,Noise - Vehicle,40.72401296921459,-73.99619382218174
66674101,2025-10-31T04:28:07.000,Noise - Street/Sidewalk,40.72401296921459,-73.99619382218174
66678721,2025-10-31T04:13:23.000,Noise - Commercial,40.72401296921459,-73.99619382218174
66677271,2025-10-31T03:09:02.000,Noise - Street/Sidewalk,40.71844937460827,-74.0027019802938
66678886,2025-10-31T02:56:01.000,Noise - Street/Sidewalk,40.71844937460827,-74.0027019802938
66680249,2025-10-31T02:44:37.000,Noise - Commercial,40.71899007642863,-74.00330805878592
66668705,2025-10-31T00:31:38.000,Noise - Commercial,40.719659636672255,-73.993069962078
66659605,2025-10-31T00:01:57.000,Noise - Commercial,40.72278580895784,-73.99146421714836
66672348,2025-10-30T23:33:14.000,Noise - Commercial,40.71911350806538,-73.99452744332153
66666821,2025-10-30T23:29:43.000,Noise - Commercial,40.71843250909744,-73.99006508429788
66661478,2025-10-30T22:35:35.000,Noise - Street/Sidewalk,40.71807035293164,-73.992020365249
66659711,2025-10-30T22:29:06.000,Noise - Street/Sidewalk,40.72073280267493,-73.99251428410267
66666827,2025-10-30T22:03:25.000,Noise - Commercial,40.72502032238357,-73.99713179421411
66672098,2025-10-30T17:57:27.000,Noise - Vehicle,40.72191329221079,-74.0000793680321
66666818,2025-10-30T16:57:43.000,Noise - Commercial,40.719601998461606,-73.993098828173
66668451,2025-10-30T15:54:02.000,Noise - Vehicle,40.72715564541046,-74.00554537553745
66653126,2025-10-29T23:51:09.000,Noise - Commercial,40.72957654135774,-74.00508735430294
66656995,2025-10-29T23:22:43.000,Noise - Commercial,40.72225084389515,-74.00351385703756
66654739,2025-10-29T23:19:01.000,Noise - Commercial,40.72374669627988,-74.00466119629756
66654638,2025-10-29T22:54:38.000,Noise - Commercial,40.72374669627988,-74.00466119629756
66653657,2025-10-29T22:04:26.000,Noise - Commercial,40.72957654135774,-74.00508735430294
66653658,2025-10-29T21:46:32.000,Noise - Commercial,40.72957654135774,-74.00508735430294
66654833,2025-10-29T06:41:14.000,Noise - Street/Sidewalk,40.71621759109415,-74.00865398356005
66651531,2025-10-29T02:31:20.000,Noise - Vehicle,40.71812524637479,-73.99199510664727
66646146,2025-10-28T22:46:31.000,Noise - Street/Sidewalk,40.71774395582696,-74.00329717470028
66646021,2025-10-28T22:42:29.000,Noise - Commercial,40.72120509742076,-73.99670626166723
66643048,2025-10-28T20:16:18.000,Noise - Commercial,40.72487205289696,-73.99549025250734
66644523,2025-10-28T19:27:53.000,Noise - Commercial,40.72247318492828,-73.99704171213209
66643142,2025-10-28T17:48:27.000,Noise - Street/Sidewalk,40.72401296921459,-73.99619382218174
66640089,2025-10-28T16:20:56.000,Noise - Commercial,40.72247318492828,-73.99704171213209
66640173,2025-10-28T16:16:30.000,Noise - Street/Sidewalk,40.72379064977855,-73.99637782959105
66643058,2025-10-28T14:55:06.000,Noise - Commercial,40.724465595067336,-74.00861176129837
66641590,2025-10-28T13:18:40.000,Noise - Commercial,40.72147128295989,-73.9951261136237
66638713,2025-10-28T11:09:12.000,Noise - Street/Sidewalk,40.71721151286517,-73.99875545275262
66640185,2025-10-28T08:22:11.000,Noise - Street/Sidewalk,40.725041931123855,-73.99058362321813
66625546,2025-10-27T23:49:00.000,Noise - Street/Sidewalk,40.729650759574,-74.00076851608002
66628886,2025-10-27T22:49:32.000,Noise - Street/Sidewalk,40.72965899371875,-74.00078655646078
66625522,2025-10-27T22:11:46.000,Noise - Street/Sidewalk,40.72386722097166,-73.99116463592019
66630577,2025-10-27T20:08:11.000,Noise - Street/Sidewalk,40.7241169184207,-74.00976980628137
66631939,2025-10-27T19:10:27.000,Noise - Vehicle,40.72693066044162,-73.9966590758561
66637025,2025-10-27T02:55:26.000,Noise - Commercial,40.72141089175726,-73.99497459839357
66622408,2025-10-27T00:26:23.000,Noise - Commercial,40.72228652364041,-74.00358240442132
66615480,2025-10-27T00:08:30.000,Noise - Street/Sidewalk,40.72771839084275,-74.00381360536024
66614940,2025-10-26T23:28:52.000,Noise - Vehicle,40.72649426865184,-74.00234873366634
66624321,2025-10-26T20:15:20.000,Noise - Street/Sidewalk,40.71768360480758,-73.99823597705887
66624294,2025-10-26T19:28:56.000,Noise - Street/Sidewalk,40.71965154994901,-73.99625179150337
66622424,2025-10-26T17:40:33.000,Noise - Commercial,40.72788302506925,-73.99486947945023
66619431,2025-10-26T13:32:45.000,Noise - Commercial,40.72939824022615,-74.00100664400853
66618034,2025-10-26T10:11:28.000,Noise - Commercial,40.72265430670373,-73.99597743910044
66619435,2025-10-26T09:59:47.000,Noise - Commercial,40.7203212761204,-73.99640687855923
66622813,2025-10-26T04:57:01.000,Noise - Street/Sidewalk,40.72024447766433,-73.9994588678766
66622422,2025-10-26T04:07:56.000,Noise - Commercial,40.71773026494201,-73.99818547206426
66618046,2025-10-26T04:06:31.000,Noise - Commercial,40.72747391687811,-73.992354777559
66613958,2025-10-26T02:58:14.000,Noise - Street/Sidewalk,40.72627196626488,-74.00049067083415
66618416,2025-10-26T02:09:57.000,Noise - Street/Sidewalk,40.71895715946186,-73.99748919544425
66618043,2025-10-26T02:00:13.000,Noise - Commercial,40.71843250909744,-73.99006508429788
66618026,2025-10-26T01:50:04.000,Noise - Commercial,40.72879439653422,-73.99935055813754
66620921,2025-10-26T01:43:56.000,Noise - Commercial,40.72879439653422,-73.99935055813754
66622409,2025-10-26T01:39:42.000,Noise - Commercial,40.72879439653422,-73.99935055813754
66607554,2025-10-26T01:05:40.000,Noise - Commercial,40.71840271275526,-74.00274166032793
66609033,2025-10-26T00:46:54.000,Noise - Commercial,40.72832504382953,-73.99945880225974
66603482,2025-10-26T00:40:50.000,Noise - Street/Sidewalk,40.72856109409892,-73.99993866403884
66603940,2025-10-26T00:21:01.000,Noise - Commercial,40.71807035293164,-73.992020365249
66601762,2025-10-26T00:15:59.000,Noise - Commercial,40.72879439653422,-73.99935055813754
66604618,2025-10-26T00:10:56.000,Noise - Commercial,40.71840271275526,-74.00274166032793
66606007,2025-10-25T23:58:18.000,Noise - Commercial,40.72671109521736,-74.00276364952728
66607899,2025-10-25T23:49:23.000,Noise - Street/Sidewalk,40.71724988627543,-74.00371560696578
66609036,2025-10-25T23:42:58.000,Noise - Commercial,40.71608067809581,-73.99976913138423
66607544,2025-10-25T23:41:23.000,Noise - Commercial,40.71840271275526,-74.00274166032793
66610550,2025-10-25T23:29:25.000,Noise - Commercial,40.71840271275526,-74.00274166032793
66611920,2025-10-25T23:15:21.000,Noise - Commercial,40.72970831690103,-74.0044270894133
66606142,2025-10-25T23:12:11.000,Noise - Commercial,40.72939824022615,-74.00100664400853
66604630,2025-10-25T23:10:12.000,Noise - Commercial,40.71840271275526,-74.00274166032793
66606133,2025-10-25T23:09:58.000,Noise - Commercial,40.72120509742076,-73.99670626166723
66609058,2025-10-25T23:09:16.000,Noise - Commercial,40.71840271275526,-74.00274166032793
66609019,2025-10-25T23:09:00.000,Noise - Commercial,40.71807035293164,-73.992020365249
66610420,2025-10-25T23:04:27.000,Noise - Commercial,40.72879439653422,-73.99935055813754
66604937,2025-10-25T23:01:00.000,Noise - Street/Sidewalk,40.72905514631551,-74.00094169438533
66601746,2025-10-25T22:50:27.000,Noise - Commercial,40.72879439653422,-73.99935055813754
66601764,2025-10-25T22:35:52.000,Noise - Commercial,40.727490610002285,-74.00259410868611
66604621,2025-10-25T21:11:15.000,Noise - Commercial,40.71648964762977,-73.99995310452468
66612382,2025-10-25T20:58:12.000,Noise - Street/Sidewalk,40.72588741264812,-74.00815374770453
66601769,2025-10-25T19:34:00.000,Noise - Commercial,40.717872604455565,-73.99037540580335
66604933,2025-10-25T14:20:19.000,Noise - Street/Sidewalk,40.71876228369317,-74.002409788131
66603080,2025-10-25T14:07:55.000,Noise - Vehicle,40.71834197686178,-74.00940100041613
66610913,2025-10-25T02:13:58.000,Noise - Street/Sidewalk,40.72649387287765,-73.99016851118982
66607517,2025-10-25T00:08:25.000,Noise - Commercial,40.71608067809581,-73.99976913138423
66606452,2025-10-25T00:04:57.000,Noise - Street/Sidewalk,40.72976603974209,-74.00069996421334
66606464,2025-10-25T00:00:32.000,Noise - Street/Sidewalk,40.72965899371875,-74.00078655646078
66606136,2025-10-24T23:55:59.000,Noise - Commercial,40.71807035293164,-73.992020365249
66593844,2025-10-24T23:38:18.000,Noise - Street/Sidewalk,40.723202995922456,-73.99124770125584
66598358,2025-10-24T23:31:29.000,Noise - Commercial,40.71634109106208,-73.99115841892062
66595170,2025-10-24T22:58:29.000,Noise - Street/Sidewalk,40.72856109409892,-73.99993866403884
66596515,2025-10-24T19:22:27.000,Noise - Street/Sidewalk,40.72462504736767,-74.00388919182225
66596544,2025-10-24T15:43:17.000,Noise - Vehicle,40.72336518912059,-73.99570320974436
66599176,2025-10-24T15:37:58.000,Noise - Street/Sidewalk,40.72423788444561,-73.99291795992534
66597826,2025-10-24T15:15:00.000,Noise - Street/Sidewalk,40.72480900674262,-73.99892126942073
66592512,2025-10-24T13:07:53.000,Noise - Vehicle,40.72149059939244,-74.0000937979885
66600475,2025-10-24T12:40:09.000,Noise - Street/Sidewalk,40.72149059939244,-74.0000937979885
66595164,2025-10-24T11:40:21.000,Noise - Street/Sidewalk,40.718356050888325,-74.0027813403065
66593833,2025-10-24T01:53:53.000,Noise - Street/Sidewalk,40.71723618725053,-74.00284622649815
66578215,2025-10-24T00:34:58.000,Noise - Commercial,40.72287388416484,-73.99588723360148
66589595,2025-10-23T23:59:40.000,Noise - Commercial,40.71648964762977,-73.99995310452468
66581520,2025-10-23T23:50:04.000,Noise - Street/Sidewalk,40.72965899371875,-74.00078655646078
66582998,2025-10-23T23:33:29.000,Noise - Commercial,40.71648964762977,-73.99995310452468
66586233,2025-10-23T22:12:55.000,Noise - Commercial,40.71648964762977,-73.99995310452468
66586323,2025-10-23T22:02:34.000,Noise - Street/Sidewalk,40.72892339991252,-74.00067469924103
66578224,2025-10-23T21:55:48.000,Noise - Commercial,40.71843531414493,-73.99079018124641
66579941,2025-10-23T15:37:32.000,Noise - Street/Sidewalk,40.729702910209525,-74.000725219967
66581408,2025-10-23T12:17:31.000,Noise - Commercial,40.72869009738911,-74.00024173631489
66589703,2025-10-23T11:43:06.000,Noise - Street/Sidewalk,40.71696167827834,-74.00396089204578
66579918,2025-10-23T11:37:54.000,Noise - Street/Sidewalk,40.7183093890074,-74.00282102022949
66586039,2025-10-23T07:22:46.000,Noise - Vehicle,40.72175940059881,-73.99347019061277
66574261,2025-10-23T01:24:39.000,Noise - Street/Sidewalk,40.7185204568837,-73.99150805286503
66569569,2025-10-23T01:02:06.000,Noise - Commercial,40.72287388416484,-73.99588723360148
66574163,2025-10-23T00:39:29.000,Noise - Commercial,40.72195153081309,-73.99341966482956
66576812,2025-10-22T22:07:47.000,Noise - Commercial,40.71648964762977,-73.99995310452468
66576918,2025-10-22T15:59:53.000,Noise - Vehicle,40.72449054335552,-73.99580054717572
66571665,2025-10-22T15:36:04.000,Noise - Vehicle,40.72449054335552,-73.99580054717572
66567777,2025-10-22T12:23:57.000,Noise - Street/Sidewalk,40.71645943176269,-74.0023267359905
66574262,2025-10-22T12:08:22.000,Noise - Street/Sidewalk,40.718710131728336,-74.00248193553419
66576811,2025-10-22T12:04:25.000,Noise - Commercial,40.72869009738911,-74.00024173631489
66571398,2025-10-22T03:44:16.000,Noise - Vehicle,40.72968643549426,-73.99860368130425
66566417,2025-10-21T22:17:41.000,Noise - Street/Sidewalk,40.72081227275736,-73.9907537769954
66564906,2025-10-21T22:16:14.000,Noise - Street/Sidewalk,40.72081227275736,-73.9907537769954
66563212,2025-10-21T22:00:07.000,Noise - Commercial,40.72939824022615,-74.00100664400853
66560370,2025-10-21T21:56:13.000,Noise - Street/Sidewalk,40.72939824022615,-74.00100664400853
66561896,2025-10-21T21:45:39.000,Noise - Street/Sidewalk,40.72500663244907,-73.99934337943937
66555872,2025-10-21T21:34:36.000,Noise - Street/Sidewalk,40.71924260492423,-73.99708514544552
66557118,2025-10-21T19:56:26.000,Noise - Commercial,40.71742011026874,-73.99840192418509
66560382,2025-10-21T14:59:06.000,Noise - Street/Sidewalk,40.72869009738911,-74.00024173631489
66561742,2025-10-21T13:00:20.000,Noise - Commercial,40.72247318492828,-73.99704171213209
66560391,2025-10-21T11:35:53.000,Noise - Street/Sidewalk,40.72042832901015,-74.00335142086354
66555842,2025-10-21T11:33:53.000,Noise - Street/Sidewalk,40.717019319846905,-74.00391399962324
66553615,2025-10-21T00:55:27.000,Noise - Commercial,40.72141089175726,-73.99497459839357
66550943,2025-10-21T00:23:35.000,Noise - Commercial,40.71648964762977,-73.99995310452468
66545073,2025-10-21T00:01:55.000,Noise - Commercial,40.72141089175726,-73.99497459839357
66547725,2025-10-20T23:33:29.000,Noise - Commercial,40.72063144477658,-73.99677483381788
66549023,2025-10-20T23:19:12.000,Noise - Commercial,40.72678792827488,-74.00350327256554
66547837,2025-10-20T22:44:23.000,Noise - Street/Sidewalk,40.729702910209525,-74.000725219967
66554277,2025-10-20T17:55:13.000,Noise - Commercial,40.72869009738911,-74.00024173631489
66551783,2025-10-20T16:53:04.000,Noise - Street/Sidewalk,40.71645943176269,-74.0023267359905
66550385,2025-10-20T13:44:41.000,Noise - Street/Sidewalk,40.7202938249859,-74.00370495401587
66550411,2025-10-20T13:22:09.000,Noise - Street/Sidewalk,40.719069701902754,-74.00215006040527
66546267,2025-10-20T07:05:50.000,Noise - Vehicle,40.72175940059881,-73.99347019061277
66538909,2025-10-20T00:23:12.000,Noise - Commercial,40.72678792827488,-74.00350327256554
66539210,2025-10-19T23:35:39.000,Noise - Street/Sidewalk,40.718463054324985,-73.99582257166476
66540455,2025-10-19T22:14:33.000,Noise - Street/Sidewalk,40.72956262937125,-73.99167983220961
66537719,2025-10-19T18:31:21.000,Noise - Commercial,40.72678792827488,-74.00350327256554
66538892,2025-10-19T17:42:52.000,Noise - Commercial,40.71872911078678,-73.99224755670346
66540464,2025-10-19T17:04:13.000,Noise - Street/Sidewalk,40.72526696097174,-73.99010375144265
66541599,2025-10-19T17:00:31.000,Noise - Street/Sidewalk,40.71907793584285,-74.00216809809262
66542586,2025-10-19T16:47:37.000,Noise - Commercial,40.72035421423702,-73.99643934476434
66540131,2025-10-19T16:35:32.000,Noise - Commercial,40.72788302506925,-73.99486947945023
66538888,2025-10-19T16:20:29.000,Noise - Commercial,40.72041734849304,-73.99659807389274
66540476,2025-10-19T15:33:48.000,Noise - Street/Sidewalk,40.71876228369317,-74.002409788131
66544118,2025-10-19T15:30:01.000,Noise - Street/Sidewalk,40.71645943176269,-74.0023267359905
66539207,2025-10-19T15:21:12.000,Noise - Street/Sidewalk,40.72577241805309,-74.00089835383723
66541658,2025-10-19T14:22:01.000,Noise - Street/Sidewalk,40.7202938249859,-74.00370495401587
66539252,2025-10-19T09:43:07.000,Noise - Street/Sidewalk,40.71701386690623,-74.0026261672738
66539253,2025-10-19T09:31:50.000,Noise - Street/Sidewalk,40.71701386690623,-74.0026261672738
66535596,2025-10-19T05:03:16.000,Noise - Street/Sidewalk,40.71773026494201,-73.99818547206426
66535653,2025-10-19T04:28:52.000,Noise - Street/Sidewalk,40.7172059285905,-73.99516610674617
66536887,2025-10-19T04:19:30.000,Noise - Vehicle,40.71710710618584,-73.99490999009805
66539219,2025-10-19T04:12:59.000,Noise - Street/Sidewalk,40.7291347479729,-74.00015875326609
66542569,2025-10-19T03:39:04.000,Noise - Commercial,40.72401296921459,-73.99619382218174
66542574,2025-10-19T03:23:44.000,Noise - Commercial,40.72225084389515,-74.00351385703756
66534768,2025-10-19T02:34:27.000,Noise - Commercial,40.72852791716964,-73.99256752839773
66529780,2025-10-19T02:21:17.000,Noise - Commercial,40.72399336100704,-74.01026765772984
66529755,2025-10-19T02:18:19.000,Noise - Commercial,40.72389449952399,-74.01081601975336
66525500,2025-10-19T02:15:04.000,Noise - Commercial,40.72399336100704,-74.01026765772984
66526918,2025-10-19T02:13:29.000,Noise - Commercial,40.72399336100704,-74.01026765772984
66528352,2025-10-19T01:36:06.000,Noise - Commercial,40.71840271275526,-74.00274166032793
66528672,2025-10-19T01:16:08.000,Noise - Street/Sidewalk,40.71872911078678,-73.99224755670346
66526874,2025-10-19T01:14:59.000,Noise - Commercial,40.72399336100704,-74.01026765772984
66533441,2025-10-19T01:00:41.000,Noise - Street/Sidewalk,40.72911826281975,-73.99803723283195
66531583,2025-10-19T00:11:19.000,Noise - Street/Sidewalk,40.72651308617444,-73.99016850835531
66524487,2025-10-19T00:08:13.000,Noise - Street/Sidewalk,40.72651308617444,-73.99016850835531
66531657,2025-10-19T00:06:19.000,Noise - Vehicle,40.71817739480056,-73.99196624089906
66530159,2025-10-19T00:05:15.000,Noise - Street/Sidewalk,40.72654328463644,-73.99024066166999
66531243,2025-10-18T23:59:55.000,Noise - Commercial,40.71807035293164,-73.992020365249
66531249,2025-10-18T23:54:44.000,Noise - Commercial,40.71801545973173,-73.99204923123594
66531274,2025-10-18T23:17:37.000,Noise - Commercial,40.71763145486084,-73.99826844509361
66524530,2025-10-18T23:07:02.000,Noise - Street/Sidewalk,40.7251517948359,-74.00847114525853
66532961,2025-10-18T22:34:14.000,Noise - Street/Sidewalk,40.71799612943288,-74.0094947447051
66528317,2025-10-18T22:13:10.000,Noise - Commercial,40.717872604455565,-73.99037540580335
66528307,2025-10-18T21:57:12.000,Noise - Commercial,40.7241169184207,-74.00976980628137
66528360,2025-10-18T21:57:05.000,Noise - Commercial,40.7241169184207,-74.00976980628137
66525529,2025-10-18T19:32:29.000,Noise - Commercial,40.71820785091653,-73.99804837644636
66524129,2025-10-18T19:06:09.000,Noise - Commercial,40.72428175147285,-74.00783967560663
66524501,2025-10-18T17:55:44.000,Noise - Street/Sidewalk,40.71645943176269,-74.0023267359905
66524152,2025-10-18T15:46:49.000,Noise - Commercial,40.7280312288488,-73.99458443848646
66525876,2025-10-18T15:26:26.000,Noise - Street/Sidewalk,40.71645943176269,-74.0023267359905
66528698,2025-10-18T15:18:30.000,Noise - Street/Sidewalk,40.717359473441846,-74.0077847505088
66530105,2025-10-18T15:11:42.000,Noise - Street/Sidewalk,40.722300267171406,-73.99712108830063
66527240,2025-10-18T15:11:33.000,Noise - Street/Sidewalk,40.717359473441846,-74.0077847505088
66524485,2025-10-18T14:08:09.000,Noise - Street/Sidewalk,40.7280312288488,-73.99458443848646
66528756,2025-10-18T14:06:38.000,Noise - Street/Sidewalk,40.72851155584013,-73.99447255160538
66528330,2025-10-18T14:02:05.000,Noise - Commercial,40.7279049739389,-73.99466743187732
66527273,2025-10-18T13:19:39.000,Noise - Street/Sidewalk,40.72559945287357,-73.99664110340599
66531601,2025-10-18T13:01:45.000,Noise - Street/Sidewalk,40.7202938249859,-74.00370495401587
66528358,2025-10-18T12:53:33.000,Noise - Commercial,40.721520767303616,-73.99762618829345
66532616,2025-10-18T12:42:51.000,Noise - Commercial,40.721520767303616,-73.99762618829345
66534400,2025-10-18T10:32:44.000,Noise - Street/Sidewalk,40.71876228369317,-74.002409788131
66524158,2025-10-18T10:19:13.000,Noise - Commercial,40.72678792827488,-74.00350327256554
66525375,2025-10-18T05:13:55.000,Noise - Vehicle,40.72368635200795,-73.99647524407254
66526724,2025-10-18T04:23:05.000,Noise - Vehicle,40.722107878837065,-73.99181063821976
66534372,2025-10-18T03:21:06.000,Noise - Street/Sidewalk,40.72420514391774,-74.00221155803807
66529791,2025-10-18T02:52:07.000,Noise - Commercial,40.72747391687811,-73.992354777559
66527312,2025-10-18T02:18:57.000,Noise - Street/Sidewalk,40.72401296921459,-73.99619382218174
66526919,2025-10-18T02:12:29.000,Noise - Commercial,40.72401296921459,-73.99619382218174
66521970,2025-10-18T01:34:19.000,Noise - Commercial,40.71843531414493,-73.99079018124641
66520427,2025-10-18T01:11:43.000,Noise - Street/Sidewalk,40.71849844072585,-73.99075409799335
66520960,2025-10-18T00:56:45.000,Noise - Commercial,40.72374669627988,-74.00466119629756
66517988,2025-10-18T00:53:38.000,Noise - Commercial,40.71733209914747,-73.99338765439448
66522800,2025-10-18T00:23:50.000,Noise - Street/Sidewalk,40.72976603974209,-74.00069996421334
66519562,2025-10-17T23:53:42.000,Noise - Commercial,40.72374669627988,-74.00466119629756
66519566,2025-10-17T23:51:05.000,Noise - Commercial,40.71807035293164,-73.992020365249
66514973,2025-10-17T22:14:42.000,Noise - Commercial,40.72107039661541,-73.99234108175814
66511979,2025-10-17T21:53:46.000,Noise - Commercial,40.71634109106208,-73.99115841892062
66514985,2025-10-17T18:57:38.000,Noise - Commercial,40.71742011026874,-73.99840192418509
66522649,2025-10-17T18:55:57.000,Noise - Commercial,40.717785159566695,-73.99814939642602
66518095,2025-10-17T16:54:17.000,Noise - Street/Sidewalk,40.718364317880784,-74.00045093071515
66513590,2025-10-17T16:50:45.000,Noise - Street/Sidewalk,40.718364317880784,-74.00045093071515
66519557,2025-10-17T16:45:17.000,Noise - Commercial,40.72147128295989,-73.9951261136237
66516467,2025-10-17T16:42:57.000,Noise - Commercial,40.72147128295989,-73.9951261136237
66522781,2025-10-17T16:35:17.000,Noise - Street/Sidewalk,40.72561585058169,-74.0052530125091
66515157,2025-10-17T15:27:24.000,Noise - Vehicle,40.72179252277204,-73.9998520871173
66518098,2025-10-17T13:26:59.000,Noise - Street/Sidewalk,40.72032677980751,-73.99689389777535
66516465,2025-10-17T12:24:37.000,Noise - Commercial,40.72869009738911,-74.00024173631489
66511317,2025-10-17T01:20:38.000,Noise - Street/Sidewalk,40.71807035293164,-73.992020365249
66503590,2025-10-17T01:05:32.000,Noise - Commercial,40.72641463677292,-74.00365117608368
66500212,2025-10-17T00:54:17.000,Noise - Commercial,40.71648964762977,-73.99995310452468
66506942,2025-10-17T00:43:28.000,Noise - Commercial,40.72641463677292,-74.00365117608368
66503591,2025-10-17T00:41:58.000,Noise - Commercial,40.71872911078678,-73.99224755670346
66505246,2025-10-17T00:06:18.000,Noise - Commercial,40.71773026494201,-73.99818547206426
66505235,2025-10-17T00:01:01.000,Noise - Commercial,40.71872911078678,-73.99224755670346
66508617,2025-10-16T23:29:16.000,Noise - Commercial,40.71911350806538,-73.99452744332153
66505238,2025-10-16T22:52:00.000,Noise - Commercial,40.717872604455565,-73.99037540580335
66505234,2025-10-16T21:26:53.000,Noise - Commercial,40.71965147022583,-73.9943073407094
66508620,2025-10-16T20:26:27.000,Noise - Commercial,40.71965147022583,-73.9943073407094
66498389,2025-10-16T18:29:48.000,Noise - Commercial,40.719846250882014,-74.00740264322509
66501865,2025-10-16T18:26:58.000,Noise - Commercial,40.71965147022583,-73.9943073407094
66508830,2025-10-16T13:56:14.000,Noise - Street/Sidewalk,40.71645943176269,-74.0023267359905
66505481,2025-10-16T12:30:47.000,Noise - Street/Sidewalk,40.720398138017146,-74.00330452111983
66500209,2025-10-16T02:44:00.000,Noise - Commercial,40.72141089175726,-73.99497459839357
66497154,2025-10-16T01:08:19.000,Noise - Street/Sidewalk,40.72911826281975,-73.99803723283195
66497179,2025-10-15T23:44:45.000,Noise - Street/Sidewalk,40.724345013393965,-74.00556318051213
66485958,2025-10-15T23:21:51.000,Noise - Commercial,40.72374669627988,-74.00466119629756
66486131,2025-10-15T23:17:42.000,Noise - Commercial,40.71919573237897,-74.00756490805502
66495152,2025-10-15T23:14:34.000,Noise - Commercial,40.72068360797919,-73.99726906855639
66492226,2025-10-15T22:30:56.000,Noise - Commercial,40.72939824022615,-74.00100664400853
66490794,2025-10-15T21:59:24.000,Noise - Commercial,40.72112277198308,-74.00261911399296
66497180,2025-10-15T21:39:42.000,Noise - Street/Sidewalk,40.72091691039283,-74.00281752301683
66489254,2025-10-15T19:02:43.000,Noise - Commercial,40.71869870903125,-74.0104075331465
66496931,2025-10-15T19:00:33.000,Noise - Commercial,40.7188826088986,-74.01039673944203
66492219,2025-10-15T18:58:29.000,Noise - Commercial,40.71864119551798,-74.00889960558061
66493981,2025-10-15T16:57:25.000,Noise - Street/Sidewalk,40.71645943176269,-74.0023267359905
66495569,2025-10-15T12:47:40.000,Noise - Street/Sidewalk,40.72038440433181,-74.00363280794991
66490629,2025-10-15T08:34:19.000,Noise - Vehicle,40.72396594689856,-73.99011476788397
66492225,2025-10-15T03:32:22.000,Noise - Commercial,40.72141089175726,-73.99497459839357
66495306,2025-10-15T02:23:46.000,Noise - Commercial,40.72141089175726,-73.99497459839357
66479984,2025-10-15T01:23:48.000,Noise - Commercial,40.72141089175726,-73.99497459839357
66480144,2025-10-15T00:56:13.000,Noise - Street/Sidewalk,40.72851717796591,-73.99988815214454
66478386,2025-10-15T00:32:22.000,Noise - Commercial,40.717872604455565,-73.99037540580335
66475341,2025-10-15T00:26:20.000,Noise - Commercial,40.722053221516006,-73.99649336867282
66473809,2025-10-15T00:26:03.000,Noise - Commercial,40.72141089175726,-73.99497459839357
66484556,2025-10-14T23:13:06.000,Noise - Commercial,40.71768360480758,-73.99823597705887
66484400,2025-10-14T23:11:00.000,Noise - Vehicle,40.72788313927833,-74.00014431844039
66479991,2025-10-14T23:02:13.000,Noise - Commercial,40.71768360480758,-73.99823597705887
66478387,2025-10-14T22:59:22.000,Noise - Commercial,40.71773849950475,-73.99820350889932
66481496,2025-10-14T22:58:27.000,Noise - Commercial,40.71773026494201,-73.99818547206426
66478630,2025-10-14T22:50:13.000,Noise - Street/Sidewalk,40.72754004412844,-74.0004040895526
66476749,2025-10-14T22:23:14.000,Noise - Vehicle,40.72780903076772,-74.00020565354885
66484399,2025-10-14T22:22:07.000,Noise - Vehicle,40.72780903076772,-74.00020565354885
66479816,2025-10-14T22:21:03.000,Noise - Vehicle,40.72780903076772,-74.00020565354885
66479817,2025-10-14T22:19:19.000,Noise - Vehicle,40.72780903076772,-74.00020565354885
66483281,2025-10-14T20:36:40.000,Noise - Street/Sidewalk,40.72709508452844,-73.99155386314432
66477113,2025-10-14T11:45:50.000,Noise - Street/Sidewalk,40.720398138017146,-74.00330452111983
66482901,2025-10-14T11:00:01.000,Noise - Vehicle,40.72780903076772,-74.00020565354885
66481344,2025-10-14T10:58:07.000,Noise - Vehicle,40.72780903076772,-74.00020565354885
66473659,2025-10-14T10:57:04.000,Noise - Vehicle,40.72780903076772,-74.00020565354885
66482899,2025-10-14T10:55:19.000,Noise - Vehicle,40.72798744009853,-74.00003247169991
66484770,2025-10-14T04:31:51.000,Noise - Street/Sidewalk,40.72754004412844,-74.0004040895526
66463939,2025-10-14T00:59:49.000,Noise - Street/Sidewalk,40.72968643549426,-73.99860368130425
66466845,2025-10-13T19:47:24.000,Noise - Street/Sidewalk,40.72851717796591,-73.99988815214454
66463940,2025-10-13T13:36:57.000,Noise - Street/Sidewalk,40.7202938249859,-74.00370495401587
66466856,2025-10-13T07:26:28.000,Noise - Street/Sidewalk,40.72342000187258,-73.99388130791755
66455448,2025-10-12T16:08:03.000,Noise - Street/Sidewalk,40.71883364811679,-74.00237732347118
66454292,2025-10-12T15:16:25.000,Noise - Street/Sidewalk,40.72091691100805,-74.00279226992963
66456596,2025-10-12T14:32:00.000,Noise - Street/Sidewalk,40.716484140395096,-73.99797988738347
66460149,2025-10-12T13:56:17.000,Noise - Street/Sidewalk,40.7202938249859,-74.00370495401587
66457742,2025-10-12T12:56:48.000,Noise - Street/Sidewalk,40.71975314258299,-74.0023737487486
66457743,2025-10-12T03:18:48.000,Noise - Street/Sidewalk,40.72195153081309,-73.99341966482956
66452184,2025-10-12T01:55:03.000,Noise - Street/Sidewalk,40.72682360900715,-73.99646064652228
66442872,2025-10-12T01:54:30.000,Noise - Street/Sidewalk,40.72848698550797,-73.99978712837152
66444803,2025-10-12T01:49:23.000,Noise - Commercial,40.71965147022583,-73.9943073407094
66449183,2025-10-12T01:21:45.000,Noise - Street/Sidewalk,40.72063144477658,-73.99677483381788
66443426,2025-10-12T00:27:51.000,Noise - Commercial,40.72374669627988,-74.00466119629756
66447478,2025-10-12T00:14:15.000,Noise - Commercial,40.71965147022583,-73.9943073407094
66446183,2025-10-12T00:13:26.000,Noise - Commercial,40.72195153081309,-73.99341966482956
66446172,2025-10-11T23:48:56.000,Noise - Commercial,40.71763145486084,-73.99826844509361
66447456,2025-10-11T23:29:25.000,Noise - Commercial,40.72671109521736,-74.00276364952728
66450134,2025-10-11T23:02:09.000,Noise - Commercial,40.71763145486084,-73.99826844509361
66446177,2025-10-11T23:00:28.000,Noise - Commercial,40.72604661287483,-73.99190756646406
66443841,2025-10-11T22:43:19.000,Noise - Street/Sidewalk,40.72436709578568,-74.00152247921697
66448820,2025-10-11T21:08:49.000,Noise - Commercial,40.72788302506925,-73.99486947945023
66445247,2025-10-11T18:09:58.000,Noise - Street/Sidewalk,40.7185204568837,-73.99150805286503
66449226,2025-10-11T18:06:50.000,Noise - Street/Sidewalk,40.7185204568837,-73.99150805286503
66445254,2025-10-11T18:02:00.000,Noise - Street/Sidewalk,40.71846555284812,-73.99138901397032
66444824,2025-10-11T17:43:46.000,Noise - Commercial,40.720543616153485,-73.99690831792435
66442126,2025-10-11T17:36:39.000,Noise - Commercial,40.7185204568837,-73.99150805286503
66442486,2025-10-11T17:11:55.000,Noise - Street/Sidewalk,40.7185204568837,-73.99150805286503
66449195,2025-10-11T16:42:55.000,Noise - Street/Sidewalk,40.7185204568837,-73.99150805286503
66446542,2025-10-11T16:32:21.000,Noise - Street/Sidewalk,40.71848202517246,-73.99143951617165
66443429,2025-10-11T16:31:04.000,Noise - Commercial,40.7185204568837,-73.99150805286503
66449202,2025-10-11T14:02:33.000,Noise - Street/Sidewalk,40.7185204568837,-73.99150805286503
66447468,2025-10-11T13:55:18.000,Noise - Commercial,40.7185204568837,-73.99150805286503
66451799,2025-10-11T13:26:51.000,Noise - Street/Sidewalk,40.7185204568837,-73.99150805286503
66442490,2025-10-11T13:05:27.000,Noise - Street/Sidewalk,40.7185204568837,-73.99150805286503
66445253,2025-10-11T12:52:49.000,Noise - Street/Sidewalk,40.7202993304473,-74.00317103685369
66442549,2025-10-11T04:25:54.000,Noise - Street/Sidewalk,40.71773026494201,-73.99818547206426
66446595,2025-10-11T04:23:24.000,Noise - Street/Sidewalk,40.71773026494201,-73.99818547206426
66448679,2025-10-11T04:03:50.000,Noise - Commercial,40.72401296921459,-73.99619382218174
66450540,2025-10-11T03:17:33.000,Noise - Vehicle,40.72975506082844,-74.00068192378622
66449258,2025-10-11T02:37:49.000,Noise - Street/Sidewalk,40.72775962255356,-73.99919903414046
66442532,2025-10-11T02:36:33.000,Noise - Street/Sidewalk,40.72063148958728,-73.99971139452497
66450522,2025-10-11T02:25:47.000,Noise - Street/Sidewalk,40.72980721143065,-74.00063862753768
66447952,2025-10-11T01:51:33.000,Noise - Vehicle,40.72825916472606,-73.99880215018572
66447871,2025-10-11T01:48:36.000,Noise - Street/Sidewalk,40.71778515172286,-74.00228710071309
66431773,2025-10-11T00:27:49.000,Noise - Vehicle,40.71817739480056,-73.99196624089906
66436898,2025-10-10T23:51:57.000,Noise - Street/Sidewalk,40.7290853380792,-74.00100663928178
66431695,2025-10-10T23:38:56.000,Noise - Street/Sidewalk,40.72892339991252,-74.00067469924103
66435536,2025-10-10T23:34:41.000,Noise - Street/Sidewalk,40.7290853380792,-74.00100663928178
66433034,2025-10-10T23:10:46.000,Noise - Street/Sidewalk,40.7264832558053,-74.003647571958
66431579,2025-10-10T23:08:37.000,Noise - Commercial,40.72671109521736,-74.00276364952728
66435411,2025-10-10T23:01:04.000,Noise - Commercial,40.72944746257567,-74.00657385928295
66435550,2025-10-10T22:35:56.000,Noise - Street/Sidewalk,40.72435061835775,-74.00208889869363
66434269,2025-10-10T22:17:11.000,Noise - Street/Sidewalk,40.72856109409892,-73.99993866403884
66431454,2025-10-10T18:07:46.000,Noise - Vehicle,40.72001355940071,-74.00910181079617
66432893,2025-10-10T15:51:38.000,Noise - Commercial,40.7229342174866,-73.9946389680679
66436929,2025-10-10T13:13:47.000,Noise - Street/Sidewalk,40.7202938249859,-74.00370495401587
66438241,2025-10-10T13:04:00.000,Noise - Street/Sidewalk,40.716484140395096,-73.99797988738347
66435529,2025-10-10T12:15:04.000,Noise - Street/Sidewalk,40.716484140395096,-73.99797988738347
66435576,2025-10-10T11:07:06.000,Noise - Vehicle,40.72275318438477,-73.9990547869785
66431752,2025-10-10T08:51:08.000,Noise - Street/Sidewalk,40.72334315018266,-73.99391017669527
66434147,2025-10-10T06:46:00.000,Noise - Commercial,40.71610223532564,-73.99039009074113
66421687,2025-10-10T01:28:27.000,Noise - Street/Sidewalk,40.725492412170006,-74.00318932311473
66422330,2025-10-09T23:40:57.000,Noise - Commercial,40.72287388416484,-73.99588723360148
66423719,2025-10-09T22:04:24.000,Noise - Street/Sidewalk,40.72775412473382,-74.00159832363298
66426406,2025-10-09T21:29:57.000,Noise - Street/Sidewalk,40.72766080573588,-74.00138906035434
66426156,2025-10-09T21:07:44.000,Noise - Vehicle,40.72219827373225,-74.01044054852832
66421156,2025-10-09T21:03:50.000,Noise - Street/Sidewalk,40.72766080573588,-74.00138906035434
66421153,2025-10-09T21:02:38.000,Noise - Street/Sidewalk,40.72734789993222,-74.00165964873445
66423737,2025-10-09T21:00:54.000,Noise - Street/Sidewalk,40.72766080573588,-74.00138906035434
66425068,2025-10-09T20:41:41.000,Noise - Street/Sidewalk,40.727257321908255,-74.00173180502121
66423726,2025-10-09T20:31:18.000,Noise - Street/Sidewalk,40.72734789993222,-74.00165964873445
66430147,2025-10-09T20:12:04.000,Noise - Vehicle,40.71979676197865,-74.008600335454
66424851,2025-10-09T19:58:26.000,Noise - Vehicle,40.72142197640664,-73.99903316019109
66421167,2025-10-09T18:12:57.000,Noise - Street/Sidewalk,40.72218180485528,-74.01044415360073
66423600,2025-10-09T15:58:02.000,Noise - Commercial,40.7185204568837,-73.99150805286503
66422327,2025-10-09T12:27:24.000,Noise - Commercial,40.72247318492828,-73.99704171213209
66429091,2025-10-09T12:08:43.000,Noise - Street/Sidewalk,40.72042832901015,-74.00335142086354
66423736,2025-10-09T11:23:22.000,Noise - Street/Sidewalk,40.71645943176269,-74.0023267359905
66418826,2025-10-09T00:43:05.000,Noise - Commercial,40.72225084389515,-74.00351385703756
66415245,2025-10-09T00:20:09.000,Noise - Commercial,40.72678792827488,-74.00350327256554
66418406,2025-10-09T00:11:16.000,Noise - Street/Sidewalk,40.72112277198308,-74.00261911399296
66419583,2025-10-08T23:56:07.000,Noise - Commercial,40.72707618085859,-74.00018400378333
66409369,2025-10-08T23:02:11.000,Noise - Commercial,40.72944746257567,-74.00657385928295
66412564,2025-10-08T20:43:23.000,Noise - Street/Sidewalk,40.7290853380792,-74.00100663928178
66409673,2025-10-08T20:33:10.000,Noise - Street/Sidewalk,40.71872911078678,-73.99224755670346
66409373,2025-10-08T20:13:32.000,Noise - Commercial,40.724377985199006,-73.99520887978339
66418421,2025-10-08T20:05:09.000,Noise - Street/Sidewalk,40.71605840306777,-73.99145425673682
66414060,2025-10-08T19:56:58.000,Noise - Street/Sidewalk,40.71605840306777,-73.99145425673682
66419846,2025-10-08T19:52:49.000,Noise - Street/Sidewalk,40.71605840306777,-73.99145425673682
66418107,2025-10-08T17:45:40.000,Noise - Commercial,40.71610223532564,-73.99039009074113
66418407,2025-10-08T14:01:38.000,Noise - Street/Sidewalk,40.72042832901015,-74.00335142086354
66418116,2025-10-08T13:36:54.000,Noise - Commercial,40.72101020147137,-73.99612544947975
66412271,2025-10-08T10:16:23.000,Noise - Commercial,40.72447926379464,-73.99068111269287
66415119,2025-10-08T08:13:35.000,Noise - Vehicle,40.72185546509267,-73.99343410485353
66412151,2025-10-08T08:04:35.000,Noise - Vehicle,40.71797995790465,-74.00466440042045
66412273,2025-10-08T07:40:21.000,Noise - Commercial,40.72250863023186,-73.99204869519959
66403910,2025-10-07T23:48:29.000,Noise - Street/Sidewalk,40.71849844072585,-73.99075409799335
66405079,2025-10-07T23:08:05.000,Noise - Commercial,40.72225084389515,-74.00351385703756
66406543,2025-10-07T22:53:21.000,Noise - Commercial,40.72531399416446,-74.00349237161738
66406776,2025-10-07T21:16:37.000,Noise - Street/Sidewalk,40.728522667450505,-73.99986289616588
66402458,2025-10-07T21:15:20.000,Noise - Street/Sidewalk,40.71607762145887,-73.99152279339022
66398067,2025-10-07T21:01:10.000,Noise - Street/Sidewalk,40.72832504382953,-73.99945880225974
66405080,2025-10-07T20:12:06.000,Noise - Commercial,40.71742011026874,-73.99840192418509
66407947,2025-10-07T14:04:41.000,Noise - Commercial,40.72247318492828,-73.99704171213209
66408209,2025-10-07T12:35:16.000,Noise - Street/Sidewalk,40.719357905960415,-74.00190475973656
66402456,2025-10-07T12:06:38.000,Noise - Street/Sidewalk,40.7202938249859,-74.00370495401587
66402181,2025-10-07T11:58:23.000,Noise - Commercial,40.72109255050891,-73.99631664714242
66403945,2025-10-07T10:17:31.000,Noise - Street/Sidewalk,40.71645943176269,-74.0023267359905
66391937,2025-10-06T22:15:47.000,Noise - Street/Sidewalk,40.728522667450505,-73.99986289616588
66390252,2025-10-06T14:45:23.000,Noise - Commercial,40.72109255050891,-73.99631664714242
66396519,2025-10-06T13:32:15.000,Noise - Street/Sidewalk,40.7202938249859,-74.00370495401587
66387139,2025-10-06T13:20:50.000,Noise - Commercial,40.72109255050891,-73.99631664714242
66393457,2025-10-06T12:20:54.000,Noise - Street/Sidewalk,40.718441140751096,-74.00268394271059
66391941,2025-10-06T09:06:15.000,Noise - Street/Sidewalk,40.72221517365986,-73.99689020210982
66379132,2025-10-06T01:24:43.000,Noise - Street/Sidewalk,40.72160310374767,-73.99733757567812
66378021,2025-10-06T01:02:50.000,Noise - Street/Sidewalk,40.7225664529733,-74.00459617563315
66380032,2025-10-06T00:41:36.000,Noise - Vehicle,40.72965899371875,-74.00078655646078
66378560,2025-10-05T23:48:10.000,Noise - Commercial,40.72228652364041,-74.00358240442132
66378869,2025-10-05T23:24:07.000,Noise - Street/Sidewalk,40.727350654273856,-74.00073962609699
66376267,2025-10-05T23:12:06.000,Noise - Commercial,40.71631908276552,-74.00947286179263
66384379,2025-10-05T22:51:02.000,Noise - Commercial,40.71631908276552,-74.00947286179263
66384359,2025-10-05T22:33:58.000,Noise - Commercial,40.72228652364041,-74.00358240442132
66382404,2025-10-05T22:10:04.000,Noise - Street/Sidewalk,40.72448782000617,-73.99643551613369
66379693,2025-10-05T22:04:03.000,Noise - Commercial,40.72109255050891,-73.99631664714242
66384678,2025-10-05T22:02:01.000,Noise - Street/Sidewalk,40.727350654273856,-74.00073962609699
66379698,2025-10-05T22:00:54.000,Noise - Commercial,40.727350654273856,-74.00073962609699
66376587,2025-10-05T21:59:07.000,Noise - Street/Sidewalk,40.727350654273856,-74.00073962609699
66378840,2025-10-05T21:45:03.000,Noise - Street/Sidewalk,40.7185204568837,-73.99150805286503
66379692,2025-10-05T21:43:51.000,Noise - Commercial,40.72103765182116,-73.99620842246371
66376245,2025-10-05T21:38:12.000,Noise - Commercial,40.72228652364041,-74.00358240442132
66378562,2025-10-05T21:28:56.000,Noise - Commercial,40.72228652364041,-74.00358240442132
66383205,2025-10-05T20:41:45.000,Noise - Commercial,40.7185204568837,-73.99150805286503
66380911,2025-10-05T20:41:28.000,Noise - Commercial,40.72247318492828,-73.99704171213209
66376252,2025-10-05T20:15:19.000,Noise - Commercial,40.7185204568837,-73.99150805286503
66383189,2025-10-05T16:24:40.000,Noise - Commercial,40.72312643038466,-73.9967819284834
66384367,2025-10-05T12:01:37.000,Noise - Commercial,40.71886653799078,-73.99593437803522
66380004,2025-10-05T09:30:15.000,Noise - Street/Sidewalk,40.71701386690623,-74.0026261672738
66381238,2025-10-05T09:22:00.000,Noise - Street/Sidewalk,40.71690408039322,-74.0024494019803
66383187,2025-10-05T05:47:26.000,Noise - Commercial,40.72877791962051,-74.00153340401842
66378433,2025-10-05T05:02:38.000,Noise - Vehicle,40.72855834935655,-73.99997474401702
66379567,2025-10-05T04:57:56.000,Noise - Commercial,40.72401296921459,-73.99619382218174
66378561,2025-10-05T04:13:48.000,Noise - Commercial,40.72020573484705,-74.00854988259313
66376515,2025-10-05T03:31:46.000,Noise - Street/Sidewalk,40.72401296921459,-73.99619382218174
66371863,2025-10-05T02:43:54.000,Noise - Street/Sidewalk,40.72401296921459,-73.99619382218174
66371878,2025-10-05T02:41:03.000,Noise - Vehicle,40.72472932997947,-73.99560571145413
66375061,2025-10-05T02:16:09.000,Noise - Commercial,40.71965147022583,-73.9943073407094
66372471,2025-10-05T01:24:20.000,Noise - Commercial,40.722986417689576,-73.99584393430578
66372772,2025-10-05T00:34:13.000,Noise - Street/Sidewalk,40.72223168298576,-73.9994696747065
66367039,2025-10-05T00:29:17.000,Noise - Commercial,40.7174224089932,-74.01025943066469
66372470,2025-10-05T00:25:05.000,Noise - Commercial,40.720875751124346,-73.99773083113573
66369839,2025-10-05T00:00:30.000,Noise - Commercial,40.72707618085859,-74.00018400378333
66372736,2025-10-04T23:56:58.000,Noise - Street/Sidewalk,40.72855834935655,-73.99997474401702
66373710,2025-10-04T23:52:17.000,Noise - Commercial,40.72879439653422,-73.99935055813754
66374034,2025-10-04T23:42:12.000,Noise - Street/Sidewalk,40.72955469235684,-74.00087675651746
66375350,2025-10-04T23:39:55.000,Noise - Street/Sidewalk,40.72856109409892,-73.99993866403884
66368907,2025-10-04T23:17:36.000,Noise - Street/Sidewalk,40.72261037167782,-74.00453124050189
66369852,2025-10-04T23:13:59.000,Noise - Commercial,40.72994718864504,-74.00127725775836
66367195,2025-10-04T23:10:51.000,Noise - Commercial,40.72879439653422,-73.99935055813754
66369694,2025-10-04T22:59:58.000,Noise - Commercial,40.72879439653422,-73.99935055813754
66368503,2025-10-04T22:49:13.000,Noise - Commercial,40.72879439653422,-73.99935055813754
66365942,2025-10-04T22:22:22.000,Noise - Commercial,40.717872604455565,-73.99037540580335
66367178,2025-10-04T22:07:36.000,Noise - Commercial,40.72788302506925,-73.99486947945023
66370162,2025-10-04T21:33:30.000,Noise - Street/Sidewalk,40.71843531414493,-73.99079018124641
66369841,2025-10-04T21:27:31.000,Noise - Commercial,40.72788302506925,-73.99486947945023
66368501,2025-10-04T19:59:25.000,Noise - Commercial,40.72879439653422,-73.99935055813754
66372329,2025-10-04T17:42:17.000,Noise - Commercial,40.72957654135774,-74.00508735430294
66370237,2025-10-04T16:07:11.000,Noise - Street/Sidewalk,40.7202938249859,-74.00370495401587
66371186,2025-10-04T16:04:35.000,Noise - Commercial,40.72550341589275,-74.00211779748555
66366214,2025-10-04T16:03:59.000,Noise - Street/Sidewalk,40.72228383157235,-74.00083697662836
66370127,2025-10-04T15:32:07.000,Noise - Street/Sidewalk,40.724880345694245,-74.00261926166891
66367186,2025-10-04T15:27:40.000,Noise - Commercial,40.72564065618529,-74.00198070394194
66366251,2025-10-04T15:21:36.000,Noise - Street/Sidewalk,40.72566810369336,-74.00198431259882
66371473,2025-10-04T15:05:12.000,Noise - Street/Sidewalk,40.72566810369336,-74.00198431259882
66372722,2025-10-04T14:41:57.000,Noise - Street/Sidewalk,40.72477604400618,-73.9973410567097
66369842,2025-10-04T13:28:08.000,Noise - Commercial,40.72566810369336,-74.00198431259882
66371042,2025-10-04T13:06:09.000,Noise - Vehicle,40.72693345363691,-73.99991701807936
66371172,2025-10-04T12:41:02.000,Noise - Commercial,40.721734604885576,-73.99199828075187
66372847,2025-10-04T10:57:20.000,Noise - Street/Sidewalk,40.71876228369317,-74.002409788131
66368883,2025-10-04T10:43:41.000,Noise - Street/Sidewalk,40.71645943176269,-74.0023267359905
66370247,2025-10-04T10:09:55.000,Noise - Street/Sidewalk,40.71621759109415,-74.00865398356005
66371039,2025-10-04T04:50:26.000,Noise - Vehicle,40.72360674743683,-73.99626599997192
66375383,2025-10-04T02:30:05.000,Noise - Street/Sidewalk,40.71901744438311,-73.99458877838775
66365273,2025-10-04T01:51:01.000,Noise - Street/Sidewalk,40.7291347479729,-74.00015875326609
66356073,2025-10-04T01:36:58.000,Noise - Street/Sidewalk,40.71872911078678,-73.99224755670346
66364491,2025-10-04T01:20:50.000,Noise - Commercial,40.71965147022583,-73.9943073407094
66353752,2025-10-04T00:48:32.000,Noise - Commercial,40.71913275884676,-74.00461758376429
66358348,2025-10-04T00:34:20.000,Noise - Commercial,40.72678792827488,-74.00350327256554
66356768,2025-10-04T00:32:15.000,Noise - Commercial,40.72063144477658,-73.99677483381788
66355302,2025-10-04T00:28:03.000,Noise - Commercial,40.71965147022583,-73.9943073407094
66364328,2025-10-04T00:18:29.000,Noise - Vehicle,40.723202995922456,-73.99124770125584
66355552,2025-10-03T23:49:58.000,Noise - Street/Sidewalk,40.72435061835775,-74.00208889869363
66360189,2025-10-03T23:44:27.000,Noise - Street/Sidewalk,40.71812511051327,-73.99023467946085
66359858,2025-10-03T23:33:32.000,Noise - Commercial,40.72374669627988,-74.00466119629756
66359859,2025-10-03T23:22:21.000,Noise - Commercial,40.72671109521736,-74.00276364952728
66358137,2025-10-03T23:18:05.000,Noise - Commercial,40.72374669627988,-74.00466119629756
66363226,2025-10-03T22:31:31.000,Noise - Street/Sidewalk,40.72869009738911,-74.00024173631489
66362919,2025-10-03T22:22:04.000,Noise - Commercial,40.71631357249486,-73.99027823289293
66359865,2025-10-03T22:18:53.000,Noise - Commercial,40.717872604455565,-73.99037540580335
66355587,2025-10-03T22:03:21.000,Noise - Street/Sidewalk,40.723035785813664,-73.99490953729197
66358654,2025-10-03T22:01:30.000,Noise - Street/Sidewalk,40.723035785813664,-73.99490953729197
66358335,2025-10-03T22:00:36.000,Noise - Commercial,40.7241169184207,-74.00976980628137
66360165,2025-10-03T21:13:39.000,Noise - Street/Sidewalk,40.7290853380792,-74.00100663928178
66360223,2025-10-03T21:09:44.000,Noise - Street/Sidewalk,40.72955469235684,-74.00087675651746
66355583,2025-10-03T20:22:33.000,Noise - Street/Sidewalk,40.72081227275736,-73.9907537769954
66354105,2025-10-03T19:47:36.000,Noise - Street/Sidewalk,40.716491976114185,-73.99020966732719
66355602,2025-10-03T19:41:28.000,Noise - Street/Sidewalk,40.71880866483587,-73.99161984770691
66360196,2025-10-03T19:20:56.000,Noise - Street/Sidewalk,40.72788313927833,-74.00014431844039
66359857,2025-10-03T18:55:09.000,Noise - Commercial,40.71913275884676,-74.00461758376429
66358178,2025-10-03T18:02:39.000,Noise - Vehicle,40.72755889546011,-73.99086107921278
66361752,2025-10-03T17:26:15.000,Noise - Vehicle,40.72043660782229,-74.00098847086163
66357151,2025-10-03T17:16:51.000,Noise - Street/Sidewalk,40.72853363760191,-73.99856401750087
66364826,2025-10-03T17:04:00.000,Noise - Street/Sidewalk,40.72845678526965,-73.99863257100623
66364815,2025-10-03T16:55:32.000,Noise - Street/Sidewalk,40.71876228369317,-74.002409788131
66357156,2025-10-03T16:09:30.000,Noise - Street/Sidewalk,40.725950598288,-73.99268326724851
66357123,2025-10-03T15:00:21.000,Noise - Street/Sidewalk,40.72357660353234,-73.99832962199942
66358636,2025-10-03T14:36:09.000,Noise - Street/Sidewalk,40.72348328289088,-73.99840899424028
66354075,2025-10-03T14:29:57.000,Noise - Street/Sidewalk,40.72357660353234,-73.99832962199942
66360155,2025-10-03T12:35:58.000,Noise - Street/Sidewalk,40.7202938249859,-74.00370495401587
66359873,2025-10-03T07:14:16.000,Noise - Commercial,40.722047496202826,-73.99183950680036
66361401,2025-10-03T07:02:47.000,Noise - Commercial,40.722047496202826,-73.99183950680036
66349951,2025-10-03T00:49:37.000,Noise - Commercial,40.72979348359966,-73.9988418113143
66344972,2025-10-03T00:29:01.000,Noise - Commercial,40.71773026494201,-73.99818547206426
66344963,2025-10-03T00:22:59.000,Noise - Commercial,40.71648964762977,-73.99995310452468
66346357,2025-10-02T23:59:07.000,Noise - Street/Sidewalk,40.72924727528542,-74.00133858093584
66347620,2025-10-02T23:55:50.000,Noise - Street/Sidewalk,40.72916767899508,-74.00119065008408
66350096,2025-10-02T23:28:51.000,Noise - Street/Sidewalk,40.72374669627988,-74.00466119629756
66350072,2025-10-02T23:14:14.000,Noise - Street/Sidewalk,40.720837233857374,-73.99489888247824
66351192,2025-10-02T22:57:23.000,Noise - Commercial,40.720837233857374,-73.99489888247824
66346350,2025-10-02T22:42:13.000,Noise - Street/Sidewalk,40.721921241901896,-73.99190445974854
66352469,2025-10-02T22:25:25.000,Noise - Commercial,40.727350654273856,-74.00073962609699
66348733,2025-10-02T20:58:22.000,Noise - Commercial,40.71886653799078,-73.99593437803522
66347508,2025-10-02T20:42:19.000,Noise - Commercial,40.7179498438578,-73.99807002854102
66347495,2025-10-02T20:06:03.000,Noise - Commercial,40.72103765182116,-73.99620842246371
66350081,2025-10-02T12:46:18.000,Noise - Street/Sidewalk,40.7202938249859,-74.00370495401587
66350109,2025-10-02T11:09:53.000,Noise - Vehicle,40.71945945437206,-73.99767676678144
66346353,2025-10-02T09:17:14.000,Noise - Street/Sidewalk,40.71773026494201,-73.99818547206426
66347501,2025-10-02T07:58:50.000,Noise - Commercial,40.722047496202826,-73.99183950680036
66348738,2025-10-02T04:33:43.000,Noise - Commercial,40.72783372397517,-73.99849908933291
66333750,2025-10-02T00:51:32.000,Noise - Commercial,40.71733209914747,-73.99338765439448
66337023,2025-10-02T00:21:57.000,Noise - Commercial,40.71757069164552,-73.9905053159014
66337286,2025-10-02T00:17:05.000,Noise - Street/Sidewalk,40.72911276304618,-73.99750685293887
66336484,2025-10-01T23:56:44.000,Noise - Street/Sidewalk,40.72575567594754,-73.99201222932258
66343020,2025-10-01T23:27:15.000,Noise - Street/Sidewalk,40.72654328463644,-73.99024066166999
66340015,2025-10-01T22:22:47.000,Noise - Vehicle,40.72566537414187,-74.00066023489215
66334628,2025-10-01T22:03:04.000,Noise - Street/Sidewalk,40.71660462938471,-73.99171391593737
66342559,2025-10-01T21:38:06.000,Noise - Street/Sidewalk,40.72868459718763,-73.99841247806296
66339886,2025-10-01T16:39:40.000,Noise - Commercial,40.72851717796591,-73.99988815214454
66333285,2025-10-01T14:56:12.000,Noise - Street/Sidewalk,40.71645943176269,-74.0023267359905
66334622,2025-10-01T13:44:21.000,Noise - Street/Sidewalk,40.7202938249859,-74.00370495401587
66337284,2025-10-01T08:07:50.000,Noise - Street/Sidewalk,40.72482802912929,-73.993282284569
66334668,2025-10-01T02:21:08.000,Noise - Street/Sidewalk,40.72905789474462,-74.00020204937837
66334653,2025-10-01T02:16:08.000,Noise - Street/Sidewalk,40.7291347479729,-74.00015875326609
66328731,2025-09-30T23:09:59.000,Noise - Commercial,40.72063144477658,-73.99677483381788
66325614,2025-09-30T20:36:58.000,Noise - Vehicle,40.72693345363691,-73.99991701807936
66327385,2025-09-30T19:27:50.000,Noise - Street/Sidewalk,40.72041154344543,-73.99082237616469
66328733,2025-09-30T18:16:03.000,Noise - Commercial,40.72428175147285,-74.00783967560663
66327401,2025-09-30T13:32:57.000,Noise - Street/Sidewalk,40.7202993304473,-74.00317103685369
66331945,2025-09-30T07:23:12.000,Noise - Vehicle,40.72622223800498,-73.99136636447169
66312760,2025-09-29T22:39:54.000,Noise - Commercial,40.71773026494201,-73.99818547206426
66309906,2025-09-29T22:20:56.000,Noise - Commercial,40.72531399416446,-74.00349237161738
66320079,2025-09-29T22:01:18.000,Noise - Street/Sidewalk,40.71781522766775,-74.00566003571015
66317131,2025-09-29T13:16:41.000,Noise - Commercial,40.717848033845705,-73.99211418472873
66320062,2025-09-29T11:30:23.000,Noise - Street/Sidewalk,40.7202938249859,-74.00370495401587
66318541,2025-09-29T02:14:00.000,Noise - Commercial,40.72032952514841,-73.99691554295998
66304575,2025-09-29T00:30:52.000,Noise - Commercial,40.72091692431659,-73.99782462691499
66299262,2025-09-28T22:21:32.000,Noise - Commercial,40.72539624168502,-74.00584107089817
66303235,2025-09-28T22:07:53.000,Noise - Commercial,40.72539624168502,-74.00584107089817
66300575,2025-09-28T21:59:59.000,Noise - Commercial,40.72636517982995,-74.00501495157229
66304890,2025-09-28T21:48:24.000,Noise - Street/Sidewalk,40.724402629306745,-74.00603941130332
66307497,2025-09-28T20:42:39.000,Noise - Street/Sidewalk,40.7227971001816,-73.99901510181334
66306256,2025-09-28T20:40:47.000,Noise - Street/Sidewalk,40.7227971001816,-73.99901510181334
66299253,2025-09-28T20:40:17.000,Noise - Commercial,40.72428175147285,-74.00783967560663
66302186,2025-09-28T20:39:22.000,Noise - Street/Sidewalk,40.7227971001816,-73.99901510181334
66299593,2025-09-28T20:29:43.000,Noise - Street/Sidewalk,40.72270652378744,-73.99909086444792
66303582,2025-09-28T19:40:21.000,Noise - Street/Sidewalk,40.71824316962434,-73.9906495176694
66305886,2025-09-28T19:23:44.000,Noise - Commercial,40.72428175147285,-74.00783967560663
66303217,2025-09-28T18:07:32.000,Noise - Commercial,40.72247318492828,-73.99704171213209
66299627,2025-09-28T17:55:58.000,Noise - Street/Sidewalk,40.718356050888325,-74.0027813403065
66299136,2025-09-28T14:56:59.000,Noise - Vehicle,40.726033144650046,-73.99742398735197
66308780,2025-09-28T11:55:57.000,Noise - Street/Sidewalk,40.72107880680223,-74.00426056692281
66307548,2025-09-28T10:41:53.000,Noise - Street/Sidewalk,40.72574768027328,-74.00297647245274
66302194,2025-09-28T10:27:31.000,Noise - Street/Sidewalk,40.72574768027328,-74.00297647245274
66302260,2025-09-28T10:21:38.000,Noise - Street/Sidewalk,40.71707685680416,-74.00624797530234
66299119,2025-09-28T04:44:39.000,Noise - Vehicle,40.7234502849992,-73.99593409840375
66308871,2025-09-28T02:43:44.000,Noise - Street/Sidewalk,40.72401296921459,-73.99619382218174
66308482,2025-09-28T02:04:14.000,Noise - Commercial,40.71895715946186,-73.99748919544425
66302221,2025-09-28T01:19:53.000,Noise - Street/Sidewalk,40.72856109409892,-73.99993866403884
66307569,2025-09-28T01:13:55.000,Noise - Street/Sidewalk,40.72987820319557,-73.99072365451066
66304926,2025-09-28T01:12:56.000,Noise - Street/Sidewalk,40.72987820319557,-73.99072365451066
66300987,2025-09-28T01:11:41.000,Noise - Street/Sidewalk,40.72401296921459,-73.99619382218174
66302177,2025-09-28T01:11:40.000,Noise - Street/Sidewalk,40.72987820319557,-73.99072365451066
66304925,2025-09-28T01:01:08.000,Noise - Street/Sidewalk,40.72987820319557,-73.99072365451066
66297447,2025-09-28T00:35:07.000,Noise - Street/Sidewalk,40.72987820319557,-73.99072365451066
66296187,2025-09-27T23:57:04.000,Noise - Commercial,40.72374669627988,-74.00466119629756
66292069,2025-09-27T23:26:30.000,Noise - Commercial,40.72707618085859,-74.00018400378333
66297460,2025-09-27T22:49:20.000,Noise - Street/Sidewalk,40.72185817927521,-74.00708178719748
66289684,2025-09-27T22:45:56.000,Noise - Commercial,40.722094395816704,-73.99659077299238
66290870,2025-09-27T22:39:23.000,Noise - Commercial,40.72957654135774,-74.00508735430294
66293847,2025-09-27T22:24:33.000,Noise - Commercial,40.7241169184207,-74.00976980628137
66295618,2025-09-27T22:20:16.000,Noise - Commercial,40.71911350806538,-73.99452744332153
66294976,2025-09-27T21:43:45.000,Noise - Commercial,40.724956972491306,-73.99231898827651
66290868,2025-09-27T21:32:45.000,Noise - Commercial,40.72788302506925,-73.99486947945023
66292282,2025-09-27T21:32:29.000,Noise - Street/Sidewalk,40.71885278403961,-74.00484483511336
66293280,2025-09-27T21:08:30.000,Noise - Commercial,40.72428175147285,-74.00783967560663
66294440,2025-09-27T21:00:38.000,Noise - Commercial,40.72924727528542,-74.00133858093584
66290863,2025-09-27T20:55:31.000,Noise - Commercial,40.72428175147285,-74.00783967560663
66290858,2025-09-27T19:22:54.000,Noise - Commercial,40.72428175147285,-74.00783967560663
66293302,2025-09-27T19:14:36.000,Noise - Commercial,40.72924727528542,-74.00133858093584
66292074,2025-09-27T19:12:35.000,Noise - Commercial,40.72428175147285,-74.00783967560663
66289693,2025-09-27T19:04:03.000,Noise - Commercial,40.72428175147285,-74.00783967560663
66290877,2025-09-27T18:42:02.000,Noise - Commercial,40.72247318492828,-73.99704171213209
66292101,2025-09-27T18:14:06.000,Noise - Commercial,40.717785159566695,-73.99814939642602
66290864,2025-09-27T17:54:19.000,Noise - Commercial,40.72428175147285,-74.00783967560663
66294656,2025-09-27T17:32:19.000,Noise - Street/Sidewalk,40.7290853380792,-74.00100663928178
66294677,2025-09-27T17:01:32.000,Noise - Street/Sidewalk,40.72997986439937,-73.99213800558245
66294722,2025-09-27T16:22:13.000,Noise - Street/Sidewalk,40.72251713841707,-74.0003860207446
66298330,2025-09-27T16:07:19.000,Noise - Street/Sidewalk,40.72251713841707,-74.0003860207446
66298324,2025-09-27T15:22:49.000,Noise - Street/Sidewalk,40.71876228369317,-74.002409788131
66289954,2025-09-27T15:20:30.000,Noise - Street/Sidewalk,40.72348328289088,-73.99840899424028
66295884,2025-09-27T15:16:59.000,Noise - Street/Sidewalk,40.72348328289088,-73.99840899424028
66298062,2025-09-27T12:35:22.000,Noise - Commercial,40.722456687107886,-74.00393596495783
66289688,2025-09-27T04:21:57.000,Noise - Commercial,40.72401296921459,-73.99619382218174
66296703,2025-09-27T04:05:19.000,Noise - Vehicle,40.72401296921459,-73.99619382218174
66295907,2025-09-27T03:46:33.000,Noise - Street/Sidewalk,40.71773026494201,-73.99818547206426
66294448,2025-09-27T03:36:56.000,Noise - Commercial,40.71773026494201,-73.99818547206426
66293298,2025-09-27T03:01:02.000,Noise - Commercial,40.71965147022583,-73.9943073407094
66294637,2025-09-27T02:04:53.000,Noise - Street/Sidewalk,40.72867088423207,-74.00016596816835
66285984,2025-09-27T01:24:19.000,Noise - Street/Sidewalk,40.72955469235684,-74.00087675651746
66289027,2025-09-27T01:09:10.000,Noise - Street/Sidewalk,40.72654328463644,-73.99024066166999
66285192,2025-09-27T00:57:55.000,Noise - Commercial,40.720875751124346,-73.99773083113573
66286952,2025-09-27T00:51:04.000,Noise - Street/Sidewalk,40.72269275062438,-74.00349223425704
66287446,2025-09-27T00:46:39.000,Noise - Street/Sidewalk,40.72082357574888,-73.99669906536468
66280724,2025-09-27T00:44:12.000,Noise - Commercial,40.71965147022583,-73.9943073407094
66280709,2025-09-27T00:14:54.000,Noise - Commercial,40.72671109521736,-74.00276364952728
66280716,2025-09-27T00:08:22.000,Noise - Commercial,40.72851717796591,-73.99988815214454
66280720,2025-09-26T23:39:42.000,Noise - Commercial,40.72147128295989,-73.9951261136237
66282449,2025-09-26T23:28:52.000,Noise - Street/Sidewalk,40.71807035293164,-73.992020365249
66286977,2025-09-26T23:19:41.000,Noise - Vehicle,40.72443565363314,-73.99595207715815
66282520,2025-09-26T22:49:55.000,Noise - Vehicle,40.72312081706833,-74.00623411111634
66277862,2025-09-26T22:16:38.000,Noise - Street/Sidewalk,40.72129289296223,-73.99560593803403
66285385,2025-09-26T21:57:44.000,Noise - Street/Sidewalk,40.721375319366416,-74.00021645652211
66288203,2025-09-26T21:35:45.000,Noise - Commercial,40.72201204701967,-73.99639235683047
66285396,2025-09-26T21:11:51.000,Noise - Street/Sidewalk,40.722053221516006,-73.99649336867282
66286955,2025-09-26T20:43:38.000,Noise - Street/Sidewalk,40.722053221516006,-73.99649336867282
66286715,2025-09-26T20:35:08.000,Noise - Commercial,40.722053221516006,-73.99649336867282
66277881,2025-09-26T20:29:31.000,Noise - Street/Sidewalk,40.722053221516006,-73.99649336867282
66282442,2025-09-26T20:22:29.000,Noise - Street/Sidewalk,40.716484140395096,-73.99797988738347
66288199,2025-09-26T19:32:47.000,Noise - Commercial,40.72195165842647,-73.99626970034271
66277620,2025-09-26T19:18:16.000,Noise - Commercial,40.722053221516006,-73.99649336867282
66282486,2025-09-26T19:04:32.000,Noise - Street/Sidewalk,40.722053221516006,-73.99649336867282
66279195,2025-09-26T17:51:23.000,Noise - Commercial,40.72086749209638,-73.99670627835198
66288198,2025-09-26T17:49:55.000,Noise - Commercial,40.72082632112623,-73.99672071070262
66282427,2025-09-26T16:39:38.000,Noise - Street/Sidewalk,40.72094983392642,-73.99667380601156
66280924,2025-09-26T16:21:38.000,Noise - Street/Sidewalk,40.72117215652796,-73.99657638977774
66286892,2025-09-26T15:58:00.000,Noise - Street/Sidewalk,40.72117215652796,-73.99657638977774
66283673,2025-09-26T15:49:39.000,Noise - Commercial,40.71808709503711,-74.00082970906477
66288438,2025-09-26T15:15:51.000,Noise - Street/Sidewalk,40.72094983392642,-73.99667380601156
66277851,2025-09-26T14:08:01.000,Noise - Street/Sidewalk,40.72500663244907,-73.99934337943937
66277609,2025-09-26T13:01:08.000,Noise - Commercial,40.7201648413282,-73.99698048635884
66279387,2025-09-26T12:03:00.000,Noise - Street/Sidewalk,40.7202938249859,-74.00370495401587
66288036,2025-09-26T07:27:55.000,Noise - Vehicle,40.72446024017421,-74.00656975955327
66286695,2025-09-26T03:04:11.000,Noise - Commercial,40.72678792827488,-74.00350327256554
66282446,2025-09-26T03:01:47.000,Noise - Street/Sidewalk,40.72070559790675,-73.99965006547241
66285457,2025-09-26T02:53:59.000,Noise - Street/Sidewalk,40.72043386722921,-73.99986652036358
66285186,2025-09-26T02:49:16.000,Noise - Commercial,40.722053221516006,-73.99649336867282
66288188,2025-09-26T01:37:57.000,Noise - Commercial,40.71872911078678,-73.99224755670346
66268021,2025-09-26T00:58:54.000,Noise - Commercial,40.71608067809581,-73.99976913138423
66273844,2025-09-25T23:12:22.000,Noise - Commercial,40.72531399416446,-74.00349237161738
66273858,2025-09-25T22:44:30.000,Noise - Commercial,40.7189129617464,-73.99156572246149
66267339,2025-09-25T20:35:45.000,Noise - Vehicle,40.72755889546011,-73.99086107921278
66271299,2025-09-25T19:57:56.000,Noise - Commercial,40.72381264964925,-73.99813119034778
66270016,2025-09-25T19:21:53.000,Noise - Commercial,40.71884178314306,-73.99466094208114
66268745,2025-09-25T19:11:31.000,Noise - Commercial,40.71892137864718,-73.99460682356674
66270153,2025-09-25T18:44:28.000,Noise - Street/Sidewalk,40.720016663742975,-74.00020923703917
66273848,2025-09-25T17:47:17.000,Noise - Commercial,40.7185204568837,-73.99150805286503
66274950,2025-09-25T17:43:00.000,Noise - Vehicle,40.72656565602722,-74.0002417286086
66273746,2025-09-25T15:17:58.000,Noise - Vehicle,40.72755889546011,-73.99086107921278
66258782,2025-09-24T22:40:43.000,Noise - Commercial,40.7241169184207,-74.00976980628137
66262561,2025-09-24T17:36:05.000,Noise - Commercial,40.726724473579125,-73.99066275923656
66262562,2025-09-24T16:41:17.000,Noise - Commercial,40.72892339991252,-74.00067469924103
66257547,2025-09-24T13:33:45.000,Noise - Commercial,40.7185204568837,-73.99150805286503
66257444,2025-09-24T12:27:40.000,Noise - Vehicle,40.7248089857364,-74.002449692519
66260087,2025-09-24T11:59:56.000,Noise - Street/Sidewalk,40.7202938249859,-74.00370495401587
66260011,2025-09-24T07:31:49.000,Noise - Commercial,40.722047496202826,-73.99183950680036
66251987,2025-09-24T00:40:10.000,Noise - Commercial,40.72678792827488,-74.00350327256554
66252237,2025-09-23T23:41:22.000,Noise - Street/Sidewalk,40.71780148519037,-74.00602799090021
66253362,2025-09-23T22:40:46.000,Noise - Commercial,40.71605290789855,-73.99137850370803
66249331,2025-09-23T22:35:22.000,Noise - Commercial,40.71605290789855,-73.99137850370803
66253572,2025-09-23T22:29:55.000,Noise - Street/Sidewalk,40.71607212633475,-73.99144704033394
66252226,2025-09-23T22:26:43.000,Noise - Street/Sidewalk,40.71603643987527,-73.9913857204777
66251982,2025-09-23T22:23:37.000,Noise - Commercial,40.71603643987527,-73.9913857204777
66251988,2025-09-23T22:15:49.000,Noise - Commercial,40.71605290789855,-73.99137850370803
66254966,2025-09-23T22:03:01.000,Noise - Street/Sidewalk,40.724207909910135,-74.00003246985833
66256360,2025-09-23T21:42:43.000,Noise - Street/Sidewalk,40.71917663632916,-73.99450218571016
66249553,2025-09-23T19:29:40.000,Noise - Street/Sidewalk,40.71819649122551,-73.99043668545524
66254976,2025-09-23T19:18:53.000,Noise - Street/Sidewalk,40.7201648413282,-73.99698048635884
66254987,2025-09-23T11:44:39.000,Noise - Street/Sidewalk,40.72038440433181,-74.00363280794991
66255008,2025-09-23T10:56:00.000,Noise - Street/Sidewalk,40.71645943176269,-74.0023267359905
66246467,2025-09-23T08:32:16.000,Noise - Vehicle,40.71944573072082,-73.99768398226833
66252195,2025-09-23T04:24:11.000,Noise - Street/Sidewalk,40.72842385586966,-73.99967888886464
66246604,2025-09-23T01:47:53.000,Noise - Commercial,40.7189129617464,-73.99156572246149
66237879,2025-09-22T23:53:15.000,Noise - Street/Sidewalk,40.71653870404612,-73.99103213556377
66239147,2025-09-22T23:16:59.000,Noise - Commercial,40.72944746257567,-74.00657385928295
66239406,2025-09-22T20:57:49.000,Noise - Street/Sidewalk,40.716484140395096,-73.99797988738347
66245118,2025-09-22T19:50:41.000,Noise - Commercial,40.71955003644191,-73.99794011184672
66237894,2025-09-22T11:33:31.000,Noise - Street/Sidewalk,40.72038440433181,-74.00363280794991
66245376,2025-09-22T11:31:41.000,Noise - Street/Sidewalk,40.72056279778137,-73.99589459134742
66245101,2025-09-22T09:58:11.000,Noise - Commercial,40.72319783588876,-74.000855026644
66234836,2025-09-22T02:37:10.000,Noise - Street/Sidewalk,40.72867088423207,-74.00016596816835
66237886,2025-09-22T02:18:44.000,Noise - Street/Sidewalk,40.71812511051327,-73.99023467946085
66234847,2025-09-22T02:14:25.000,Noise - Street/Sidewalk,40.72867088423207,-74.00016596816835
66236349,2025-09-22T02:01:40.000,Noise - Street/Sidewalk,40.72055185225046,-73.99697686126076
66242442,2025-09-22T01:58:06.000,Noise - Street/Sidewalk,40.7189706693982,-73.9925469493258
66227752,2025-09-22T01:30:03.000,Noise - Street/Sidewalk,40.71762596506819,-73.99825040820744
66228943,2025-09-22T00:36:07.000,Noise - Street/Sidewalk,40.71799612943288,-74.0094947447051
66233618,2025-09-22T00:31:48.000,Noise - Street/Sidewalk,40.71799612943288,-74.0094947447051
66233715,2025-09-21T23:58:52.000,Noise - Vehicle,40.7229342174866,-73.9946389680679
66227380,2025-09-21T23:55:29.000,Noise - Commercial,40.72325272606031,-73.99862907007454
66225014,2025-09-21T23:43:27.000,Noise - Commercial,40.72136410670285,-73.99266212512684
66233629,2025-09-21T22:43:14.000,Noise - Street/Sidewalk,40.718092564972125,-73.99772010359993
66231354,2025-09-21T22:30:45.000,Noise - Street/Sidewalk,40.71773026494201,-73.99818547206426
66233701,2025-09-21T22:28:48.000,Noise - Street/Sidewalk,40.71762596506819,-73.99825040820744
66233699,2025-09-21T22:13:15.000,Noise - Street/Sidewalk,40.71773026494201,-73.99818547206426
66226490,2025-09-21T22:10:37.000,Noise - Street/Sidewalk,40.71762596506819,-73.99825040820744
66227702,2025-09-21T21:59:40.000,Noise - Street/Sidewalk,40.72120509742076,-73.99670626166723
66232475,2025-09-21T21:41:31.000,Noise - Street/Sidewalk,40.72117215652796,-73.99657638977774
66227738,2025-09-21T21:39:58.000,Noise - Street/Sidewalk,40.72120509742076,-73.99670626166723
66225332,2025-09-21T21:37:57.000,Noise - Street/Sidewalk,40.72918133273584,-73.99581107566262
66226582,2025-09-21T20:57:45.000,Noise - Vehicle,40.72117215652796,-73.99657638977774
66226497,2025-09-21T20:27:04.000,Noise - Street/Sidewalk,40.72120509742076,-73.99670626166723
66231268,2025-09-21T20:24:13.000,Noise - Street/Sidewalk,40.72945039095302,-74.00096334824593
66229806,2025-09-21T20:17:19.000,Noise - Commercial,40.725152063278,-74.00315322869498
66231275,2025-09-21T19:43:21.000,Noise - Street/Sidewalk,40.72113338299776,-73.99042904883964
66233653,2025-09-21T19:34:30.000,Noise - Street/Sidewalk,40.72992248193661,-73.9984088405011
66232138,2025-09-21T18:56:18.000,Noise - Commercial,40.72247318492828,-73.99704171213209
66232467,2025-09-21T17:20:48.000,Noise - Street/Sidewalk,40.72113338299776,-73.99042904883964
66229825,2025-09-21T16:13:43.000,Noise - Commercial,40.72976603974209,-74.00069996421334
66228913,2025-09-21T13:58:46.000,Noise - Street/Sidewalk,40.722053221516006,-73.99649336867282
66227393,2025-09-21T13:56:09.000,Noise - Commercial,40.71605840306777,-73.99145425673682
66233353,2025-09-21T13:43:15.000,Noise - Commercial,40.71605840306777,-73.99145425673682
66230116,2025-09-21T13:41:14.000,Noise - Street/Sidewalk,40.71645943176269,-74.0023267359905
66229815,2025-09-21T12:49:09.000,Noise - Commercial,40.71605840306777,-73.99145425673682
66227709,2025-09-21T12:46:32.000,Noise - Street/Sidewalk,40.7202938249859,-74.00370495401587
66226524,2025-09-21T12:38:51.000,Noise - Street/Sidewalk,40.71645943176269,-74.0023267359905
66226203,2025-09-21T12:11:42.000,Noise - Commercial,40.71605840306777,-73.99145425673682
66225359,2025-09-21T07:35:04.000,Noise - Vehicle,40.723255463578695,-74.00188322486977
66231315,2025-09-21T07:27:13.000,Noise - Street/Sidewalk,40.723255463578695,-74.00188322486977
66226479,2025-09-21T04:59:09.000,Noise - Street/Sidewalk,40.72356551297923,-73.99466417137555
66226186,2025-09-21T03:31:30.000,Noise - Commercial,40.71666253592207,-73.99730169949697
66228577,2025-09-21T03:03:16.000,Noise - Commercial,40.716684495590776,-73.99737023834923
66215970,2025-09-21T02:47:08.000,Noise - Commercial,40.71648964762977,-73.99995310452468
66217016,2025-09-21T02:00:35.000,Noise - Street/Sidewalk,40.72867088423207,-74.00016596816835
66215263,2025-09-21T01:39:29.000,Noise - Commercial,40.71733209914747,-73.99338765439448
66221351,2025-09-21T01:36:18.000,Noise - Street/Sidewalk,40.72140541462394,-74.00473318475619
66214676,2025-09-21T01:12:44.000,Noise - Street/Sidewalk,40.7269331467993,-73.9915935706741
66218549,2025-09-21T00:45:53.000,Noise - Street/Sidewalk,40.72698284261811,-74.0019590963611
66219409,2025-09-21T00:27:50.000,Noise - Commercial,40.729763290694336,-73.99878408283416
66213711,2025-09-21T00:21:57.000,Noise - Commercial,40.7174224089932,-74.01025943066469
66219877,2025-09-20T23:51:35.000,Noise - Street/Sidewalk,40.729763290694336,-73.99878408283416
66215249,2025-09-20T23:44:18.000,Noise - Commercial,40.7206506864118,-74.00196973293467
66215242,2025-09-20T23:43:11.000,Noise - Commercial,40.72671109521736,-74.00276364952728
66218406,2025-09-20T23:38:42.000,Noise - Street/Sidewalk,40.71978609470951,-73.99852452322475
66219294,2025-09-20T23:23:42.000,Noise - Commercial,40.72531105665101,-73.99247769162362
66217116,2025-09-20T23:19:23.000,Noise - Street/Sidewalk,40.71773026494201,-73.99818547206426
66224087,2025-09-20T23:15:14.000,Noise - Street/Sidewalk,40.71757069164552,-73.9905053159014
66216597,2025-09-20T23:11:01.000,Noise - Commercial,40.71807035293164,-73.992020365249
66215693,2025-09-20T23:03:08.000,Noise - Street/Sidewalk,40.71946455378344,-73.99024169821536
66215626,2025-09-20T23:02:25.000,Noise - Street/Sidewalk,40.7194676900833,-73.99774891660324
66220867,2025-09-20T22:48:03.000,Noise - Commercial,40.71794976830267,-74.00459585726522
66217039,2025-09-20T22:27:42.000,Noise - Street/Sidewalk,40.7201456305281,-74.002922109133
66224174,2025-09-20T22:18:23.000,Noise - Street/Sidewalk,40.71986801608933,-73.99003961762237
66221406,2025-09-20T22:08:07.000,Noise - Street/Sidewalk,40.71968686975031,-73.99012983262756
66221373,2025-09-20T22:04:00.000,Noise - Street/Sidewalk,40.71968686975031,-73.99012983262756
66215680,2025-09-20T21:52:55.000,Noise - Street/Sidewalk,40.720543616153485,-73.99690831792435
66222656,2025-09-20T21:33:30.000,Noise - Street/Sidewalk,40.71920381197606,-73.990364391092
66222663,2025-09-20T21:25:16.000,Noise - Street/Sidewalk,40.72032952514841,-73.99691554295998
66221330,2025-09-20T21:17:24.000,Noise - Street/Sidewalk,40.722986417689576,-73.99584393430578
66214340,2025-09-20T21:13:38.000,Noise - Street/Sidewalk,40.72326908507719,-73.99479407271285
66216475,2025-09-20T21:13:04.000,Noise - Commercial,40.72671109521736,-74.00276364952728
66215631,2025-09-20T20:08:51.000,Noise - Street/Sidewalk,40.71638494142861,-74.0096604527606
66224057,2025-09-20T19:36:40.000,Noise - Street/Sidewalk,40.71990409942778,-74.00260102845633
66220852,2025-09-20T19:24:06.000,Noise - Commercial,40.724043176722695,-74.00331552511867
66213730,2025-09-20T19:07:29.000,Noise - Vehicle,40.7233075908167,-74.00297997118642
66222637,2025-09-20T19:07:15.000,Noise - Street/Sidewalk,40.724043176722695,-74.00331552511867
66216600,2025-09-20T18:49:54.000,Noise - Commercial,40.7241831627267,-74.00319647597988
66224053,2025-09-20T18:02:24.000,Noise - Street/Sidewalk,40.722053221516006,-73.99649336867282
66215640,2025-09-20T17:46:48.000,Noise - Street/Sidewalk,40.72037618117975,-74.00326122937571
66221377,2025-09-20T17:46:15.000,Noise - Street/Sidewalk,40.72024443819691,-74.00306280781726
66218015,2025-09-20T17:43:03.000,Noise - Commercial,40.71638494142861,-74.0096604527606
66221363,2025-09-20T17:30:58.000,Noise - Street/Sidewalk,40.71638494142861,-74.0096604527606
66222677,2025-09-20T16:05:44.000,Noise - Street/Sidewalk,40.72124879892257,-73.9922364408022
66214363,2025-09-20T15:22:10.000,Noise - Street/Sidewalk,40.71876228369317,-74.002409788131
66224083,2025-09-20T13:21:59.000,Noise - Street/Sidewalk,40.718710131728336,-74.00248193553419
66222641,2025-09-20T11:41:39.000,Noise - Street/Sidewalk,40.72326908507719,-73.99479407271285
66203240,2025-09-20T01:49:52.000,Noise - Vehicle,40.72684813534157,-73.99270842403935
66209911,2025-09-20T01:45:24.000,Noise - Street/Sidewalk,40.71946455378344,-73.99024169821536
66211333,2025-09-20T01:42:54.000,Noise - Street/Sidewalk,40.71968686975031,-73.99012983262756
66209907,2025-09-20T01:35:50.000,Noise - Street/Sidewalk,40.71968686975031,-73.99012983262756
66206930,2025-09-20T01:31:46.000,Noise - Street/Sidewalk,40.71968686975031,-73.99012983262756
66211352,2025-09-20T01:31:12.000,Noise - Vehicle,40.72965899371875,-74.00078655646078
66202701,2025-09-20T01:27:27.000,Noise - Street/Sidewalk,40.71946455378344,-73.99024169821536
66208200,2025-09-20T01:23:35.000,Noise - Commercial,40.71968686975031,-73.99012983262756
66202702,2025-09-20T01:21:13.000,Noise - Street/Sidewalk,40.71968686975031,-73.99012983262756
66209908,2025-09-20T01:18:35.000,Noise - Street/Sidewalk,40.71968686975031,-73.99012983262756
66211074,2025-09-20T01:13:29.000,Noise - Commercial,40.71946455378344,-73.99024169821536
66207434,2025-09-20T01:08:10.000,Noise - Street/Sidewalk,40.71946455378344,-73.99024169821536
66208454,2025-09-20T01:00:14.000,Noise - Street/Sidewalk,40.7243697050052,-74.00579047213401
66212733,2025-09-20T00:57:39.000,Noise - Vehicle,40.72965899371875,-74.00078655646078
66204207,2025-09-20T00:34:08.000,Noise - Street/Sidewalk,40.727803444435466,-74.00472642327249
66203956,2025-09-20T00:33:43.000,Noise - Commercial,40.72374669627988,-74.00466119629756
66207016,2025-09-20T00:29:58.000,Noise - Vehicle,40.72998836598334,-74.00049791434905
66208449,2025-09-20T00:13:57.000,Noise - Street/Sidewalk,40.71792475066007,-73.99032489436581
66211272,2025-09-19T23:23:23.000,Noise - Street/Sidewalk,40.72230847272815,-73.99613980463909
66212478,2025-09-19T23:19:23.000,Noise - Commercial,40.72973027769671,-74.00435492965178
66209682,2025-09-19T23:09:54.000,Noise - Commercial,40.72671109521736,-74.00276364952728
66208420,2025-09-19T23:08:36.000,Noise - Street/Sidewalk,40.71762596506819,-73.99825040820744
66208455,2025-09-19T22:47:55.000,Noise - Street/Sidewalk,40.71781522766775,-74.00566003571015
66202404,2025-09-19T22:46:24.000,Noise - Vehicle,40.723035785813664,-73.99490953729197
66208360,2025-09-19T22:23:22.000,Noise - Street/Sidewalk,40.71914653067632,-73.99679655060237
66212667,2025-09-19T22:14:18.000,Noise - Street/Sidewalk,40.71757107035694,-73.99828287627355
66204136,2025-09-19T22:09:01.000,Noise - Street/Sidewalk,40.72971632595659,-73.9915463147892
66202723,2025-09-19T21:50:16.000,Noise - Street/Sidewalk,40.71908065097097,-73.99660535709056
66210923,2025-09-19T21:20:12.000,Noise - Commercial,40.72671109521736,-74.00276364952728
66202751,2025-09-19T21:16:12.000,Noise - Street/Sidewalk,40.71689002117859,-73.99087697155835
66209855,2025-09-19T21:09:44.000,Noise - Street/Sidewalk,40.71932495298221,-73.99730159170717
66204151,2025-09-19T20:51:13.000,Noise - Street/Sidewalk,40.722986417689576,-73.99584393430578
66204176,2025-09-19T20:49:07.000,Noise - Street/Sidewalk,40.7189706693982,-73.9925469493258
66211274,2025-09-19T20:38:55.000,Noise - Street/Sidewalk,40.722053221516006,-73.99649336867282
66212678,2025-09-19T20:36:30.000,Noise - Street/Sidewalk,40.71907771150176,-73.99249282509047
66212475,2025-09-19T20:29:18.000,Noise - Commercial,40.725152063278,-74.00315322869498
66212479,2025-09-19T20:18:22.000,Noise - Commercial,40.725152063278,-74.00315322869498
66203963,2025-09-19T19:26:21.000,Noise - Commercial,40.72924727528542,-74.00133858093584
66204139,2025-09-19T18:31:40.000,Noise - Street/Sidewalk,40.722053221516006,-73.99649336867282
66206787,2025-09-19T16:27:44.000,Noise - Commercial,40.72678792827488,-74.00350327256554
66209931,2025-09-19T15:54:13.000,Noise - Vehicle,40.72210267979245,-73.99957790517526
66208469,2025-09-19T13:58:07.000,Noise - Vehicle,40.72363145337461,-73.99636340732022
66202752,2025-09-19T12:40:21.000,Noise - Street/Sidewalk,40.7202938249859,-74.00370495401587
66212719,2025-09-19T11:02:07.000,Noise - Street/Sidewalk,40.718037652944616,-73.99698779758582
66208408,2025-09-19T09:48:20.000,Noise - Street/Sidewalk,40.72396594689856,-73.99011476788397
66205213,2025-09-19T09:07:15.000,Noise - Vehicle,40.7243697050052,-74.00579047213401
66202405,2025-09-19T01:59:30.000,Noise - Vehicle,40.7243697050052,-74.00579047213401
66193350,2025-09-19T00:43:43.000,Noise - Street/Sidewalk,40.72280492387625,-74.00977322163514
66191969,2025-09-19T00:33:15.000,Noise - Street/Sidewalk,40.72892064317083,-73.99820681546024
66198795,2025-09-19T00:31:44.000,Noise - Street/Sidewalk,40.72892064317083,-73.99820681546024
66197161,2025-09-19T00:15:28.000,Noise - Vehicle,40.724493295304455,-74.00399741745814
66196090,2025-09-19T00:08:18.000,Noise - Street/Sidewalk,40.72278572061389,-74.00965416521169
66195934,2025-09-18T22:54:41.000,Noise - Commercial,40.72976603974209,-74.00069996421334
66200151,2025-09-18T22:53:50.000,Noise - Street/Sidewalk,40.72081227275736,-73.9907537769954
66195935,2025-09-18T22:32:39.000,Noise - Commercial,40.727350654273856,-74.00073962609699
66198784,2025-09-18T22:29:52.000,Noise - Street/Sidewalk,40.72081227275736,-73.9907537769954
66195928,2025-09-18T22:25:27.000,Noise - Commercial,40.717872604455565,-73.99037540580335
66196085,2025-09-18T22:19:55.000,Noise - Street/Sidewalk,40.727350654273856,-74.00073962609699
66193353,2025-09-18T22:05:15.000,Noise - Street/Sidewalk,40.727350654273856,-74.00073962609699
66197327,2025-09-18T21:02:09.000,Noise - Commercial,40.72775105481626,-73.99120020052464
66197458,2025-09-18T21:01:35.000,Noise - Street/Sidewalk,40.722986417689576,-73.99584393430578
66200142,2025-09-18T20:17:00.000,Noise - Street/Sidewalk,40.72504776813602,-74.00294036311726
66191864,2025-09-18T20:07:54.000,Noise - Commercial,40.7228711403061,-73.99591248759855
66196092,2025-09-18T16:41:51.000,Noise - Street/Sidewalk,40.71815842094809,-73.99693368060906
66197469,2025-09-18T16:41:46.000,Noise - Street/Sidewalk,40.72909898032113,-74.00444869709334
66193328,2025-09-18T13:09:04.000,Noise - Street/Sidewalk,40.72038440433181,-74.00363280794991
66184375,2025-09-17T23:32:43.000,Noise - Commercial,40.7189129617464,-73.99156572246149
66185895,2025-09-17T23:22:50.000,Noise - Commercial,40.71965147022583,-73.9943073407094
66184384,2025-09-17T22:35:00.000,Noise - Commercial,40.71965147022583,-73.9943073407094
66182886,2025-09-17T22:03:34.000,Noise - Commercial,40.7189129617464,-73.99156572246149
66184486,2025-09-17T21:45:43.000,Noise - Street/Sidewalk,40.71914653067632,-73.99679655060237
66181503,2025-09-17T21:22:28.000,Noise - Street/Sidewalk,40.72056559762908,-74.00204188171735
66187253,2025-09-17T12:21:47.000,Noise - Vehicle,40.72343925678026,-73.99472190501115
66188986,2025-09-17T11:11:56.000,Noise - Street/Sidewalk,40.7202938249859,-74.00370495401587
66176544,2025-09-17T00:43:27.000,Noise - Street/Sidewalk,40.72090022730027,-73.99242768330566
66174278,2025-09-17T00:03:15.000,Noise - Street/Sidewalk,40.72090022730027,-73.99242768330566
66175292,2025-09-16T23:34:35.000,Noise - Commercial,40.72678792827488,-74.00350327256554
66170810,2025-09-16T23:31:01.000,Noise - Street/Sidewalk,40.72090022730027,-73.99242768330566
66170571,2025-09-16T22:52:14.000,Noise - Commercial,40.72090022730027,-73.99242768330566
66171973,2025-09-16T22:48:31.000,Noise - Street/Sidewalk,40.72090022730027,-73.99242768330566
66177589,2025-09-16T22:29:02.000,Noise - Commercial,40.71893520107021,-73.99747476636496
66176452,2025-09-16T22:19:47.000,Noise - Commercial,40.71893520107021,-73.99747476636496
66170737,2025-09-16T22:12:03.000,Noise - Commercial,40.71908341696346,-73.99742425596422
66174283,2025-09-16T19:53:31.000,Noise - Street/Sidewalk,40.72336518912059,-73.99570320974436
66178821,2025-09-16T17:05:53.000,Noise - Commercial,40.72148785460677,-74.00012265890297
66173082,2025-09-16T16:35:46.000,Noise - Street/Sidewalk,40.72221517365986,-73.99689020210982
66170827,2025-09-16T12:02:11.000,Noise - Street/Sidewalk,40.7202938249859,-74.00370495401587
66169873,2025-09-16T01:50:48.000,Noise - Commercial,40.7189129617464,-73.99156572246149
66160908,2025-09-16T00:46:12.000,Noise - Commercial,40.7189129617464,-73.99156572246149
66166523,2025-09-15T22:45:34.000,Noise - Commercial,40.7189129617464,-73.99156572246149
66165225,2025-09-15T22:44:54.000,Noise - Street/Sidewalk,40.71741187568608,-73.99838028001751
66169381,2025-09-15T22:19:55.000,Noise - Street/Sidewalk,40.72336518912059,-73.99570320974436
66163873,2025-09-15T22:18:31.000,Noise - Street/Sidewalk,40.72056559762908,-74.00204188171735
66159478,2025-09-15T22:10:18.000,Noise - Commercial,40.718007473317165,-73.99752169805825
66169402,2025-09-15T22:05:59.000,Noise - Street/Sidewalk,40.72230847272815,-73.99613980463909
66163875,2025-09-15T21:46:26.000,Noise - Street/Sidewalk,40.718443910029286,-73.99875182228986
66169401,2025-09-15T21:32:32.000,Noise - Street/Sidewalk,40.727819890310215,-73.9947504217104
66164981,2025-09-15T20:07:46.000,Noise - Vehicle,40.729702910209525,-74.000725219967
66162353,2025-09-15T20:00:59.000,Noise - Commercial,40.72148785460677,-74.00012265890297
66167743,2025-09-15T19:55:17.000,Noise - Vehicle,40.72401296921459,-73.99619382218174
66159302,2025-09-15T18:09:47.000,Noise - Vehicle,40.72401296921459,-73.99619382218174
66160988,2025-09-15T13:12:44.000,Noise - Street/Sidewalk,40.71888579994293,-74.00230878332638
66160989,2025-09-15T12:36:53.000,Noise - Street/Sidewalk,40.72221517365986,-73.99689020210982
66163905,2025-09-15T12:29:22.000,Noise - Street/Sidewalk,40.7202938249859,-74.00370495401587
66162459,2025-09-15T06:18:32.000,Noise - Street/Sidewalk,40.7235903283455,-74.00159822377246
66168027,2025-09-15T06:11:13.000,Noise - Street/Sidewalk,40.7235903283455,-74.00159822377246
66167759,2025-09-15T06:08:54.000,Noise - Vehicle,40.7235903283455,-74.00159822377246
66169288,2025-09-15T02:04:13.000,Noise - Commercial,40.72678792827488,-74.00350327256554
66151718,2025-09-15T01:47:38.000,Noise - Commercial,40.72678792827488,-74.00350327256554
66158836,2025-09-15T01:22:39.000,Noise - Commercial,40.71872911078678,-73.99224755670346
66158205,2025-09-15T00:58:51.000,Noise - Commercial,40.7189129617464,-73.99156572246149
66154835,2025-09-15T00:52:21.000,Noise - Street/Sidewalk,40.7194924138004,-74.00050865845618
66153674,2025-09-15T00:50:03.000,Noise - Street/Sidewalk,40.72573118317013,-74.00392894266555
66152285,2025-09-15T00:49:40.000,Noise - Commercial,40.72678792827488,-74.00350327256554
66155794,2025-09-15T00:11:14.000,Noise - Commercial,40.7189129617464,-73.99156572246149
66157280,2025-09-15T00:08:50.000,Noise - Street/Sidewalk,40.71873459787113,-73.99221148140744
66153418,2025-09-14T23:14:23.000,Noise - Commercial,40.7189129617464,-73.99156572246149
66157054,2025-09-14T22:44:42.000,Noise - Commercial,40.71965147022583,-73.9943073407094
66158200,2025-09-14T22:22:27.000,Noise - Commercial,40.7189129617464,-73.99156572246149
66154594,2025-09-14T21:58:04.000,Noise - Commercial,40.7188994220874,-73.99463929261569
66154863,2025-09-14T21:53:42.000,Noise - Street/Sidewalk,40.72315110080602,-73.99577898534886
66150248,2025-09-14T21:48:49.000,Noise - Street/Sidewalk,40.72315110080602,-73.99577898534886
66155802,2025-09-14T21:33:37.000,Noise - Commercial,40.72277774801612,-73.99426017376898
66157044,2025-09-14T20:54:21.000,Noise - Commercial,40.72892339991252,-74.00067469924103
66152558,2025-09-14T20:50:25.000,Noise - Street/Sidewalk,40.722132825380186,-73.99669178521836
66154599,2025-09-14T20:41:19.000,Noise - Commercial,40.71848761494476,-74.00708503651097
66154804,2025-09-14T20:41:15.000,Noise - Street/Sidewalk,40.72195165842647,-73.99626970034271
66153426,2025-09-14T20:25:46.000,Noise - Commercial,40.7208893834739,-73.99488084057471
66157334,2025-09-14T20:06:00.000,Noise - Street/Sidewalk,40.718413489926114,-74.00734837236405
66157278,2025-09-14T20:00:49.000,Noise - Street/Sidewalk,40.72032117794149,-73.99404032468442
66151380,2025-09-14T19:39:59.000,Noise - Street/Sidewalk,40.71603643987527,-73.9913857204777
66158454,2025-09-14T19:28:36.000,Noise - Street/Sidewalk,40.718413489926114,-74.00734837236405
66151416,2025-09-14T19:10:53.000,Noise - Street/Sidewalk,40.71605840306777,-73.99145425673682
66152566,2025-09-14T19:10:43.000,Noise - Street/Sidewalk,40.71605840306777,-73.99145425673682
66152572,2025-09-14T19:08:36.000,Noise - Street/Sidewalk,40.71603643987527,-73.9913857204777
66155812,2025-09-14T19:01:39.000,Noise - Commercial,40.71605840306777,-73.99145425673682
66153319,2025-09-14T18:57:38.000,Noise - Vehicle,40.71605840306777,-73.99145425673682
66153669,2025-09-14T18:57:17.000,Noise - Street/Sidewalk,40.71605840306777,-73.99145425673682
66153677,2025-09-14T17:09:39.000,Noise - Street/Sidewalk,40.71927554446172,-73.99718254637112
66158216,2025-09-14T15:17:47.000,Noise - Commercial,40.71695314607578,-73.99081924500813
66158434,2025-09-14T14:06:50.000,Noise - Street/Sidewalk,40.72347779381932,-73.99844146387393
66151435,2025-09-14T13:27:52.000,Noise - Street/Sidewalk,40.72352170940044,-73.99840177787314
66151409,2025-09-14T13:10:16.000,Noise - Street/Sidewalk,40.7202938249859,-74.00370495401587
66157324,2025-09-14T12:32:33.000,Noise - Street/Sidewalk,40.72347779381932,-73.99844146387393
66156122,2025-09-14T12:21:31.000,Noise - Street/Sidewalk,40.72347779381932,-73.99844146387393
66149847,2025-09-14T11:50:24.000,Noise - Vehicle,40.72693066044162,-73.9966590758561
66152543,2025-09-14T10:26:16.000,Noise - Street/Sidewalk,40.71850429967717,-74.00064934159363
66153305,2025-09-14T05:08:45.000,Noise - Commercial,40.71773026494201,-73.99818547206426
66158206,2025-09-14T04:48:55.000,Noise - Commercial,40.718413489926114,-74.00734837236405
66151149,2025-09-14T04:44:39.000,Noise - Commercial,40.718413489926114,-74.00734837236405
66151145,2025-09-14T04:33:45.000,Noise - Commercial,40.718413489926114,-74.00734837236405
66158424,2025-09-14T04:25:15.000,Noise - Street/Sidewalk,40.718413489926114,-74.00734837236405
66157307,2025-09-14T03:37:43.000,Noise - Street/Sidewalk,40.72465253229311,-73.99744568743482
66153708,2025-09-14T03:31:12.000,Noise - Street/Sidewalk,40.72292883229737,-74.00217183106368
66149938,2025-09-14T03:15:08.000,Noise - Commercial,40.718413489926114,-74.00734837236405
66151060,2025-09-14T02:56:47.000,Noise - Vehicle,40.72401296921459,-73.99619382218174
66153417,2025-09-14T02:17:54.000,Noise - Commercial,40.71872911078678,-73.99224755670346
66149831,2025-09-14T02:16:45.000,Noise - Commercial,40.72401296921459,-73.99619382218174
66155808,2025-09-14T02:12:53.000,Noise - Commercial,40.71836938242169,-73.99009756072188
66156192,2025-09-14T01:59:09.000,Noise - Vehicle,40.71836938242169,-73.99009756072188
66156133,2025-09-14T01:49:55.000,Noise - Street/Sidewalk,40.72606058949356,-74.0026950731661
66152259,2025-09-14T01:37:39.000,Noise - Commercial,40.71872911078678,-73.99224755670346
66153410,2025-09-14T01:37:11.000,Noise - Commercial,40.7189129617464,-73.99156572246149
66146397,2025-09-14T01:17:04.000,Noise - Vehicle,40.71912724602971,-74.0051659214096
66142860,2025-09-14T01:03:34.000,Noise - Street/Sidewalk,40.72144108738357,-73.99505035597431
66141448,2025-09-14T00:56:28.000,Noise - Street/Sidewalk,40.72079044073021,-73.99248541701236
66148023,2025-09-14T00:53:54.000,Noise - Street/Sidewalk,40.72079044073021,-73.99248541701236
66142391,2025-09-14T00:53:43.000,Noise - Street/Sidewalk,40.720826248502526,-74.00524181226142
66142806,2025-09-14T00:49:14.000,Noise - Commercial,40.718413489926114,-74.00734837236405
66146723,2025-09-14T00:26:48.000,Noise - Street/Sidewalk,40.718413489926114,-74.00734837236405
66144714,2025-09-14T00:25:47.000,Noise - Commercial,40.724658021083,-73.99741321714679
66148656,2025-09-14T00:24:36.000,Noise - Commercial,40.7189129617464,-73.99156572246149
66147334,2025-09-14T00:17:49.000,Noise - Commercial,40.71807035293164,-73.992020365249
66147322,2025-09-14T00:16:42.000,Noise - Commercial,40.72671109521736,-74.00276364952728
66139425,2025-09-14T00:15:40.000,Noise - Commercial,40.72707618085859,-74.00018400378333
66142807,2025-09-13T23:58:32.000,Noise - Commercial,40.71730473349374,-74.0049854107316
66147326,2025-09-13T23:55:42.000,Noise - Commercial,40.72879439653422,-73.99935055813754
66144615,2025-09-13T23:47:10.000,Noise - Vehicle,40.72985936203482,-74.00059172315336
66145077,2025-09-13T23:44:57.000,Noise - Street/Sidewalk,40.72067790937078,-73.99254315083594
66147321,2025-09-13T23:43:22.000,Noise - Commercial,40.72879439653422,-73.99935055813754
66142871,2025-09-13T23:41:40.000,Noise - Vehicle,40.724956972491306,-73.99231898827651
66146374,2025-09-13T23:34:13.000,Noise - Street/Sidewalk,40.72879439653422,-73.99935055813754
66143293,2025-09-13T23:27:35.000,Noise - Commercial,40.72879439653422,-73.99935055813754
66142398,2025-09-13T23:16:10.000,Noise - Street/Sidewalk,40.72856109409892,-73.99993866403884
66146267,2025-09-13T23:10:12.000,Noise - Street/Sidewalk,40.72971929730452,-74.00439100953847
66143413,2025-09-13T23:09:08.000,Noise - Commercial,40.72879439653422,-73.99935055813754
66140637,2025-09-13T23:08:44.000,Noise - Vehicle,40.72343925678026,-73.99472190501115
66147332,2025-09-13T23:02:49.000,Noise - Commercial,40.723202995922456,-73.99124770125584
66143737,2025-09-13T22:09:05.000,Noise - Street/Sidewalk,40.723202995922456,-73.99124770125584
66142432,2025-09-13T22:01:22.000,Noise - Street/Sidewalk,40.7178373094788,-73.99811692822324
66141961,2025-09-13T21:55:27.000,Noise - Vehicle,40.72339534148016,-73.99473994707944
66144600,2025-09-13T20:45:14.000,Noise - Vehicle,40.72339534148016,-73.99473994707944
66145877,2025-09-13T20:19:57.000,Noise - Vehicle,40.72339534148016,-73.99473994707944
66143693,2025-09-13T20:06:47.000,Noise - Street/Sidewalk,40.72073280267493,-73.99251428410267
66148679,2025-09-13T19:53:51.000,Noise - Commercial,40.72788302506925,-73.99486947945023
66140763,2025-09-13T19:45:01.000,Noise - Commercial,40.72292877855045,-73.99586558405704
66140635,2025-09-13T19:33:59.000,Noise - Vehicle,40.72339534148016,-73.99473994707944
66146344,2025-09-13T19:32:15.000,Noise - Street/Sidewalk,40.7191437842964,-73.99673883092775
66139285,2025-09-13T19:19:36.000,Noise - Vehicle,40.72339534148016,-73.99473994707944
66140771,2025-09-13T18:55:32.000,Noise - Commercial,40.71695314607578,-73.99081924500813
66145994,2025-09-13T18:53:11.000,Noise - Commercial,40.72428175147285,-74.00783967560663
66142394,2025-09-13T18:07:14.000,Noise - Street/Sidewalk,40.72287388416484,-73.99588723360148
66144747,2025-09-13T17:00:19.000,Noise - Commercial,40.72678792827488,-74.00350327256554
66143312,2025-09-13T16:44:48.000,Noise - Vehicle,40.72120509742076,-73.99670626166723
66147329,2025-09-13T16:27:57.000,Noise - Commercial,40.72428175147285,-74.00783967560663
66143440,2025-09-13T16:19:59.000,Noise - Commercial,40.71605840306777,-73.99145425673682
66140625,2025-09-13T16:10:46.000,Noise - Commercial,40.71605840306777,-73.99145425673682
66141953,2025-09-13T16:05:02.000,Noise - Commercial,40.71605840306777,-73.99145425673682
66145071,2025-09-13T15:21:03.000,Noise - Street/Sidewalk,40.7208893834739,-73.99488084057471
66148891,2025-09-13T15:18:51.000,Noise - Street/Sidewalk,40.724136308682176,-73.99260409575837
66141102,2025-09-13T15:03:53.000,Noise - Street/Sidewalk,40.71660462938471,-73.99171391593737
66140760,2025-09-13T13:37:49.000,Noise - Commercial,40.7208893834739,-73.99488084057471
66142483,2025-09-13T12:57:41.000,Noise - Street/Sidewalk,40.7202938249859,-74.00370495401587
66139286,2025-09-13T04:03:29.000,Noise - Vehicle,40.72401296921459,-73.99619382218174
66142094,2025-09-13T03:12:32.000,Noise - Commercial,40.72401296921459,-73.99619382218174
66148637,2025-09-13T02:59:09.000,Noise - Commercial,40.72401296921459,-73.99619382218174
66144975,2025-09-13T02:26:21.000,Noise - Street/Sidewalk,40.72148213384429,-73.99270179589125
66133859,2025-09-13T01:13:43.000,Noise - Commercial,40.71773026494201,-73.99818547206426
66135924,2025-09-13T01:12:47.000,Noise - Street/Sidewalk,40.71807035293164,-73.992020365249
66132383,2025-09-13T01:00:04.000,Noise - Commercial,40.7189129617464,-73.99156572246149
66137292,2025-09-13T00:44:30.000,Noise - Commercial,40.72678792827488,-74.00350327256554
66135272,2025-09-13T00:33:15.000,Noise - Commercial,40.72944746257567,-74.00657385928295
66133050,2025-09-13T00:25:42.000,Noise - Commercial,40.72851717796591,-73.99988815214454
66131667,2025-09-13T00:25:39.000,Noise - Street/Sidewalk,40.72868435956192,-73.99243401478624
66128529,2025-09-13T00:22:09.000,Noise - Street/Sidewalk,40.72103766452438,-73.99661608018125
66134094,2025-09-13T00:20:27.000,Noise - Vehicle,40.72117215652796,-73.99657638977774
66131265,2025-09-13T00:14:49.000,Noise - Street/Sidewalk,40.72807801249623,-74.00102466392316
66133862,2025-09-13T00:14:09.000,Noise - Commercial,40.72604661287483,-73.99190756646406
66135447,2025-09-13T00:13:45.000,Noise - Street/Sidewalk,40.72146309396011,-73.99634909518457
66134498,2025-09-13T00:11:49.000,Noise - Commercial,40.72213276589279,-74.00496412599436
66133077,2025-09-13T00:07:29.000,Noise - Street/Sidewalk,40.72019231203328,-74.00194807411961
66134043,2025-09-12T23:58:06.000,Noise - Street/Sidewalk,40.72709508452844,-73.99155386314432
66128358,2025-09-12T23:47:55.000,Noise - Commercial,40.7241169184207,-74.00976980628137
66131071,2025-09-12T23:40:19.000,Noise - Commercial,40.717872604455565,-73.99037540580335
66132384,2025-09-12T23:32:37.000,Noise - Commercial,40.72907161420538,-74.00101746315055
66128556,2025-09-12T23:27:20.000,Noise - Street/Sidewalk,40.71908341696346,-73.99742425596422
66128366,2025-09-12T23:27:12.000,Noise - Commercial,40.723202995922456,-73.99124770125584
66132612,2025-09-12T23:25:39.000,Noise - Street/Sidewalk,40.72230847272815,-73.99613980463909
66135471,2025-09-12T23:23:13.000,Noise - Street/Sidewalk,40.72099920718885,-73.99569614710568
66138254,2025-09-12T23:14:57.000,Noise - Street/Sidewalk,40.721246270538856,-73.99676758886162
66131245,2025-09-12T23:07:18.000,Noise - Street/Sidewalk,40.72320872432898,-73.99535327216077
66138077,2025-09-12T23:05:54.000,Noise - Commercial,40.7241169184207,-74.00976980628137
66138222,2025-09-12T22:54:21.000,Noise - Street/Sidewalk,40.72791320904146,-73.99468547103156
66131065,2025-09-12T22:52:38.000,Noise - Commercial,40.7241169184207,-74.00976980628137
66129857,2025-09-12T22:52:21.000,Noise - Street/Sidewalk,40.72106233569299,-73.99567088988665
66131076,2025-09-12T22:50:12.000,Noise - Commercial,40.72292877855045,-73.99586558405704
66134059,2025-09-12T22:35:19.000,Noise - Street/Sidewalk,40.72243472904219,-73.99606403633898
66131053,2025-09-12T22:29:50.000,Noise - Commercial,40.72287388416484,-73.99588723360148
66129709,2025-09-12T22:25:29.000,Noise - Commercial,40.71893520107021,-73.99747476636496
66136622,2025-09-12T22:21:30.000,Noise - Commercial,40.71907243752067,-73.99740621896828
66136634,2025-09-12T22:13:03.000,Noise - Commercial,40.72292877855045,-73.99586558405704
66131193,2025-09-12T22:07:54.000,Noise - Street/Sidewalk,40.71762596506819,-73.99825040820744
66129900,2025-09-12T22:01:05.000,Noise - Street/Sidewalk,40.72437808482715,-73.99988815909121
66129929,2025-09-12T21:38:07.000,Noise - Street/Sidewalk,40.7194924138004,-74.00050865845618
66138231,2025-09-12T21:33:27.000,Noise - Street/Sidewalk,40.72437808482715,-73.99988815909121
66137923,2025-09-12T21:33:12.000,Noise - Commercial,40.72671109521736,-74.00276364952728
66136638,2025-09-12T21:25:06.000,Noise - Commercial,40.722470411268375,-74.00392514276442
66136891,2025-09-12T21:24:40.000,Noise - Street/Sidewalk,40.71689002117859,-73.99087697155835
66133865,2025-09-12T21:15:19.000,Noise - Commercial,40.72114747472924,-74.00262272256012
66135293,2025-09-12T21:13:11.000,Noise - Commercial,40.72117217861625,-74.00257582476209
66131205,2025-09-12T21:12:22.000,Noise - Street/Sidewalk,40.71993705710004,-74.00142497468545
66132582,2025-09-12T20:59:54.000,Noise - Street/Sidewalk,40.723255463578695,-74.00188322486977
66129864,2025-09-12T20:33:44.000,Noise - Street/Sidewalk,40.71812275894327,-73.99780307351799
66136831,2025-09-12T20:18:15.000,Noise - Street/Sidewalk,40.7194924138004,-74.00050865845618
66138088,2025-09-12T20:04:02.000,Noise - Commercial,40.720145653253546,-74.00181820123873
66129860,2025-09-12T19:59:10.000,Noise - Street/Sidewalk,40.72292883229737,-74.00217183106368
66129884,2025-09-12T19:26:10.000,Noise - Street/Sidewalk,40.71745267171036,-73.9905630510564
66134042,2025-09-12T19:18:19.000,Noise - Street/Sidewalk,40.719736693907606,-74.00102814320108
66134013,2025-09-12T19:13:47.000,Noise - Street/Sidewalk,40.720238972008616,-74.00200218869135
66135514,2025-09-12T19:13:10.000,Noise - Street/Sidewalk,40.7197833539383,-74.00112193950665
66128553,2025-09-12T19:11:11.000,Noise - Street/Sidewalk,40.7197833539383,-74.00112193950665
66129910,2025-09-12T19:02:32.000,Noise - Street/Sidewalk,40.71964886313453,-74.00084055105317
66129903,2025-09-12T18:55:31.000,Noise - Street/Sidewalk,40.7206506864118,-74.00196973293467
66132585,2025-09-12T18:23:06.000,Noise - Street/Sidewalk,40.71970650244286,-74.00092352470263
66136624,2025-09-12T17:45:54.000,Noise - Commercial,40.71893520107021,-73.99747476636496
66132646,2025-09-12T17:20:52.000,Noise - Street/Sidewalk,40.72524256394512,-73.994754232551
66136490,2025-09-12T16:34:43.000,Noise - Vehicle,40.724037734808334,-74.00017677988846
66135505,2025-09-12T16:25:02.000,Noise - Street/Sidewalk,40.722525370869846,-73.99924599677021
66128550,2025-09-12T16:21:43.000,Noise - Street/Sidewalk,40.72225906768261,-73.9961578457834
66128370,2025-09-12T15:39:34.000,Noise - Commercial,40.7185204568837,-73.99150805286503
66129875,2025-09-12T15:38:51.000,Noise - Street/Sidewalk,40.719736693907606,-74.00102814320108
66138242,2025-09-12T15:37:30.000,Noise - Street/Sidewalk,40.71970650244286,-74.00092352470263
66129881,2025-09-12T15:37:08.000,Noise - Street/Sidewalk,40.7194924138004,-74.00050865845618
66128207,2025-09-12T14:06:28.000,Noise - Vehicle,40.72339534148016,-73.99473994707944
66137927,2025-09-12T13:17:20.000,Noise - Vehicle,40.72339534148016,-73.99473994707944
66136895,2025-09-12T12:49:40.000,Noise - Vehicle,40.72230030178866,-73.99943720523152
66131200,2025-09-12T09:39:46.000,Noise - Street/Sidewalk,40.72843734692945,-73.99267217023915
66135524,2025-09-12T04:36:39.000,Noise - Street/Sidewalk,40.72278580895784,-73.99146421714836
66135116,2025-09-12T03:36:59.000,Noise - Commercial,40.72401296921459,-73.99619382218174
66129854,2025-09-12T02:45:38.000,Noise - Street/Sidewalk,40.71773026494201,-73.99818547206426
66124986,2025-09-12T01:50:11.000,Noise - Vehicle,40.72357106262523,-73.99617580878216
66119489,2025-09-12T01:36:32.000,Noise - Commercial,40.7189129617464,-73.99156572246149
66117528,2025-09-12T00:59:33.000,Noise - Commercial,40.72314842994424,-74.00089471076167
66117675,2025-09-11T23:39:48.000,Noise - Vehicle,40.71836938242169,-73.99009756072188
66127058,2025-09-11T23:21:37.000,Noise - Commercial,40.71943992579835,-73.99116883033915
66120257,2025-09-11T22:56:45.000,Noise - Commercial,40.71763107368308,-73.99047284064513
66124977,2025-09-11T22:52:29.000,Noise - Street/Sidewalk,40.725039561246895,-74.00152971019388
66118902,2025-09-11T22:37:15.000,Noise - Commercial,40.72879439653422,-73.99935055813754
66121670,2025-09-11T22:27:44.000,Noise - Commercial,40.72832504382953,-73.99945880225974
66124367,2025-09-11T22:23:18.000,Noise - Commercial,40.72851717796591,-73.99988815214454
66127194,2025-09-11T22:18:41.000,Noise - Street/Sidewalk,40.71908341696346,-73.99742425596422
66125819,2025-09-11T22:15:53.000,Noise - Street/Sidewalk,40.72243472904219,-73.99606403633898
66121674,2025-09-11T22:14:52.000,Noise - Commercial,40.71893520107021,-73.99747476636496
66125814,2025-09-11T22:01:58.000,Noise - Street/Sidewalk,40.71773849950475,-73.99820350889932
66119022,2025-09-11T21:43:30.000,Noise - Street/Sidewalk,40.71807035293164,-73.992020365249
66121808,2025-09-11T21:31:28.000,Noise - Street/Sidewalk,40.7290853380792,-74.00100663928178
66120389,2025-09-11T21:23:45.000,Noise - Street/Sidewalk,40.72982593855549,-74.0106004985172
66121781,2025-09-11T19:58:43.000,Noise - Street/Sidewalk,40.72336518912059,-73.99570320974436
66125840,2025-09-11T19:55:50.000,Noise - Street/Sidewalk,40.71605840306777,-73.99145425673682
66118907,2025-09-11T19:53:20.000,Noise - Commercial,40.71605840306777,-73.99145425673682
66124494,2025-09-11T19:47:09.000,Noise - Street/Sidewalk,40.71607762145887,-73.99152279339022
66119046,2025-09-11T19:44:00.000,Noise - Street/Sidewalk,40.71605840306777,-73.99145425673682
66125727,2025-09-11T19:41:44.000,Noise - Commercial,40.71605840306777,-73.99145425673682
66124372,2025-09-11T19:39:59.000,Noise - Commercial,40.71605840306777,-73.99145425673682
66127193,2025-09-11T19:38:39.000,Noise - Street/Sidewalk,40.71605840306777,-73.99145425673682
66127155,2025-09-11T19:07:05.000,Noise - Street/Sidewalk,40.72230847272815,-73.99613980463909
66117656,2025-09-11T17:29:43.000,Noise - Street/Sidewalk,40.724956972491306,-73.99231898827651
66124505,2025-09-11T14:14:37.000,Noise - Street/Sidewalk,40.7202938249859,-74.00370495401587
66121789,2025-09-11T08:58:36.000,Noise - Street/Sidewalk,40.72461136164787,-73.99747815906777
66117623,2025-09-11T04:01:51.000,Noise - Street/Sidewalk,40.72210539386983,-73.99730869442628
66121842,2025-09-11T02:59:43.000,Noise - Vehicle,40.72927986486022,-73.99095465214785
66127053,2025-09-11T02:17:26.000,Noise - Commercial,40.71773026494201,-73.99818547206426
66117536,2025-09-11T01:55:09.000,Noise - Commercial,40.72678792827488,-74.00350327256554
66124482,2025-09-11T01:39:27.000,Noise - Street/Sidewalk,40.71872911078678,-73.99224755670346
66107173,2025-09-11T01:07:06.000,Noise - Street/Sidewalk,40.72129005816757,-73.99367226242698
66109647,2025-09-11T00:11:50.000,Noise - Commercial,40.72669737117396,-74.00277447264858
66113510,2025-09-11T00:07:35.000,Noise - Commercial,40.71733209914747,-73.99338765439448
66116133,2025-09-10T23:52:06.000,Noise - Commercial,40.72338721781093,-73.99851722806198
66116262,2025-09-10T23:35:03.000,Noise - Street/Sidewalk,40.72047778330278,-73.999816014434
66116127,2025-09-10T23:18:06.000,Noise - Commercial,40.72475134830359,-74.00233063328216
66110971,2025-09-10T23:00:20.000,Noise - Commercial,40.72944746257567,-74.00657385928295
66107177,2025-09-10T22:55:36.000,Noise - Street/Sidewalk,40.71907771150176,-73.99249282509047
66113501,2025-09-10T22:48:40.000,Noise - Commercial,40.7189129617464,-73.99156572246149
66110969,2025-09-10T22:34:38.000,Noise - Commercial,40.72531399416446,-74.00349237161738
66112363,2025-09-10T22:26:52.000,Noise - Street/Sidewalk,40.71779064943242,-73.99817104076162
66111072,2025-09-10T20:12:46.000,Noise - Street/Sidewalk,40.72292877855045,-73.99586558405704
66107096,2025-09-10T16:13:51.000,Noise - Commercial,40.72892339991252,-74.00067469924103
66110972,2025-09-10T16:12:37.000,Noise - Commercial,40.726724473579125,-73.99066275923656
66108347,2025-09-10T15:04:27.000,Noise - Commercial,40.716662143551886,-73.99011945849098
66116130,2025-09-10T07:24:21.000,Noise - Commercial,40.72678792827488,-74.00350327256554
66109737,2025-09-10T01:40:52.000,Noise - Street/Sidewalk,40.71849844072585,-73.99075409799335
66104345,2025-09-10T00:44:42.000,Noise - Street/Sidewalk,40.71855614747835,-73.99162709436958
66099909,2025-09-10T00:21:30.000,Noise - Commercial,40.7189129617464,-73.99156572246149
66100030,2025-09-09T23:27:30.000,Noise - Street/Sidewalk,40.71807035293164,-73.992020365249
66102928,2025-09-09T11:12:04.000,Noise - Street/Sidewalk,40.72564599356578,-73.9937584369825
66105695,2025-09-09T05:36:40.000,Noise - Commercial,40.72678792827488,-74.00350327256554
66105832,2025-09-09T01:43:27.000,Noise - Street/Sidewalk,40.72783372397517,-73.99849908933291
66088401,2025-09-09T00:07:24.000,Noise - Commercial,40.720543616153485,-73.99690831792435
66094130,2025-09-08T20:02:14.000,Noise - Commercial,40.7183505785457,-74.00194441284303
66088501,2025-09-08T18:35:59.000,Noise - Street/Sidewalk,40.72214930898303,-73.99726540084568
66094124,2025-09-08T14:28:33.000,Noise - Commercial,40.71676104683799,-74.00874423809674
66091382,2025-09-08T12:45:21.000,Noise - Street/Sidewalk,40.7202938249859,-74.00370495401587
66078744,2025-09-08T01:09:40.000,Noise - Commercial,40.71608067809581,-73.99976913138423
66080827,2025-09-07T23:32:56.000,Noise - Commercial,40.717590246224745,-74.00340178180721
66079809,2025-09-07T23:30:04.000,Noise - Commercial,40.72278580895784,-73.99146421714836
66081026,2025-09-07T22:26:27.000,Noise - Street/Sidewalk,40.72654328463644,-73.99024066166999
66082062,2025-09-07T20:56:10.000,Noise - Street/Sidewalk,40.71676104683799,-74.00874423809674
66078753,2025-09-07T19:54:32.000,Noise - Commercial,40.71676104683799,-74.00874423809674
66078905,2025-09-07T19:47:42.000,Noise - Street/Sidewalk,40.71676104683799,-74.00874423809674
66076881,2025-09-07T19:28:37.000,Noise - Street/Sidewalk,40.72493212081157,-73.99034191604916
66076726,2025-09-07T19:23:28.000,Noise - Commercial,40.71676104683799,-74.00874423809674
66080824,2025-09-07T19:07:25.000,Noise - Commercial,40.72678792827488,-74.00350327256554
66081866,2025-09-07T18:59:41.000,Noise - Commercial,40.71676104683799,-74.00874423809674
66081871,2025-09-07T17:45:51.000,Noise - Commercial,40.71676104683799,-74.00874423809674
66083069,2025-09-07T17:31:20.000,Noise - Street/Sidewalk,40.71676104683799,-74.00874423809674
66076919,2025-09-07T17:24:03.000,Noise - Street/Sidewalk,40.71676104683799,-74.00874423809674
66082785,2025-09-07T16:56:09.000,Noise - Commercial,40.72078786396633,-73.99578274259936
66080829,2025-09-07T16:45:41.000,Noise - Commercial,40.71676104683799,-74.00874423809674
66080831,2025-09-07T02:53:44.000,Noise - Commercial,40.72401296921459,-73.99619382218174
66074265,2025-09-07T02:13:56.000,Noise - Vehicle,40.72179773232063,-73.9919694121199
66072960,2025-09-07T01:49:36.000,Noise - Commercial,40.72401296921459,-73.99619382218174
66065598,2025-09-07T01:41:09.000,Noise - Commercial,40.71648964762977,-73.99995310452468
66065922,2025-09-07T00:37:52.000,Noise - Street/Sidewalk,40.7185204568837,-73.99150805286503
66068052,2025-09-07T00:10:25.000,Noise - Commercial,40.72671109521736,-74.00276364952728
66071874,2025-09-06T23:10:53.000,Noise - Commercial,40.72707618085859,-74.00018400378333
66066840,2025-09-06T23:04:32.000,Noise - Commercial,40.72141089175726,-73.99497459839357
66066856,2025-09-06T23:02:46.000,Noise - Commercial,40.72124893316328,-73.99458138200244
66071912,2025-09-06T21:58:35.000,Noise - Commercial,40.71742011026874,-73.99840192418509
66065623,2025-09-06T21:41:11.000,Noise - Commercial,40.7241169184207,-74.00976980628137
66066860,2025-09-06T21:23:43.000,Noise - Commercial,40.72894525445955,-74.00492855329398
66074405,2025-09-06T21:19:40.000,Noise - Commercial,40.72854727656185,-74.00464710009602
66074431,2025-09-06T20:58:10.000,Noise - Commercial,40.71742011026874,-73.99840192418509
66065624,2025-09-06T20:52:38.000,Noise - Commercial,40.71742011026874,-73.99840192418509
66066858,2025-09-06T20:12:55.000,Noise - Commercial,40.72788302506925,-73.99486947945023
66069355,2025-09-06T19:57:32.000,Noise - Commercial,40.7241169184207,-74.00976980628137
66069338,2025-09-06T17:22:31.000,Noise - Commercial,40.72854452649064,-74.00477698778988
66066842,2025-09-06T16:20:29.000,Noise - Commercial,40.7185204568837,-73.99150805286503
66069624,2025-09-06T15:14:22.000,Noise - Street/Sidewalk,40.7179250658953,-74.00458503329598
66070619,2025-09-06T14:57:08.000,Noise - Commercial,40.7241169184207,-74.00976980628137
66073364,2025-09-06T14:43:45.000,Noise - Street/Sidewalk,40.72671357178022,-73.9916693642243
66073116,2025-09-06T09:23:52.000,Noise - Commercial,40.71742011026874,-73.99840192418509
66069329,2025-09-06T08:10:27.000,Noise - Commercial,40.71742011026874,-73.99840192418509
66074713,2025-09-06T03:20:53.000,Noise - Street/Sidewalk,40.71909990483224,-74.00147906906979
66066696,2025-09-06T02:45:17.000,Noise - Commercial,40.72090022730027,-73.99242768330566
66070609,2025-09-06T02:26:33.000,Noise - Commercial,40.71855876241988,-73.99000013126532
66071882,2025-09-06T00:58:12.000,Noise - Commercial,40.7241169184207,-74.00976980628137
66071911,2025-09-06T00:53:19.000,Noise - Commercial,40.7241169184207,-74.00976980628137
66072094,2025-09-06T00:42:53.000,Noise - Street/Sidewalk,40.72987034096248,-74.00060976359386
66065590,2025-09-06T00:36:47.000,Noise - Commercial,40.72707618085859,-74.00018400378333
66070923,2025-09-06T00:24:41.000,Noise - Street/Sidewalk,40.71807035293164,-73.992020365249
66074404,2025-09-06T00:12:02.000,Noise - Commercial,40.72671109521736,-74.00276364952728
66074702,2025-09-06T00:00:12.000,Noise - Street/Sidewalk,40.71960220287373,-74.00074675513389
66056794,2025-09-05T23:36:58.000,Noise - Vehicle,40.72895633655988,-74.00074325193769
66055392,2025-09-05T23:18:12.000,Noise - Commercial,40.717872604455565,-73.99037540580335
66061506,2025-09-05T23:17:23.000,Noise - Commercial,40.72124893316328,-73.99458138200244
66064812,2025-09-05T23:17:19.000,Noise - Commercial,40.71763145486084,-73.99826844509361
66054821,2025-09-05T23:13:21.000,Noise - Commercial,40.7213477555961,-73.99482308365124
66060148,2025-09-05T23:11:23.000,Noise - Commercial,40.72124893316328,-73.99458138200244
66062977,2025-09-05T22:57:51.000,Noise - Street/Sidewalk,40.72879439753808,-74.000436569252
66056125,2025-09-05T22:45:45.000,Noise - Commercial,40.71763145486084,-73.99826844509361
66064228,2025-09-05T22:17:41.000,Noise - Commercial,40.72011502484138,-74.01018408680419
66060151,2025-09-05T22:12:56.000,Noise - Commercial,40.72924727528542,-74.00133858093584
66057648,2025-09-05T21:48:47.000,Noise - Vehicle,40.72973584247547,-73.99872274629256
66054952,2025-09-05T21:46:20.000,Noise - Vehicle,40.72982642560656,-73.99954899172188
66062979,2025-09-05T21:30:13.000,Noise - Street/Sidewalk,40.72197367649518,-73.99968613522505
66056270,2025-09-05T21:12:09.000,Noise - Street/Sidewalk,40.72164430590325,-73.99996392376738
66064230,2025-09-05T20:41:39.000,Noise - Commercial,40.72135884748572,-73.9990980980475
66054697,2025-09-05T20:30:45.000,Noise - Commercial,40.72963429324368,-73.99971135553423
66054947,2025-09-05T19:59:58.000,Noise - Street/Sidewalk,40.724704460799686,-73.99240921210344
66054925,2025-09-05T18:16:37.000,Noise - Street/Sidewalk,40.72056559762908,-74.00204188171735
66054814,2025-09-05T16:46:40.000,Noise - Commercial,40.72892339991252,-74.00067469924103
66060143,2025-09-05T16:45:21.000,Noise - Commercial,40.726724473579125,-73.99066275923656
66054942,2025-09-05T12:44:44.000,Noise - Street/Sidewalk,40.7202938249859,-74.00370495401587
66061495,2025-09-05T07:37:50.000,Noise - Commercial,40.72678792827488,-74.00350327256554
66047993,2025-09-05T00:36:51.000,Noise - Commercial,40.71807035293164,-73.992020365249
66049395,2025-09-05T00:11:03.000,Noise - Commercial,40.71631908276552,-74.00947286179263
66043977,2025-09-04T22:47:03.000,Noise - Commercial,40.727350654273856,-74.00073962609699
66053583,2025-09-04T22:25:55.000,Noise - Street/Sidewalk,40.727350654273856,-74.00073962609699
66045406,2025-09-04T22:23:50.000,Noise - Commercial,40.717872604455565,-73.99037540580335
66048158,2025-09-04T22:21:50.000,Noise - Commercial,40.718888562100894,-74.00115078423683
66053483,2025-09-04T22:19:18.000,Noise - Commercial,40.727350654273856,-74.00073962609699
66048157,2025-09-04T22:06:33.000,Noise - Commercial,40.72879439653422,-73.99935055813754
66046898,2025-09-04T20:20:52.000,Noise - Street/Sidewalk,40.72879439653422,-73.99935055813754
66046783,2025-09-04T20:14:21.000,Noise - Commercial,40.72879439653422,-73.99935055813754
66046786,2025-09-04T19:54:12.000,Noise - Commercial,40.72869009738911,-74.00024173631489
66046779,2025-09-04T19:50:15.000,Noise - Commercial,40.71872911078678,-73.99224755670346
66048153,2025-09-04T17:50:16.000,Noise - Commercial,40.726724473579125,-73.99066275923656
66050838,2025-09-04T17:04:56.000,Noise - Street/Sidewalk,40.71903668934957,-74.00468972675073
66050843,2025-09-04T16:28:51.000,Noise - Street/Sidewalk,40.72488311651021,-73.99907279576198
66048152,2025-09-04T13:23:07.000,Noise - Commercial,40.726724473579125,-73.99066275923656
66036470,2025-09-04T01:23:20.000,Noise - Commercial,40.72401296921459,-73.99619382218174
66037223,2025-09-04T00:41:43.000,Noise - Commercial,40.71631908276552,-74.00947286179263
66042780,2025-09-04T00:22:39.000,Noise - Street/Sidewalk,40.71648964762977,-73.99995310452468
66039898,2025-09-03T23:19:44.000,Noise - Commercial,40.71872911078678,-73.99224755670346
66042626,2025-09-03T23:13:33.000,Noise - Commercial,40.72944746257567,-74.00657385928295
66033147,2025-09-03T22:00:08.000,Noise - Commercial,40.72639244431637,-73.99179568017881
66040016,2025-09-03T21:40:52.000,Noise - Street/Sidewalk,40.72036799282218,-73.99975107876192
66033151,2025-09-03T21:22:31.000,Noise - Commercial,40.72851717796591,-73.99988815214454
66033155,2025-09-03T21:21:53.000,Noise - Commercial,40.727405520907226,-74.00266626407688
66034611,2025-09-03T21:15:41.000,Noise - Street/Sidewalk,40.71607762145887,-73.99152279339022
66038558,2025-09-03T21:06:06.000,Noise - Commercial,40.71726883456108,-73.99134948733126
66037347,2025-09-03T20:39:15.000,Noise - Street/Sidewalk,40.716022710379214,-73.9913099685531
66042746,2025-09-03T20:38:56.000,Noise - Street/Sidewalk,40.71620390796411,-73.99190515418172
66033157,2025-09-03T20:22:24.000,Noise - Commercial,40.719519842440775,-73.99784992507324
66035946,2025-09-03T20:20:27.000,Noise - Street/Sidewalk,40.71605840306777,-73.99145425673682
66042751,2025-09-03T20:20:17.000,Noise - Street/Sidewalk,40.71607762145887,-73.99152279339022
66033148,2025-09-03T19:05:55.000,Noise - Commercial,40.72879439653422,-73.99935055813754
66042639,2025-09-03T18:32:11.000,Noise - Commercial,40.72265430670373,-73.99597743910044
66033252,2025-09-03T13:13:46.000,Noise - Street/Sidewalk,40.720398138017146,-74.00330452111983
66027766,2025-09-02T20:48:15.000,Noise - Street/Sidewalk,40.72500663244907,-73.99934337943937
66023794,2025-09-02T20:44:49.000,Noise - Street/Sidewalk,40.72531129863782,-73.9990727898046
66030603,2025-09-02T20:43:49.000,Noise - Street/Sidewalk,40.72456446540803,-74.00778198436257
66031953,2025-09-02T20:28:29.000,Noise - Street/Sidewalk,40.72783372397517,-73.99849908933291
66030588,2025-09-02T20:14:36.000,Noise - Street/Sidewalk,40.72460315459392,-73.99969694619143
66025077,2025-09-02T20:04:01.000,Noise - Commercial,40.72755889546011,-73.99086107921278
66031843,2025-09-02T17:38:21.000,Noise - Commercial,40.717872604455565,-73.99037540580335
66026477,2025-09-02T14:48:04.000,Noise - Street/Sidewalk,40.72611824983573,-74.00159828439823
66023799,2025-09-02T14:03:22.000,Noise - Street/Sidewalk,40.7202938249859,-74.00370495401587
66022467,2025-09-02T14:00:09.000,Noise - Street/Sidewalk,40.722300267171406,-73.99712108830063
66023812,2025-09-02T05:38:58.000,Noise - Street/Sidewalk,40.72275280235026,-74.00942687639595
66027798,2025-09-02T05:16:17.000,Noise - Street/Sidewalk,40.72275280235026,-74.00942687639595
66025083,2025-09-02T02:39:30.000,Noise - Commercial,40.72531399416446,-74.00349237161738
66013307,2025-09-02T00:43:41.000,Noise - Street/Sidewalk,40.72892064317083,-73.99820681546024
66013345,2025-09-01T15:15:38.000,Noise - Street/Sidewalk,40.724641425466416,-74.00599613951769
66021095,2025-09-01T03:17:52.000,Noise - Commercial,40.723889459225134,-73.9963201003038
66004866,2025-09-01T00:47:55.000,Noise - Street/Sidewalk,40.72892064317083,-73.99820681546024
66004867,2025-09-01T00:44:39.000,Noise - Street/Sidewalk,40.72892064317083,-73.99820681546024
66010969,2025-09-01T00:40:23.000,Noise - Street/Sidewalk,40.72892064317083,-73.99820681546024
66008461,2025-09-01T00:39:08.000,Noise - Street/Sidewalk,40.72892064317083,-73.99820681546024
66012176,2025-09-01T00:38:08.000,Noise - Street/Sidewalk,40.72892064317083,-73.99820681546024
66012161,2025-09-01T00:34:16.000,Noise - Street/Sidewalk,40.72654328463644,-73.99024066166999
66003651,2025-09-01T00:28:03.000,Noise - Street/Sidewalk,40.72892064317083,-73.99820681546024
66004869,2025-09-01T00:26:54.000,Noise - Street/Sidewalk,40.72892064317083,-73.99820681546024
66007307,2025-09-01T00:25:23.000,Noise - Street/Sidewalk,40.72892064317083,-73.99820681546024
66008462,2025-09-01T00:22:04.000,Noise - Street/Sidewalk,40.72892064317083,-73.99820681546024
66010973,2025-09-01T00:19:36.000,Noise - Street/Sidewalk,40.72892064317083,-73.99820681546024
66012178,2025-09-01T00:15:11.000,Noise - Street/Sidewalk,40.72892064317083,-73.99820681546024
66012179,2025-09-01T00:14:06.000,Noise - Street/Sidewalk,40.72892064317083,-73.99820681546024
66006038,2025-09-01T00:12:54.000,Noise - Street/Sidewalk,40.72892064317083,-73.99820681546024
66003652,2025-09-01T00:12:14.000,Noise - Street/Sidewalk,40.72892064317083,-73.99820681546024
66007308,2025-09-01T00:09:45.000,Noise - Street/Sidewalk,40.72892064317083,-73.99820681546024
66008448,2025-08-31T23:41:38.000,Noise - Street/Sidewalk,40.72851717796591,-73.99988815214454
66003693,2025-08-31T22:38:16.000,Noise - Street/Sidewalk,40.72369176931606,-73.9946100452553
66011013,2025-08-31T22:29:23.000,Noise - Street/Sidewalk,40.72070559790675,-73.99965006547241
66008499,2025-08-31T22:28:00.000,Noise - Street/Sidewalk,40.72322251520844,-73.99752150412651
66005698,2025-08-31T22:05:29.000,Noise - Commercial,40.71908341696346,-73.99742425596422
66003601,2025-08-31T21:25:58.000,Noise - Street/Sidewalk,40.71950336097164,-73.99724386436587
66005708,2025-08-31T20:18:11.000,Noise - Commercial,40.72247318492828,-73.99704171213209
66003681,2025-08-31T19:39:33.000,Noise - Street/Sidewalk,40.720398138017146,-74.00330452111983
66003686,2025-08-31T18:51:01.000,Noise - Street/Sidewalk,40.71879796465334,-73.99754692094857
66006041,2025-08-31T18:29:24.000,Noise - Street/Sidewalk,40.71943992579835,-73.99116883033915
66005957,2025-08-31T18:21:18.000,Noise - Street/Sidewalk,40.71943992579835,-73.99116883033915
66009648,2025-08-31T18:06:37.000,Noise - Street/Sidewalk,40.71943992579835,-73.99116883033915
66010971,2025-08-31T17:58:39.000,Noise - Street/Sidewalk,40.71943992579835,-73.99116883033915
66009651,2025-08-31T17:56:04.000,Noise - Street/Sidewalk,40.71948385074423,-73.99128426472166
66006937,2025-08-31T17:47:27.000,Noise - Commercial,40.71943992579835,-73.99116883033915
66010868,2025-08-31T17:23:05.000,Noise - Street/Sidewalk,40.72007395175971,-73.99099558448978
66004835,2025-08-31T17:19:56.000,Noise - Street/Sidewalk,40.71943992579835,-73.99116883033915
66008144,2025-08-31T17:17:40.000,Noise - Commercial,40.71943992579835,-73.99116883033915
66010942,2025-08-31T17:17:11.000,Noise - Street/Sidewalk,40.71943992579835,-73.99116883033915
66010586,2025-08-31T17:15:43.000,Noise - Commercial,40.71943992579835,-73.99116883033915
66009692,2025-08-31T16:57:35.000,Noise - Street/Sidewalk,40.71978576352382,-73.99114353185513
66004872,2025-08-31T16:17:28.000,Noise - Street/Sidewalk,40.7214739159611,-73.99296515261688
66006050,2025-08-31T15:01:51.000,Noise - Street/Sidewalk,40.72970250436911,-73.99030514406266
66008421,2025-08-31T11:25:58.000,Noise - Street/Sidewalk,40.7202938249859,-74.00370495401587
66008507,2025-08-31T10:15:40.000,Noise - Street/Sidewalk,40.72931039303492,-73.99788568956492
66002486,2025-08-31T01:52:03.000,Noise - Vehicle,40.71885258098847,-73.99161984218506
65999850,2025-08-31T01:48:23.000,Noise - Street/Sidewalk,40.72892064317083,-73.99820681546024
66001172,2025-08-31T01:47:32.000,Noise - Street/Sidewalk,40.72892064317083,-73.99820681546024
65996783,2025-08-31T01:40:04.000,Noise - Commercial,40.723889459225134,-73.9963201003038
65993589,2025-08-31T00:59:20.000,Noise - Street/Sidewalk,40.72135061306713,-73.99908006012213
65993581,2025-08-31T00:27:27.000,Noise - Street/Sidewalk,40.72892064317083,-73.99820681546024
65993582,2025-08-31T00:22:53.000,Noise - Street/Sidewalk,40.72892064317083,-73.99820681546024
65999851,2025-08-31T00:21:47.000,Noise - Street/Sidewalk,40.72892064317083,-73.99820681546024
66000691,2025-08-31T00:18:10.000,Noise - Commercial,40.7189129617464,-73.99156572246149
65995622,2025-08-30T23:10:03.000,Noise - Commercial,40.72671109521736,-74.00276364952728
65998561,2025-08-30T23:07:44.000,Noise - Street/Sidewalk,40.72939824022615,-74.00100664400853
65998180,2025-08-30T22:58:08.000,Noise - Commercial,40.72433128539028,-73.99435023418445
65993155,2025-08-30T21:47:31.000,Noise - Commercial,40.71911350806538,-73.99452744332153
65996909,2025-08-30T21:25:19.000,Noise - Commercial,40.72135884748572,-73.9990980980475
65994349,2025-08-30T20:53:44.000,Noise - Commercial,40.7229342174866,-73.9946389680679
65998500,2025-08-30T20:18:28.000,Noise - Street/Sidewalk,40.71858360367087,-73.99174613702137
65996912,2025-08-30T19:31:13.000,Noise - Commercial,40.72827563770185,-73.9993577791577
65996940,2025-08-30T18:41:03.000,Noise - Commercial,40.725978270589856,-74.00133490741577
66002001,2025-08-30T17:14:39.000,Noise - Commercial,40.72428175147285,-74.00783967560663
65993118,2025-08-30T17:01:41.000,Noise - Commercial,40.72428175147285,-74.00783967560663
65995617,2025-08-30T12:50:19.000,Noise - Commercial,40.71913275884676,-74.00461758376429
66000663,2025-08-30T07:45:36.000,Noise - Commercial,40.723532649048565,-73.99659069941735
65999389,2025-08-30T04:38:39.000,Noise - Commercial,40.72401296921459,-73.99619382218174
65996903,2025-08-30T04:06:02.000,Noise - Commercial,40.71872911078678,-73.99224755670346
66002303,2025-08-30T03:46:03.000,Noise - Street/Sidewalk,40.72167422245099,-73.99203075662564
65999688,2025-08-30T02:52:13.000,Noise - Street/Sidewalk,40.71805922021394,-73.99004710279495
66001882,2025-08-30T02:48:31.000,Noise - Commercial,40.72090022730027,-73.99242768330566
65999847,2025-08-30T02:30:43.000,Noise - Street/Sidewalk,40.72956262937125,-73.99167983220961
65994693,2025-08-30T02:09:43.000,Noise - Street/Sidewalk,40.71750792372874,-74.00262618674078
65982897,2025-08-30T01:10:33.000,Noise - Commercial,40.7189129617464,-73.99156572246149
65986823,2025-08-30T00:35:30.000,Noise - Commercial,40.71733209914747,-73.99338765439448
65989250,2025-08-30T00:27:26.000,Noise - Commercial,40.72671109521736,-74.00276364952728
65984392,2025-08-29T23:16:58.000,Noise - Street/Sidewalk,40.7297138891165,-74.00074326038714
65988095,2025-08-29T23:03:45.000,Noise - Commercial,40.72671109521736,-74.00276364952728
65984213,2025-08-29T22:15:57.000,Noise - Commercial,40.72135884748572,-73.9990980980475
65990859,2025-08-29T22:08:15.000,Noise - Street/Sidewalk,40.71880866483587,-73.99161984770691
65982876,2025-08-29T21:53:41.000,Noise - Commercial,40.7229342174866,-73.9946389680679
65989251,2025-08-29T21:24:04.000,Noise - Commercial,40.72963429324368,-73.99971135553423
65984374,2025-08-29T21:19:18.000,Noise - Street/Sidewalk,40.71880866483587,-73.99161984770691
65986791,2025-08-29T20:56:49.000,Noise - Commercial,40.7229342174866,-73.9946389680679
65989604,2025-08-29T20:30:55.000,Noise - Street/Sidewalk,40.7189129617464,-73.99156572246149
65991766,2025-08-29T19:04:00.000,Noise - Commercial,40.72671109521736,-74.00276364952728
65982877,2025-08-29T17:08:32.000,Noise - Commercial,40.72892339991252,-74.00067469924103
65989641,2025-08-29T15:01:28.000,Noise - Vehicle,40.72986178972995,-73.99143444622271
65991891,2025-08-29T14:47:50.000,Noise - Commercial,40.726724473579125,-73.99066275923656
65988103,2025-08-29T14:22:16.000,Noise - Commercial,40.72929667966864,-74.00143960697945
65984357,2025-08-29T14:05:25.000,Noise - Street/Sidewalk,40.72986178972995,-73.99143444622271
65989579,2025-08-29T14:00:47.000,Noise - Street/Sidewalk,40.7202938249859,-74.00370495401587
65984217,2025-08-29T13:50:17.000,Noise - Commercial,40.72678792827488,-74.00350327256554
65988279,2025-08-29T13:17:18.000,Noise - Street/Sidewalk,40.72894525445955,-74.00492855329398
65981616,2025-08-29T01:13:35.000,Noise - Commercial,40.72707618085859,-74.00018400378333
65978942,2025-08-29T00:47:43.000,Noise - Commercial,40.71763145486084,-73.99826844509361
65972569,2025-08-28T23:57:59.000,Noise - Commercial,40.72678792827488,-74.00350327256554
65980251,2025-08-28T22:42:47.000,Noise - Commercial,40.71763145486084,-73.99826844509361
65980246,2025-08-28T22:30:09.000,Noise - Commercial,40.71603643987527,-73.9913857204777
65975119,2025-08-28T22:14:25.000,Noise - Commercial,40.71609958456966,-73.99159132973686
65980371,2025-08-28T22:13:19.000,Noise - Street/Sidewalk,40.720911068855344,-73.99056616894214
65973838,2025-08-28T22:06:46.000,Noise - Commercial,40.7229342174866,-73.9946389680679
65977645,2025-08-28T21:57:12.000,Noise - Commercial,40.7189129617464,-73.99156572246149
65973712,2025-08-28T20:56:40.000,Noise - Commercial,40.72963429324368,-73.99971135553423
65976387,2025-08-28T20:05:02.000,Noise - Commercial,40.71965147022583,-73.9943073407094
65977654,2025-08-28T19:38:57.000,Noise - Commercial,40.71965147022583,-73.9943073407094
65976386,2025-08-28T18:18:45.000,Noise - Commercial,40.71965147022583,-73.9943073407094
65975265,2025-08-28T15:23:05.000,Noise - Street/Sidewalk,40.72452866650281,-73.99064502799051
65981611,2025-08-28T11:35:38.000,Noise - Commercial,40.72892339991252,-74.00067469924103
65963011,2025-08-27T22:33:15.000,Noise - Commercial,40.72228652364041,-74.00358240442132
65963012,2025-08-27T21:59:31.000,Noise - Commercial,40.7189129617464,-73.99156572246149
65969026,2025-08-27T14:58:53.000,Noise - Street/Sidewalk,40.72326908507719,-73.99479407271285
65970080,2025-08-27T14:18:52.000,Noise - Commercial,40.72892339991252,-74.00067469924103
65966669,2025-08-27T10:21:53.000,Noise - Street/Sidewalk,40.71819684632654,-73.99688678216467
65969054,2025-08-27T10:19:29.000,Noise - Street/Sidewalk,40.718251740639424,-73.99685431264386
65967684,2025-08-27T09:20:00.000,Noise - Commercial,40.72121294795126,-74.00996058337948
65960774,2025-08-26T23:51:41.000,Noise - Commercial,40.723532649048565,-73.99659069941735
65960775,2025-08-26T23:45:17.000,Noise - Commercial,40.723532649048565,-73.99659069941735
65958458,2025-08-26T23:32:22.000,Noise - Commercial,40.7189129617464,-73.99156572246149
65960778,2025-08-26T22:43:11.000,Noise - Commercial,40.72832504382953,-73.99945880225974
65955000,2025-08-26T22:38:59.000,Noise - Commercial,40.71609958456966,-73.99159132973686
65960779,2025-08-26T22:37:30.000,Noise - Commercial,40.7189129617464,-73.99156572246149
65958469,2025-08-26T22:35:29.000,Noise - Commercial,40.71607762145887,-73.99152279339022
65956137,2025-08-26T22:30:57.000,Noise - Commercial,40.71609958456966,-73.99159132973686
65962113,2025-08-26T22:28:07.000,Noise - Street/Sidewalk,40.71609958456966,-73.99159132973686
65956141,2025-08-26T22:26:25.000,Noise - Commercial,40.71609958456966,-73.99159132973686
65957405,2025-08-26T22:23:10.000,Noise - Street/Sidewalk,40.71609958456966,-73.99159132973686
65958465,2025-08-26T22:20:46.000,Noise - Commercial,40.71609958456966,-73.99159132973686
65957273,2025-08-26T22:19:03.000,Noise - Commercial,40.71607762145887,-73.99152279339022
65955112,2025-08-26T21:23:05.000,Noise - Street/Sidewalk,40.71807035293164,-73.992020365249
65958460,2025-08-26T21:13:27.000,Noise - Commercial,40.72832504382953,-73.99945880225974
65957124,2025-08-26T18:19:21.000,Noise - Vehicle,40.72332399353849,-74.00490288358404
65960900,2025-08-26T18:14:01.000,Noise - Street/Sidewalk,40.72854461255602,-74.00173183847517
65953980,2025-08-26T13:19:37.000,Noise - Street/Sidewalk,40.7202938249859,-74.00370495401587
65958602,2025-08-26T11:24:14.000,Noise - Street/Sidewalk,40.71696167827834,-74.00396089204578
65956231,2025-08-26T11:15:31.000,Noise - Street/Sidewalk,40.729011226335615,-74.00133496817217
65954017,2025-08-26T10:30:37.000,Noise - Street/Sidewalk,40.71819684632654,-73.99688678216467
65962128,2025-08-26T10:28:38.000,Noise - Street/Sidewalk,40.718251740639424,-73.99685431264386
65959626,2025-08-26T02:59:29.000,Noise - Commercial,40.71927554446172,-73.99718254637112
65946220,2025-08-26T01:06:12.000,Noise - Vehicle,40.72819321240205,-73.99559105112965
65953140,2025-08-26T00:56:17.000,Noise - Street/Sidewalk,40.72911276304618,-73.99750685293887
65946945,2025-08-25T23:47:43.000,Noise - Commercial,40.723532649048565,-73.99659069941735
65946942,2025-08-25T23:43:46.000,Noise - Commercial,40.723532649048565,-73.99659069941735
65950386,2025-08-25T23:00:42.000,Noise - Commercial,40.7189129617464,-73.99156572246149
65952661,2025-08-25T22:47:06.000,Noise - Commercial,40.72832504382953,-73.99945880225974
65946948,2025-08-25T22:13:48.000,Noise - Commercial,40.7189129617464,-73.99156572246149
65952811,2025-08-25T16:19:37.000,Noise - Street/Sidewalk,40.71867145829986,-73.9920635828291
65938630,2025-08-25T00:17:07.000,Noise - Vehicle,40.72955469235684,-74.00087675651746
65942723,2025-08-25T00:14:01.000,Noise - Street/Sidewalk,40.72955469235684,-74.00087675651746
65940622,2025-08-25T00:13:13.000,Noise - Street/Sidewalk,40.72959860892181,-74.00081181212525
65942792,2025-08-25T00:10:02.000,Noise - Street/Sidewalk,40.72955469235684,-74.00087675651746
65936395,2025-08-25T00:09:54.000,Noise - Street/Sidewalk,40.72955469235684,-74.00087675651746
65940594,2025-08-25T00:09:18.000,Noise - Street/Sidewalk,40.72965899371875,-74.00078655646078
65942706,2025-08-25T00:08:55.000,Noise - Street/Sidewalk,40.72955469235684,-74.00087675651746
65936554,2025-08-25T00:07:26.000,Noise - Vehicle,40.72954645822612,-74.00085871615379
65939527,2025-08-25T00:05:29.000,Noise - Street/Sidewalk,40.72955469235684,-74.00087675651746
65942847,2025-08-25T00:03:57.000,Noise - Vehicle,40.72949430753926,-74.00090201206066
65943492,2025-08-25T00:01:34.000,Noise - Commercial,40.72939824022615,-74.00100664400853
65940595,2025-08-25T00:01:32.000,Noise - Street/Sidewalk,40.72939000611557,-74.00098860367115
65938588,2025-08-24T23:55:21.000,Noise - Street/Sidewalk,40.72955469235684,-74.00087675651746
65936458,2025-08-24T23:53:29.000,Noise - Street/Sidewalk,40.72955469235684,-74.00087675651746
65942838,2025-08-24T23:53:04.000,Noise - Vehicle,40.72960684303375,-74.00083346055158
65942803,2025-08-24T22:04:19.000,Noise - Street/Sidewalk,40.7290853380792,-74.00100663928178
65939339,2025-08-24T20:34:50.000,Noise - Commercial,40.72223168159443,-74.00077564583744
65939341,2025-08-24T20:28:43.000,Noise - Commercial,40.72223168159443,-74.00077564583744
65942489,2025-08-24T20:16:39.000,Noise - Commercial,40.7201648413282,-73.99698048635884
65940359,2025-08-24T18:52:44.000,Noise - Commercial,40.7201648413282,-73.99698048635884
65940361,2025-08-24T18:52:05.000,Noise - Commercial,40.7185204568837,-73.99150805286503
65939594,2025-08-24T18:34:22.000,Noise - Street/Sidewalk,40.7185204568837,-73.99150805286503
65938284,2025-08-24T15:47:46.000,Noise - Commercial,40.7185204568837,-73.99150805286503
65936496,2025-08-24T11:05:30.000,Noise - Street/Sidewalk,40.71940181072345,-73.99750000119874
65942831,2025-08-24T10:28:53.000,Noise - Street/Sidewalk,40.72021136735016,-73.99366154220466
65936542,2025-08-24T08:01:14.000,Noise - Street/Sidewalk,40.716335620657134,-74.00858906683811
65941414,2025-08-24T06:17:30.000,Noise - Commercial,40.72016177866853,-73.99092702930629
65937162,2025-08-24T04:55:41.000,Noise - Commercial,40.72090022730027,-73.99242768330566
65936394,2025-08-24T04:26:50.000,Noise - Street/Sidewalk,40.72682360900715,-73.99646064652228
65938302,2025-08-24T03:49:48.000,Noise - Commercial,40.72678792827488,-74.00350327256554
65940274,2025-08-24T01:36:46.000,Noise - Commercial,40.72090022730027,-73.99242768330566
65933222,2025-08-24T01:31:13.000,Noise - Street/Sidewalk,40.72842385586966,-73.99967888886464
65928904,2025-08-24T01:17:31.000,Noise - Commercial,40.71631908276552,-74.00947286179263
65928905,2025-08-24T00:59:12.000,Noise - Commercial,40.71631908276552,-74.00947286179263
65934999,2025-08-24T00:39:45.000,Noise - Commercial,40.7189129617464,-73.99156572246149
65933758,2025-08-23T23:28:41.000,Noise - Commercial,40.7189129617464,-73.99156572246149
65932506,2025-08-23T23:14:29.000,Noise - Commercial,40.72879439653422,-73.99935055813754
65933763,2025-08-23T23:10:34.000,Noise - Commercial,40.71800199374638,-73.99803756019594
65930058,2025-08-23T23:00:27.000,Noise - Commercial,40.72428175147285,-74.00783967560663
65931536,2025-08-23T22:58:05.000,Noise - Street/Sidewalk,40.71934688479641,-73.99634921110784
65935367,2025-08-23T22:38:22.000,Noise - Street/Sidewalk,40.72103766452438,-73.99661608018125
65926730,2025-08-23T22:34:00.000,Noise - Street/Sidewalk,40.71893520107021,-73.99747476636496
65931508,2025-08-23T22:17:19.000,Noise - Street/Sidewalk,40.71893520107021,-73.99747476636496
65930079,2025-08-23T21:16:06.000,Noise - Commercial,40.71911350806538,-73.99452744332153
65932505,2025-08-23T18:53:09.000,Noise - Commercial,40.71872911078678,-73.99224755670346
65931527,2025-08-23T18:46:32.000,Noise - Street/Sidewalk,40.72640096292958,-74.00135295528665
65930068,2025-08-23T18:19:43.000,Noise - Commercial,40.718894030618806,-73.99751805761761
65932835,2025-08-23T18:10:50.000,Noise - Street/Sidewalk,40.72596454753991,-74.00126996571237
65927958,2025-08-23T17:38:01.000,Noise - Street/Sidewalk,40.72640096292958,-74.00135295528665
65931529,2025-08-23T17:35:58.000,Noise - Street/Sidewalk,40.72640096292958,-74.00135295528665
65934098,2025-08-23T17:16:46.000,Noise - Street/Sidewalk,40.72131764013717,-73.99698404173502
65932531,2025-08-23T15:40:38.000,Noise - Commercial,40.724323189696,-73.99990980579302
65935407,2025-08-23T14:35:22.000,Noise - Street/Sidewalk,40.720398138017146,-74.00330452111983
65926369,2025-08-23T08:13:39.000,Noise - Vehicle,40.72446024017421,-74.00656975955327
65931674,2025-08-23T04:25:51.000,Noise - Vehicle,40.71836938242169,-73.99009756072188
65929290,2025-08-23T04:18:50.000,Noise - Vehicle,40.7183638950715,-73.99012281365721
65932966,2025-08-23T03:29:11.000,Noise - Vehicle,40.722868369023296,-74.00477658093135
65924615,2025-08-23T01:07:51.000,Noise - Commercial,40.72090022730027,-73.99242768330566
65919343,2025-08-23T00:01:35.000,Noise - Commercial,40.72671109521736,-74.00276364952728
65921894,2025-08-22T23:59:26.000,Noise - Street/Sidewalk,40.718251740639424,-73.99685431264386
65919368,2025-08-22T23:09:39.000,Noise - Commercial,40.71695314607578,-73.99081924500813
65924293,2025-08-22T23:07:08.000,Noise - Street/Sidewalk,40.71855876241988,-73.99000013126532
65920552,2025-08-22T23:06:27.000,Noise - Commercial,40.7189129617464,-73.99156572246149
65924336,2025-08-22T22:55:54.000,Noise - Street/Sidewalk,40.71688452994089,-73.99085532811608
65925284,2025-08-22T22:26:19.000,Noise - Commercial,40.72707618085859,-74.00018400378333
65921721,2025-08-22T22:25:55.000,Noise - Commercial,40.717872604455565,-73.99037540580335
65917139,2025-08-22T22:25:17.000,Noise - Street/Sidewalk,40.71987633528328,-73.99107497679549
65919360,2025-08-22T21:51:10.000,Noise - Commercial,40.72135884748572,-73.9990980980475
65920563,2025-08-22T21:42:50.000,Noise - Commercial,40.71695314607578,-73.99081924500813
65925505,2025-08-22T21:04:02.000,Noise - Street/Sidewalk,40.71899007642863,-74.00330805878592
65922878,2025-08-22T20:22:36.000,Noise - Commercial,40.71909136580401,-73.99149355018288
65923105,2025-08-22T20:16:08.000,Noise - Street/Sidewalk,40.71757069164552,-73.9905053159014
65919213,2025-08-22T16:28:08.000,Noise - Vehicle,40.71985440272916,-74.0085895203129
65922753,2025-08-22T15:46:11.000,Noise - Vehicle,40.72233048461226,-74.00158376291841
65918330,2025-08-22T12:40:53.000,Noise - Street/Sidewalk,40.7202938249859,-74.00370495401587
65923104,2025-08-22T12:24:24.000,Noise - Street/Sidewalk,40.72991670620717,-73.9917266929253
65919348,2025-08-22T11:50:35.000,Noise - Commercial,40.7201648413282,-73.99698048635884
65925498,2025-08-22T11:44:44.000,Noise - Street/Sidewalk,40.72015935133559,-73.99696244889314
65918365,2025-08-22T10:15:19.000,Noise - Vehicle,40.72225084389515,-74.00351385703756
65924325,2025-08-22T08:16:39.000,Noise - Street/Sidewalk,40.72892064317083,-73.99820681546024
65918312,2025-08-22T08:09:52.000,Noise - Street/Sidewalk,40.72892064317083,-73.99820681546024
65923087,2025-08-22T08:07:15.000,Noise - Street/Sidewalk,40.72892064317083,-73.99820681546024
65920733,2025-08-22T08:05:49.000,Noise - Street/Sidewalk,40.72892064317083,-73.99820681546024
65918343,2025-08-22T02:49:00.000,Noise - Street/Sidewalk,40.71605840306777,-73.99145425673682
65911578,2025-08-22T00:39:20.000,Noise - Street/Sidewalk,40.71751305406181,-73.99053418330956
65915983,2025-08-22T00:04:00.000,Noise - Street/Sidewalk,40.7181719037686,-73.991944596949
65908177,2025-08-21T23:48:42.000,Noise - Commercial,40.71631908276552,-74.00947286179263
65910368,2025-08-21T23:40:53.000,Noise - Commercial,40.72250863023186,-73.99204869519959
65915864,2025-08-21T23:37:32.000,Noise - Commercial,40.7189129617464,-73.99156572246149
65913669,2025-08-21T23:02:30.000,Noise - Commercial,40.71631357249486,-73.99027823289293
65912559,2025-08-21T22:19:49.000,Noise - Commercial,40.7189129617464,-73.99156572246149
65910365,2025-08-21T22:04:04.000,Noise - Commercial,40.723916508436496,-74.01026043039673
65908156,2025-08-21T21:45:25.000,Noise - Commercial,40.7241169184207,-74.00976980628137
65914756,2025-08-21T20:29:49.000,Noise - Commercial,40.719519842440775,-73.99784992507324
65912570,2025-08-21T17:16:08.000,Noise - Commercial,40.71605840306777,-73.99145425673682
65913670,2025-08-21T16:11:30.000,Noise - Commercial,40.71605840306777,-73.99145425673682
65911426,2025-08-21T16:09:30.000,Noise - Commercial,40.71605840306777,-73.99145425673682
65913786,2025-08-21T12:15:31.000,Noise - Street/Sidewalk,40.71658815403385,-74.0083798731041
65911559,2025-08-21T12:12:21.000,Noise - Street/Sidewalk,40.7202938249859,-74.00370495401587
65914919,2025-08-21T11:12:53.000,Noise - Street/Sidewalk,40.718251740639424,-73.99685431264386
65909380,2025-08-21T11:08:44.000,Noise - Street/Sidewalk,40.71819684632654,-73.99688678216467
65915993,2025-08-21T10:19:51.000,Noise - Street/Sidewalk,40.71819684632654,-73.99688678216467
65915981,2025-08-21T10:16:46.000,Noise - Street/Sidewalk,40.718251740639424,-73.99685431264386
65901685,2025-08-21T00:30:14.000,Noise - Street/Sidewalk,40.72374669627988,-74.00466119629756
65901591,2025-08-21T00:01:02.000,Noise - Commercial,40.72225084389515,-74.00351385703756
65901589,2025-08-20T22:56:42.000,Noise - Commercial,40.7189129617464,-73.99156572246149
65902502,2025-08-20T22:13:29.000,Noise - Commercial,40.7189129617464,-73.99156572246149
65900717,2025-08-20T19:46:21.000,Noise - Commercial,40.7201648413282,-73.99698048635884
65907192,2025-08-20T18:51:57.000,Noise - Commercial,40.723916508436496,-74.01026043039673
65903288,2025-08-20T18:43:22.000,Noise - Commercial,40.7241169184207,-74.00976980628137
65902501,2025-08-20T18:39:45.000,Noise - Commercial,40.7241169184207,-74.00976980628137
65900787,2025-08-20T15:41:11.000,Noise - Street/Sidewalk,40.7201648413282,-73.99698048635884
65902505,2025-08-20T13:24:15.000,Noise - Commercial,40.7185204568837,-73.99150805286503
65903539,2025-08-20T03:21:51.000,Noise - Street/Sidewalk,40.7272214801879,-74.00631026115715
65891447,2025-08-20T00:53:50.000,Noise - Commercial,40.717872604455565,-73.99037540580335
65899596,2025-08-20T00:21:40.000,Noise - Commercial,40.71631908276552,-74.00947286179263
65892763,2025-08-20T00:18:46.000,Noise - Street/Sidewalk,40.72374669627988,-74.00466119629756
65893671,2025-08-19T23:41:54.000,Noise - Commercial,40.72374669627988,-74.00466119629756
65894873,2025-08-19T23:20:33.000,Noise - Commercial,40.72374669627988,-74.00466119629756
65899588,2025-08-19T22:32:04.000,Noise - Commercial,40.7189129617464,-73.99156572246149
65899690,2025-08-19T21:49:03.000,Noise - Street/Sidewalk,40.72851717796591,-73.99988815214454
65899586,2025-08-19T20:40:30.000,Noise - Commercial,40.717872604455565,-73.99037540580335
65898559,2025-08-19T20:34:09.000,Noise - Street/Sidewalk,40.719519842440775,-73.99784992507324
65894993,2025-08-19T18:26:26.000,Noise - Commercial,40.72107039661541,-73.99234108175814
65893921,2025-08-19T12:54:26.000,Noise - Street/Sidewalk,40.7202938249859,-74.00370495401587
65890210,2025-08-19T00:00:00.000,Noise - Commercial,40.7189129617464,-73.99156572246149
65889167,2025-08-18T22:04:52.000,Noise - Street/Sidewalk,40.72783372397517,-73.99849908933291
65886864,2025-08-18T21:47:58.000,Noise - Street/Sidewalk,40.72688404413914,-74.00094887951944
65883461,2025-08-18T20:54:25.000,Noise - Street/Sidewalk,40.72072740449431,-74.00591642075743
65884501,2025-08-18T20:28:26.000,Noise - Commercial,40.7264777669756,-74.00362592434801
65885669,2025-08-18T19:59:07.000,Noise - Commercial,40.7292802115801,-74.00140352625716
65886872,2025-08-18T15:41:05.000,Noise - Street/Sidewalk,40.72627452235909,-73.9933903749743
65884572,2025-08-18T13:55:12.000,Noise - Street/Sidewalk,40.72042832901015,-74.00335142086354
65889084,2025-08-18T10:59:49.000,Noise - Commercial,40.7201648413282,-73.99698048635884
65885659,2025-08-18T07:21:30.000,Noise - Commercial,40.723570732496086,-74.00952079301001
65887893,2025-08-18T02:52:12.000,Noise - Commercial,40.72180617512557,-73.99594141397117
65875696,2025-08-17T22:40:49.000,Noise - Commercial,40.7189129617464,-73.99156572246149
65879556,2025-08-17T21:27:27.000,Noise - Street/Sidewalk,40.71935514806385,-73.9974206379633
65880504,2025-08-17T21:15:48.000,Noise - Street/Sidewalk,40.719519842440775,-73.99784992507324
65880510,2025-08-17T20:28:34.000,Noise - Street/Sidewalk,40.72842385586966,-73.99967888886464
65881293,2025-08-17T17:41:27.000,Noise - Commercial,40.71965147022583,-73.9943073407094
65875884,2025-08-17T13:56:43.000,Noise - Street/Sidewalk,40.72038440433181,-74.00363280794991
65875609,2025-08-17T07:28:20.000,Noise - Vehicle,40.72593953744873,-74.00850732395048
65871995,2025-08-17T02:26:48.000,Noise - Street/Sidewalk,40.72581331433994,-73.99199057532017
65873168,2025-08-17T02:26:20.000,Noise - Street/Sidewalk,40.72575567594754,-73.99201222932258
65865911,2025-08-17T01:06:09.000,Noise - Street/Sidewalk,40.72090022730027,-73.99242768330566
65867068,2025-08-17T00:48:26.000,Noise - Street/Sidewalk,40.72186381992646,-73.9960821082315
65870504,2025-08-17T00:36:57.000,Noise - Street/Sidewalk,40.72216025698435,-73.99617588973588
65865857,2025-08-17T00:23:26.000,Noise - Street/Sidewalk,40.72129018007204,-73.99654030767394
65870568,2025-08-17T00:20:38.000,Noise - Street/Sidewalk,40.71807035293164,-73.992020365249
65867359,2025-08-17T00:15:21.000,Noise - Street/Sidewalk,40.72214073994466,-73.99080409978919
65872574,2025-08-16T23:14:06.000,Noise - Commercial,40.7241169184207,-74.00976980628137
65870482,2025-08-16T22:49:16.000,Noise - Street/Sidewalk,40.7241169184207,-74.00976980628137
65873664,2025-08-16T22:27:54.000,Noise - Commercial,40.7189129617464,-73.99156572246149
65873685,2025-08-16T22:26:09.000,Noise - Commercial,40.7189129617464,-73.99156572246149
65868152,2025-08-16T21:46:21.000,Noise - Street/Sidewalk,40.7208893834739,-73.99488084057471
65865599,2025-08-16T20:29:47.000,Noise - Commercial,40.71742011026874,-73.99840192418509
65873677,2025-08-16T20:27:06.000,Noise - Commercial,40.71790591062789,-73.99723310816185
65873992,2025-08-16T20:00:34.000,Noise - Vehicle,40.72832504382953,-73.99945880225974
65868150,2025-08-16T19:32:43.000,Noise - Street/Sidewalk,40.72032677980751,-73.99689389777535
65869425,2025-08-16T18:20:56.000,Noise - Street/Sidewalk,40.7208893834739,-73.99488084057471
65869124,2025-08-16T17:36:13.000,Noise - Commercial,40.72678792827488,-74.00350327256554
65866765,2025-08-16T16:44:25.000,Noise - Commercial,40.72135884748572,-73.9990980980475
65867115,2025-08-16T14:32:45.000,Noise - Street/Sidewalk,40.72042832901015,-74.00335142086354
65873682,2025-08-16T14:17:49.000,Noise - Commercial,40.720005674639815,-74.00153680972402
65869463,2025-08-16T12:38:21.000,Noise - Street/Sidewalk,40.729444899165664,-73.99879491278043
65868287,2025-08-16T10:58:37.000,Noise - Street/Sidewalk,40.718251740639424,-73.99685431264386
65869455,2025-08-16T10:32:17.000,Noise - Street/Sidewalk,40.718251740639424,-73.99685431264386
65870534,2025-08-16T03:28:54.000,Noise - Street/Sidewalk,40.72823707605127,-73.99438598284803
65866780,2025-08-16T02:39:18.000,Noise - Commercial,40.72678792827488,-74.00350327256554
65871429,2025-08-16T02:16:50.000,Noise - Commercial,40.72678792827488,-74.00350327256554
65858629,2025-08-16T01:27:02.000,Noise - Street/Sidewalk,40.72141905783425,-73.9936000979575
65861069,2025-08-16T01:21:18.000,Noise - Street/Sidewalk,40.72185546509267,-73.99343410485353
65855905,2025-08-16T00:01:38.000,Noise - Commercial,40.72671109521736,-74.00276364952728
65862221,2025-08-15T23:58:14.000,Noise - Street/Sidewalk,40.71998357904414,-73.9941666185409
65864613,2025-08-15T23:52:58.000,Noise - Street/Sidewalk,40.71807035293164,-73.992020365249
65864446,2025-08-15T23:30:12.000,Noise - Commercial,40.72671109521736,-74.00276364952728
65856046,2025-08-15T23:25:02.000,Noise - Commercial,40.7189129617464,-73.99156572246149
65857270,2025-08-15T23:07:01.000,Noise - Commercial,40.719519842440775,-73.99784992507324
65862182,2025-08-15T20:32:51.000,Noise - Street/Sidewalk,40.72851717796591,-73.99988815214454
65858624,2025-08-15T19:22:53.000,Noise - Street/Sidewalk,40.7208893834739,-73.99488084057471
65861097,2025-08-15T18:08:15.000,Noise - Street/Sidewalk,40.7208893834739,-73.99488084057471
65864640,2025-08-15T15:49:54.000,Noise - Street/Sidewalk,40.71970371570915,-74.00324315887934
65862059,2025-08-15T08:11:24.000,Noise - Commercial,40.72678792827488,-74.00350327256554
65859844,2025-08-15T06:54:09.000,Noise - Street/Sidewalk,40.72994163619368,-74.0040157846527
65851255,2025-08-15T00:06:20.000,Noise - Vehicle,40.71948672201727,-73.99315656021322
65853662,2025-08-15T00:03:30.000,Noise - Vehicle,40.71948672201727,-73.99315656021322
65852574,2025-08-14T23:54:26.000,Noise - Commercial,40.7189129617464,-73.99156572246149
65846780,2025-08-14T22:59:29.000,Noise - Commercial,40.71930289266453,-73.99444806284731
65853782,2025-08-14T22:55:43.000,Noise - Commercial,40.71911350806538,-73.99452744332153
65849019,2025-08-14T18:43:53.000,Noise - Commercial,40.71768360480758,-73.99823597705887
65852702,2025-08-14T16:35:11.000,Noise - Vehicle,40.72261869191486,-73.99914137311018
65846773,2025-08-14T14:38:31.000,Noise - Commercial,40.726724473579125,-73.99066275923656
65846877,2025-08-14T12:49:02.000,Noise - Street/Sidewalk,40.7201648413282,-73.99698048635884
65852579,2025-08-14T10:47:48.000,Noise - Commercial,40.72069460990218,-73.99852089553953
65837898,2025-08-13T22:40:13.000,Noise - Commercial,40.72531399416446,-74.00349237161738
65844519,2025-08-13T21:59:06.000,Noise - Commercial,40.7189129617464,-73.99156572246149
65843401,2025-08-13T19:37:59.000,Noise - Commercial,40.72678792827488,-74.00350327256554
65844580,2025-08-13T12:55:16.000,Noise - Street/Sidewalk,40.72038440433181,-74.00363280794991
65843510,2025-08-13T11:07:53.000,Noise - Street/Sidewalk,40.71819684632654,-73.99688678216467
65840242,2025-08-13T11:04:52.000,Noise - Street/Sidewalk,40.71819684632654,-73.99688678216467
65839099,2025-08-13T09:59:20.000,Noise - Street/Sidewalk,40.718251740639424,-73.99685431264386
65842414,2025-08-13T09:57:25.000,Noise - Street/Sidewalk,40.718251740639424,-73.99685431264386
65837984,2025-08-13T09:55:57.000,Noise - Street/Sidewalk,40.718251740639424,-73.99685431264386
65830717,2025-08-13T01:20:12.000,Noise - Commercial,40.71965147022583,-73.9943073407094
65836720,2025-08-13T00:24:57.000,Noise - Commercial,40.71965147022583,-73.9943073407094
65836831,2025-08-13T00:19:14.000,Noise - Street/Sidewalk,40.729540971769865,-73.99981598941078
65831922,2025-08-13T00:11:59.000,Noise - Commercial,40.71965147022583,-73.9943073407094
65833170,2025-08-12T23:49:23.000,Noise - Commercial,40.71965147022583,-73.9943073407094
65828153,2025-08-12T23:18:37.000,Noise - Commercial,40.71965147022583,-73.9943073407094
65828271,2025-08-12T23:02:02.000,Noise - Commercial,40.71965147022583,-73.9943073407094
65831911,2025-08-12T22:37:25.000,Noise - Commercial,40.7189129617464,-73.99156572246149
65836858,2025-08-12T22:32:52.000,Noise - Street/Sidewalk,40.72081227275736,-73.9907537769954
65830719,2025-08-12T22:26:38.000,Noise - Commercial,40.71965147022583,-73.9943073407094
65836717,2025-08-12T22:01:40.000,Noise - Commercial,40.72663152435985,-74.00118338898496
65829619,2025-08-12T20:49:41.000,Noise - Street/Sidewalk,40.719519842440775,-73.99784992507324
65828269,2025-08-12T20:37:46.000,Noise - Commercial,40.71965147022583,-73.9943073407094
65831778,2025-08-12T18:19:27.000,Noise - Vehicle,40.72593953744873,-74.00850732395048
65835423,2025-08-12T16:38:57.000,Noise - Vehicle,40.72230030178866,-73.99943720523152
65835424,2025-08-12T14:40:06.000,Noise - Vehicle,40.71948672201727,-73.99315656021322
65836833,2025-08-12T12:54:48.000,Noise - Street/Sidewalk,40.72038440433181,-74.00363280794991
65829640,2025-08-12T12:28:58.000,Noise - Street/Sidewalk,40.718251740639424,-73.99685431264386
65834511,2025-08-12T11:13:41.000,Noise - Street/Sidewalk,40.718251740639424,-73.99685431264386
65832054,2025-08-12T10:49:26.000,Noise - Street/Sidewalk,40.718251740639424,-73.99685431264386
65832048,2025-08-12T10:47:58.000,Noise - Street/Sidewalk,40.718251740639424,-73.99685431264386
65823685,2025-08-11T23:04:32.000,Noise - Commercial,40.7189129617464,-73.99156572246149
65819268,2025-08-11T22:16:02.000,Noise - Street/Sidewalk,40.7290853380792,-74.00100663928178
65819265,2025-08-11T21:57:02.000,Noise - Street/Sidewalk,40.72792156590096,-74.0001118468558
65824806,2025-08-11T21:51:59.000,Noise - Commercial,40.7189129617464,-73.99156572246149
65827155,2025-08-11T20:23:59.000,Noise - Street/Sidewalk,40.72892064317083,-73.99820681546024
65826018,2025-08-11T20:15:46.000,Noise - Street/Sidewalk,40.72892064317083,-73.99820681546024
65822610,2025-08-11T17:29:19.000,Noise - Street/Sidewalk,40.72564334896174,-74.00398666292323
65823758,2025-08-11T13:51:09.000,Noise - Street/Sidewalk,40.72042832901015,-74.00335142086354
65824899,2025-08-11T04:06:01.000,Noise - Street/Sidewalk,40.71805922021394,-73.99004710279495
65820289,2025-08-11T02:01:19.000,Noise - Commercial,40.72678792827488,-74.00350327256554
65815329,2025-08-11T01:36:06.000,Noise - Vehicle,40.72508339273339,-73.99532788678106
65817068,2025-08-10T22:12:36.000,Noise - Commercial,40.7189129617464,-73.99156572246149
65816328,2025-08-10T21:27:26.000,Noise - Street/Sidewalk,40.719736693907606,-74.00102814320108
65818109,2025-08-10T21:24:26.000,Noise - Commercial,40.7292939386881,-74.00109684336778
65812058,2025-08-10T21:24:04.000,Noise - Street/Sidewalk,40.7290853380792,-74.00100663928178
65813959,2025-08-10T20:25:13.000,Noise - Commercial,40.72428175147285,-74.00783967560663
65811066,2025-08-10T19:24:21.000,Noise - Street/Sidewalk,40.72181173196381,-74.0009848836248
65812182,2025-08-10T19:02:56.000,Noise - Street/Sidewalk,40.719895894031744,-74.00033910769037
65811107,2025-08-10T18:46:01.000,Noise - Street/Sidewalk,40.72892064317083,-73.99820681546024
65816040,2025-08-10T17:58:24.000,Noise - Commercial,40.7185204568837,-73.99150805286503
65818102,2025-08-10T15:50:12.000,Noise - Commercial,40.7185204568837,-73.99150805286503
65810843,2025-08-10T15:14:23.000,Noise - Commercial,40.72135884748572,-73.9990980980475
65818105,2025-08-10T14:13:46.000,Noise - Commercial,40.7238455434476,-73.99633092595599
65816034,2025-08-10T14:13:10.000,Noise - Commercial,40.7185204568837,-73.99150805286503
65813096,2025-08-10T13:37:00.000,Noise - Street/Sidewalk,40.72379064977855,-73.99637782959105
65813148,2025-08-10T13:28:00.000,Noise - Street/Sidewalk,40.72014562969949,-74.00295457701223
65816053,2025-08-10T13:11:13.000,Noise - Commercial,40.72379064977855,-73.99637782959105
65816322,2025-08-10T12:19:10.000,Noise - Street/Sidewalk,40.71974486986915,-73.99619406592797
65811904,2025-08-10T12:05:24.000,Noise - Commercial,40.7185204568837,-73.99150805286503
65816029,2025-08-10T06:58:48.000,Noise - Commercial,40.72678792827488,-74.00350327256554
65814924,2025-08-10T04:49:27.000,Noise - Vehicle,40.72682360900715,-73.99646064652228
65803822,2025-08-10T02:43:51.000,Noise - Vehicle,40.723916508436496,-74.01026043039673
65805960,2025-08-10T02:16:18.000,Noise - Street/Sidewalk,40.7214739159611,-73.99296515261688
65806072,2025-08-10T01:20:00.000,Noise - Street/Sidewalk,40.72879439753808,-74.000436569252
65802228,2025-08-10T00:47:07.000,Noise - Street/Sidewalk,40.7213093235608,-73.99470403566707
65801818,2025-08-10T00:29:35.000,Noise - Commercial,40.72604661287483,-73.99190756646406
65808661,2025-08-10T00:26:01.000,Noise - Street/Sidewalk,40.72892064317083,-73.99820681546024
65809975,2025-08-10T00:21:24.000,Noise - Street/Sidewalk,40.72892064317083,-73.99820681546024
65802196,2025-08-10T00:16:31.000,Noise - Street/Sidewalk,40.72892064317083,-73.99820681546024
65804393,2025-08-10T00:15:25.000,Noise - Commercial,40.72707618085859,-74.00018400378333
65808663,2025-08-10T00:14:29.000,Noise - Street/Sidewalk,40.72892064317083,-73.99820681546024
65805675,2025-08-09T23:57:53.000,Noise - Commercial,40.7189129617464,-73.99156572246149
65800832,2025-08-09T23:27:51.000,Noise - Street/Sidewalk,40.7290853380792,-74.00100663928178
65808277,2025-08-09T22:59:36.000,Noise - Commercial,40.7189129617464,-73.99156572246149
65806988,2025-08-09T22:39:24.000,Noise - Commercial,40.71965147022583,-73.9943073407094
65800338,2025-08-09T22:29:49.000,Noise - Commercial,40.7174224089932,-74.01025943066469
65800867,2025-08-09T22:21:12.000,Noise - Street/Sidewalk,40.71893520107021,-73.99747476636496
65808278,2025-08-09T22:01:57.000,Noise - Commercial,40.7189129617464,-73.99156572246149
65803102,2025-08-09T21:59:34.000,Noise - Commercial,40.71902028821752,-73.99745672573498
65803078,2025-08-09T20:03:55.000,Noise - Commercial,40.72428175147285,-74.00783967560663
65803080,2025-08-09T19:28:12.000,Noise - Commercial,40.72648856135977,-74.007461107237
65809585,2025-08-09T19:10:31.000,Noise - Commercial,40.71965147022583,-73.9943073407094
65800754,2025-08-09T18:57:04.000,Noise - Street/Sidewalk,40.71811701058842,-73.99197346304231
65800499,2025-08-09T18:23:04.000,Noise - Commercial,40.71965147022583,-73.9943073407094
65809992,2025-08-09T17:20:56.000,Noise - Street/Sidewalk,40.71879796465334,-73.99754692094857
65806959,2025-08-09T16:16:19.000,Noise - Commercial,40.72892339991252,-74.00067469924103
65808617,2025-08-09T15:14:36.000,Noise - Street/Sidewalk,40.72149059939244,-74.0000937979885
65803430,2025-08-09T15:04:58.000,Noise - Street/Sidewalk,40.71943474452872,-74.00264790768674
65807395,2025-08-09T12:27:33.000,Noise - Street/Sidewalk,40.7202993304473,-74.00317103685369
65804847,2025-08-09T12:17:26.000,Noise - Street/Sidewalk,40.718037652944616,-73.99698779758582
65810040,2025-08-09T10:51:58.000,Noise - Street/Sidewalk,40.718037652944616,-73.99698779758582
65807439,2025-08-09T10:49:02.000,Noise - Street/Sidewalk,40.718037652944616,-73.99698779758582
65808695,2025-08-09T04:18:45.000,Noise - Street/Sidewalk,40.72720214750776,-73.9917955804934
65809928,2025-08-09T01:33:20.000,Noise - Street/Sidewalk,40.72855834935655,-73.99997474401702
65793296,2025-08-08T23:54:10.000,Noise - Street/Sidewalk,40.71886081316277,-73.99159098136909
65798238,2025-08-08T23:37:57.000,Noise - Street/Sidewalk,40.72832504382953,-73.99945880225974
65794317,2025-08-08T23:34:27.000,Noise - Commercial,40.71718123835712,-73.99547634336238
65799308,2025-08-08T23:00:11.000,Noise - Commercial,40.72707618085859,-74.00018400378333
65797357,2025-08-08T22:44:02.000,Noise - Commercial,40.725978270589856,-74.00133490741577
65799489,2025-08-08T22:35:32.000,Noise - Street/Sidewalk,40.7214739159611,-73.99296515261688
65790716,2025-08-08T21:32:54.000,Noise - Street/Sidewalk,40.7290853380792,-74.00100663928178
65796695,2025-08-08T21:00:37.000,Noise - Vehicle,40.720911068855344,-73.99056616894214
65790777,2025-08-08T20:53:17.000,Noise - Street/Sidewalk,40.72019222535547,-73.99512620716052
65799316,2025-08-08T17:24:44.000,Noise - Commercial,40.7185204568837,-73.99150805286503
65799326,2025-08-08T16:24:27.000,Noise - Commercial,40.723494108604,-73.99384883160303
65799324,2025-08-08T16:18:33.000,Noise - Commercial,40.723494108604,-73.99384883160303
65791804,2025-08-08T16:13:20.000,Noise - Commercial,40.7185204568837,-73.99150805286503
65790798,2025-08-08T12:58:29.000,Noise - Street/Sidewalk,40.718251740639424,-73.99685431264386
65797028,2025-08-08T12:41:48.000,Noise - Street/Sidewalk,40.72038440433181,-74.00363280794991
65797058,2025-08-08T11:26:18.000,Noise - Street/Sidewalk,40.72851717796591,-73.99988815214454
65794538,2025-08-08T11:03:49.000,Noise - Street/Sidewalk,40.718037652944616,-73.99698779758582
65793299,2025-08-08T10:59:24.000,Noise - Street/Sidewalk,40.718251740639424,-73.99685431264386
65799320,2025-08-08T01:20:58.000,Noise - Commercial,40.72243472904219,-73.99606403633898
65797938,2025-08-08T00:16:42.000,Noise - Commercial,40.7174224089932,-74.01025943066469
65798087,2025-08-07T23:50:37.000,Noise - Commercial,40.7241169184207,-74.00976980628137
65791793,2025-08-07T23:43:28.000,Noise - Commercial,40.7189129617464,-73.99156572246149
65790588,2025-08-07T23:13:11.000,Noise - Commercial,40.72016177866853,-73.99092702930629
65783447,2025-08-07T22:50:06.000,Noise - Commercial,40.7189129617464,-73.99156572246149
65785603,2025-08-07T22:50:00.000,Noise - Commercial,40.7241169184207,-74.00976980628137
65782389,2025-08-07T22:38:46.000,Noise - Commercial,40.7241169184207,-74.00976980628137
65785275,2025-08-07T22:09:34.000,Noise - Commercial,40.72678792827488,-74.00350327256554
65782050,2025-08-07T20:15:14.000,Noise - Commercial,40.717872604455565,-73.99037540580335
65784265,2025-08-07T12:15:01.000,Noise - Street/Sidewalk,40.71808980243186,-73.9969517209203
65786378,2025-08-07T12:11:03.000,Noise - Street/Sidewalk,40.718037652944616,-73.99698779758582
65785332,2025-08-07T11:34:12.000,Noise - Street/Sidewalk,40.72038440433181,-74.00363280794991
65777464,2025-08-07T00:22:08.000,Noise - Commercial,40.72513010522031,-74.00315322765603
65778729,2025-08-06T22:40:09.000,Noise - Street/Sidewalk,40.72856109409892,-73.99993866403884
65777566,2025-08-06T21:12:48.000,Noise - Street/Sidewalk,40.71842469061809,-74.00172075316782
65776385,2025-08-06T18:56:40.000,Noise - Street/Sidewalk,40.72224540548221,-74.00076121537396
65774966,2025-08-06T15:56:21.000,Noise - Vehicle,40.71830663494277,-73.99682184306957
65776380,2025-08-06T13:42:00.000,Noise - Street/Sidewalk,40.718037652944616,-73.99698779758582
65777600,2025-08-06T12:04:39.000,Noise - Street/Sidewalk,40.718037652944616,-73.99698779758582
65778733,2025-08-06T11:53:27.000,Noise - Street/Sidewalk,40.7202938249859,-74.00370495401587
65776384,2025-08-06T11:47:35.000,Noise - Street/Sidewalk,40.718037652944616,-73.99698779758582
65779885,2025-08-06T11:45:18.000,Noise - Street/Sidewalk,40.71830663494277,-73.99682184306957
65777337,2025-08-06T07:50:58.000,Noise - Vehicle,40.723916508436496,-74.01026043039673
65764900,2025-08-06T01:31:23.000,Noise - Street/Sidewalk,40.71885258098847,-73.99161984218506
65765793,2025-08-06T00:02:58.000,Noise - Street/Sidewalk,40.72581319627283,-73.99044280812981
65763511,2025-08-05T19:19:23.000,Noise - Vehicle,40.71757069164552,-73.9905053159014
65771619,2025-08-05T19:17:41.000,Noise - Commercial,40.717872604455565,-73.99037540580335
65768202,2025-08-05T19:16:10.000,Noise - Street/Sidewalk,40.71812511051327,-73.99023467946085
65771748,2025-08-05T19:04:50.000,Noise - Street/Sidewalk,40.72229989051603,-74.00974789396285
65768197,2025-08-05T18:58:41.000,Noise - Street/Sidewalk,40.72278572061389,-74.00965416521169
65763497,2025-08-05T18:28:29.000,Noise - Street/Sidewalk,40.72261005245707,-74.00969743187119
65765812,2025-08-05T18:26:37.000,Noise - Street/Sidewalk,40.72278572061389,-74.00965416521169
65765800,2025-08-05T17:35:32.000,Noise - Street/Sidewalk,40.71812511051327,-73.99023467946085
65764595,2025-08-05T13:25:24.000,Noise - Street/Sidewalk,40.72038440433181,-74.00363280794991
65764608,2025-08-05T11:12:41.000,Noise - Street/Sidewalk,40.718037652944616,-73.99698779758582
65770548,2025-08-05T11:07:52.000,Noise - Street/Sidewalk,40.71830663494277,-73.99682184306957
65765673,2025-08-05T02:02:03.000,Noise - Commercial,40.72678792827488,-74.00350327256554
65757676,2025-08-05T01:21:24.000,Noise - Commercial,40.72338721781093,-73.99851722806198
65761391,2025-08-05T01:14:26.000,Noise - Street/Sidewalk,40.72338721781093,-73.99851722806198
65760835,2025-08-04T19:29:50.000,Noise - Vehicle,40.71861645840457,-73.99066750259595
65756105,2025-08-04T18:53:55.000,Noise - Street/Sidewalk,40.71969003643573,-74.0005158749994
65759619,2025-08-04T17:04:05.000,Noise - Vehicle,40.71908850194956,-73.99001087423854
65755891,2025-08-04T16:38:45.000,Noise - Vehicle,40.71908850194956,-73.99001087423854
65754940,2025-08-04T14:52:41.000,Noise - Street/Sidewalk,40.71605840306777,-73.99145425673682
65756012,2025-08-04T14:45:32.000,Noise - Commercial,40.71605840306777,-73.99145425673682
65754702,2025-08-04T06:16:54.000,Noise - Vehicle,40.718037652944616,-73.99698779758582
65762155,2025-08-04T04:12:37.000,Noise - Commercial,40.71773026494201,-73.99818547206426
65755904,2025-08-04T01:49:48.000,Noise - Vehicle,40.71955003644191,-73.99794011184672
65750191,2025-08-04T00:37:22.000,Noise - Commercial,40.72678792827488,-74.00350327256554
65750450,2025-08-04T00:23:40.000,Noise - Street/Sidewalk,40.7297138891165,-74.00074326038714
65752711,2025-08-03T23:31:41.000,Noise - Street/Sidewalk,40.71886081316277,-73.99159098136909
65751542,2025-08-03T21:43:47.000,Noise - Street/Sidewalk,40.71932495298221,-73.99730159170717
65746781,2025-08-03T19:32:33.000,Noise - Vehicle,40.72593953744873,-74.00850732395048
65744941,2025-08-03T14:45:36.000,Noise - Street/Sidewalk,40.72274769468882,-73.9990331409584
65744981,2025-08-03T14:03:16.000,Noise - Street/Sidewalk,40.7202938249859,-74.00370495401587
65751515,2025-08-03T13:16:51.000,Noise - Street/Sidewalk,40.72274769468882,-73.9990331409584
65751579,2025-08-03T12:40:16.000,Noise - Street/Sidewalk,40.72274769468882,-73.9990331409584
65749070,2025-08-03T04:28:41.000,Noise - Commercial,40.72678792827488,-74.00350327256554
65748296,2025-08-03T01:56:14.000,Noise - Street/Sidewalk,40.72846489044761,-73.99437874767072
65736259,2025-08-03T01:29:04.000,Noise - Commercial,40.72707618085859,-74.00018400378333
65741174,2025-08-03T00:23:08.000,Noise - Street/Sidewalk,40.71807035293164,-73.992020365249
65740679,2025-08-02T23:48:28.000,Noise - Commercial,40.72671109521736,-74.00276364952728
65735602,2025-08-02T23:17:32.000,Noise - Commercial,40.7189129617464,-73.99156572246149
65739477,2025-08-02T23:06:04.000,Noise - Commercial,40.72671109521736,-74.00276364952728
65735603,2025-08-02T22:35:20.000,Noise - Commercial,40.7189129617464,-73.99156572246149
65741257,2025-08-02T22:26:23.000,Noise - Street/Sidewalk,40.7290001589324,-74.00470486002212
65739497,2025-08-02T21:20:59.000,Noise - Commercial,40.71911350806538,-73.99452744332153
65742067,2025-08-02T20:40:10.000,Noise - Commercial,40.72648856135977,-74.007461107237
65736872,2025-08-02T19:43:13.000,Noise - Commercial,40.72428175147285,-74.00783967560663
65738205,2025-08-02T19:07:33.000,Noise - Commercial,40.72648856135977,-74.007461107237
65737299,2025-08-02T17:47:38.000,Noise - Street/Sidewalk,40.723202995922456,-73.99124770125584
65740798,2025-08-02T17:33:33.000,Noise - Commercial,40.72446285192689,-74.00859011428872
65743863,2025-08-02T15:45:42.000,Noise - Vehicle,40.72073539954818,-73.99050847262272
65741134,2025-08-02T15:34:04.000,Noise - Street/Sidewalk,40.72083177335895,-73.9956023608567
65742460,2025-08-02T13:17:51.000,Noise - Street/Sidewalk,40.723202995922456,-73.99124770125584
65739827,2025-08-02T11:58:36.000,Noise - Street/Sidewalk,40.7202938249859,-74.00370495401587
65734312,2025-08-02T11:44:33.000,Noise - Commercial,40.7264777669756,-74.00362592434801
65736885,2025-08-02T11:29:59.000,Noise - Commercial,40.72265430670373,-73.99597743910044
65734314,2025-08-02T05:04:39.000,Noise - Commercial,40.72179773232063,-73.9919694121199
65743287,2025-08-02T04:35:06.000,Noise - Vehicle,40.72142445809476,-73.9921570528895
65741154,2025-08-02T02:00:12.000,Noise - Street/Sidewalk,40.717634190987255,-74.0022329844398
65730508,2025-08-02T01:09:44.000,Noise - Vehicle,40.7233075908167,-74.00297997118642
65725680,2025-08-02T00:41:59.000,Noise - Commercial,40.71634109106208,-73.99115841892062
65728400,2025-08-02T00:21:01.000,Noise - Vehicle,40.72855834935655,-73.99997474401702
65729579,2025-08-02T00:07:19.000,Noise - Street/Sidewalk,40.72179773232063,-73.9919694121199
65729278,2025-08-02T00:03:38.000,Noise - Commercial,40.72671109521736,-74.00276364952728
65727112,2025-08-01T23:58:54.000,Noise - Street/Sidewalk,40.72855834935655,-73.99997474401702
65724678,2025-08-01T23:48:20.000,Noise - Street/Sidewalk,40.72869009738911,-74.00024173631489
65728377,2025-08-01T23:47:46.000,Noise - Street/Sidewalk,40.72855834935655,-73.99997474401702
65732075,2025-08-01T23:37:43.000,Noise - Street/Sidewalk,40.72855834935655,-73.99997474401702
65726000,2025-08-01T23:32:54.000,Noise - Street/Sidewalk,40.72851717796591,-73.99988815214454
65733345,2025-08-01T23:02:24.000,Noise - Street/Sidewalk,40.72587123235028,-73.99967529331232
65725828,2025-08-01T22:00:14.000,Noise - Commercial,40.72934608944965,-74.00105354774354
65724544,2025-08-01T21:58:40.000,Noise - Commercial,40.7189129617464,-73.99156572246149
65724690,2025-08-01T21:39:58.000,Noise - Street/Sidewalk,40.72211640362334,-73.9995887280348
65730691,2025-08-01T21:15:24.000,Noise - Commercial,40.71742011026874,-73.99840192418509
65725821,2025-08-01T20:43:37.000,Noise - Commercial,40.72671109521736,-74.00276364952728
65732072,2025-08-01T19:11:40.000,Noise - Street/Sidewalk,40.71724144410251,-74.00785327703723
65725949,2025-08-01T18:04:31.000,Noise - Street/Sidewalk,40.723202995922456,-73.99124770125584
65730831,2025-08-01T17:55:47.000,Noise - Street/Sidewalk,40.723202995922456,-73.99124770125584
65727124,2025-08-01T15:59:58.000,Noise - Street/Sidewalk,40.72577201254553,-73.99029489231988
65732083,2025-08-01T15:59:32.000,Noise - Street/Sidewalk,40.72324166459987,-73.99543263947824
65733311,2025-08-01T15:45:16.000,Noise - Street/Sidewalk,40.723310289735,-73.99559137416695
65730509,2025-08-01T15:16:28.000,Noise - Vehicle,40.7225939825117,-74.0015007926628
65728320,2025-08-01T13:11:49.000,Noise - Street/Sidewalk,40.7202938249859,-74.00370495401587
65730688,2025-08-01T11:06:10.000,Noise - Commercial,40.7214739159611,-73.99296515261688
65718019,2025-07-31T23:53:48.000,Noise - Commercial,40.72090022730027,-73.99242768330566
65723510,2025-07-31T23:23:54.000,Noise - Commercial,40.72742711825352,-73.99050391158681
65719136,2025-07-31T23:09:02.000,Noise - Commercial,40.7189129617464,-73.99156572246149
65715731,2025-07-31T21:43:46.000,Noise - Commercial,40.7189129617464,-73.99156572246149
65723589,2025-07-31T18:03:05.000,Noise - Street/Sidewalk,40.72868459718763,-73.99841247806296
65720066,2025-07-31T16:50:23.000,Noise - Vehicle,40.72170466560119,-74.00239907164242
65715595,2025-07-31T15:39:01.000,Noise - Vehicle,40.71908850194956,-73.99001087423854
65722457,2025-07-31T14:31:08.000,Noise - Street/Sidewalk,40.7201648413282,-73.99698048635884
65719026,2025-07-31T12:30:28.000,Noise - Vehicle,40.71944573072082,-73.99768398226833
65719210,2025-07-31T11:47:41.000,Noise - Street/Sidewalk,40.7202938249859,-74.00370495401587
65715729,2025-07-31T10:24:22.000,Noise - Commercial,40.72561317560062,-73.99660502433315
65723592,2025-07-31T09:54:21.000,Noise - Street/Sidewalk,40.72412791651257,-73.99045748084332
65709923,2025-07-30T23:55:07.000,Noise - Street/Sidewalk,40.71945947695725,-74.00044372311483
65708484,2025-07-30T22:44:17.000,Noise - Vehicle,40.723035785813664,-73.99490953729197
65714674,2025-07-30T22:42:48.000,Noise - Street/Sidewalk,40.72081227275736,-73.9907537769954
65710949,2025-07-30T22:26:25.000,Noise - Vehicle,40.72236616401229,-73.9982466761038
65708642,2025-07-30T21:01:31.000,Noise - Commercial,40.72243472904219,-73.99606403633898
65707558,2025-07-30T20:00:02.000,Noise - Street/Sidewalk,40.71970650244286,-74.00092352470263
65706370,2025-07-30T19:47:11.000,Noise - Street/Sidewalk,40.72868459718763,-73.99841247806296
65712295,2025-07-30T19:41:06.000,Noise - Street/Sidewalk,40.72868459718763,-73.99841247806296
65713413,2025-07-30T15:46:09.000,Noise - Commercial,40.7185204568837,-73.99150805286503
65714663,2025-07-30T12:58:35.000,Noise - Street/Sidewalk,40.7202938249859,-74.00370495401587
65708639,2025-07-30T12:24:26.000,Noise - Commercial,40.7201648413282,-73.99698048635884
65710951,2025-07-30T01:52:16.000,Noise - Vehicle,40.71948672201727,-73.99315656021322
65698735,2025-07-29T22:21:47.000,Noise - Street/Sidewalk,40.7165143458278,-73.9989646918149
65703780,2025-07-29T21:52:30.000,Noise - Commercial,40.72427652359536,-73.99889963144531
65698637,2025-07-29T21:06:01.000,Noise - Commercial,40.72427652359536,-73.99889963144531
65697505,2025-07-29T20:49:12.000,Noise - Street/Sidewalk,40.71660462938471,-73.99171391593737
65703880,2025-07-29T19:37:28.000,Noise - Street/Sidewalk,40.72868459718763,-73.99841247806296
65696098,2025-07-29T18:39:48.000,Noise - Commercial,40.72427652359536,-73.99889963144531
65701338,2025-07-29T11:30:16.000,Noise - Street/Sidewalk,40.7202938249859,-74.00370495401587
65688412,2025-07-28T23:10:44.000,Noise - Street/Sidewalk,40.7284786136985,-73.99436792253336
65691018,2025-07-28T22:45:33.000,Noise - Street/Sidewalk,40.72068360797919,-73.99726906855639
65688385,2025-07-28T16:15:29.000,Noise - Street/Sidewalk,40.71658844013224,-73.99791495192939
65685864,2025-07-28T15:13:00.000,Noise - Street/Sidewalk,40.72403183460069,-73.99027349922211
65677785,2025-07-27T23:04:45.000,Noise - Street/Sidewalk,40.72925819615568,-74.00389667829661
65684771,2025-07-27T20:34:05.000,Noise - Street/Sidewalk,40.72514350694292,-73.99082894012994
65679545,2025-07-27T18:54:53.000,Noise - Commercial,40.71913275884676,-74.00461758376429
65677780,2025-07-27T18:36:16.000,Noise - Street/Sidewalk,40.72868459718763,-73.99841247806296
65684801,2025-07-27T18:32:56.000,Noise - Street/Sidewalk,40.72868459718763,-73.99841247806296
65680505,2025-07-27T17:32:03.000,Noise - Commercial,40.7185204568837,-73.99150805286503
65680496,2025-07-27T16:36:56.000,Noise - Commercial,40.72405420017958,-74.00087307639963
65682582,2025-07-27T16:16:39.000,Noise - Commercial,40.71742011026874,-73.99840192418509
65678543,2025-07-27T16:03:02.000,Noise - Commercial,40.71913275884676,-74.00461758376429
65681561,2025-07-27T13:22:12.000,Noise - Commercial,40.7185204568837,-73.99150805286503
65682575,2025-07-27T13:15:16.000,Noise - Commercial,40.7185204568837,-73.99150805286503
65679547,2025-07-27T13:11:12.000,Noise - Commercial,40.7185204568837,-73.99150805286503
65680730,2025-07-27T12:20:12.000,Noise - Street/Sidewalk,40.71987661650855,-73.99613994549084
65677803,2025-07-27T04:28:44.000,Noise - Vehicle,40.729557440232966,-73.99977630079702
65677559,2025-07-27T04:18:53.000,Noise - Commercial,40.72981819035102,-74.00065666797178
65679763,2025-07-27T04:17:33.000,Noise - Street/Sidewalk,40.729431181658256,-73.99990979887939
65677763,2025-07-27T04:16:16.000,Noise - Street/Sidewalk,40.72980721143065,-74.00063862753768
65682771,2025-07-27T03:30:06.000,Noise - Street/Sidewalk,40.72987034096248,-74.00060976359386
65680437,2025-07-27T03:03:59.000,Noise - Vehicle,40.7297138891165,-74.00074326038714
65677063,2025-07-27T02:50:02.000,Noise - Street/Sidewalk,40.720955300592095,-73.99595950371683
65677057,2025-07-27T02:13:07.000,Noise - Street/Sidewalk,40.72847874937471,-74.0006891267121
65667698,2025-07-27T00:52:26.000,Noise - Street/Sidewalk,40.72892064317083,-73.99820681546024
65668952,2025-07-27T00:46:09.000,Noise - Street/Sidewalk,40.72892064317083,-73.99820681546024
65671576,2025-07-27T00:39:34.000,Noise - Street/Sidewalk,40.72892064317083,-73.99820681546024
65667699,2025-07-27T00:29:50.000,Noise - Street/Sidewalk,40.72892064317083,-73.99820681546024
65671577,2025-07-27T00:27:43.000,Noise - Street/Sidewalk,40.72892064317083,-73.99820681546024
65675368,2025-07-27T00:22:48.000,Noise - Street/Sidewalk,40.72892064317083,-73.99820681546024
65675369,2025-07-27T00:20:33.000,Noise - Street/Sidewalk,40.72892064317083,-73.99820681546024
65667700,2025-07-27T00:18:47.000,Noise - Street/Sidewalk,40.72892064317083,-73.99820681546024
65676265,2025-07-26T23:47:09.000,Noise - Commercial,40.72090022730027,-73.99242768330566
65672491,2025-07-26T23:28:24.000,Noise - Commercial,40.7189129617464,-73.99156572246149
65676674,2025-07-26T21:49:30.000,Noise - Street/Sidewalk,40.718704644342345,-73.99761907366619
65667805,2025-07-26T18:57:03.000,Noise - Street/Sidewalk,40.71879796465334,-73.99754692094857
65675115,2025-07-26T17:06:47.000,Noise - Commercial,40.72476781536455,-74.00240278970506
65676385,2025-07-26T17:02:59.000,Noise - Commercial,40.72428175147285,-74.00783967560663
65668937,2025-07-26T16:53:32.000,Noise - Street/Sidewalk,40.723202995922456,-73.99124770125584
65675363,2025-07-26T16:48:57.000,Noise - Street/Sidewalk,40.7246497817441,-74.0028032496911
65674228,2025-07-26T15:11:24.000,Noise - Street/Sidewalk,40.721018469149456,-74.0027056920393
65669009,2025-07-26T13:03:17.000,Noise - Street/Sidewalk,40.71974486986915,-73.99619406592797
65672879,2025-07-26T12:38:11.000,Noise - Street/Sidewalk,40.72452902040609,-73.99754670999269
65669062,2025-07-26T12:22:26.000,Noise - Street/Sidewalk,40.72452902040609,-73.99754670999269
65667301,2025-07-26T07:42:36.000,Noise - Vehicle,40.723532649048565,-73.99659069941735
65668980,2025-07-26T02:57:51.000,Noise - Street/Sidewalk,40.72892064317083,-73.99820681546024
65673818,2025-07-26T02:39:07.000,Noise - Commercial,40.71936870099545,-73.99321789983325
65672495,2025-07-26T02:13:51.000,Noise - Commercial,40.7189129617464,-73.99156572246149
65661306,2025-07-26T01:43:28.000,Noise - Vehicle,40.72879439753808,-74.000436569252
65660396,2025-07-26T01:19:13.000,Noise - Street/Sidewalk,40.72892064317083,-73.99820681546024
65665159,2025-07-26T01:17:25.000,Noise - Street/Sidewalk,40.72892064317083,-73.99820681546024
65665156,2025-07-26T00:42:17.000,Noise - Street/Sidewalk,40.717872604455565,-73.99037540580335
65660251,2025-07-25T23:56:19.000,Noise - Commercial,40.72671109521736,-74.00276364952728
65662651,2025-07-25T23:47:57.000,Noise - Commercial,40.72671109521736,-74.00276364952728
65659199,2025-07-25T23:27:55.000,Noise - Street/Sidewalk,40.71807035293164,-73.992020365249
65666402,2025-07-25T23:10:07.000,Noise - Vehicle,40.71807035293164,-73.992020365249
65659056,2025-07-25T21:04:47.000,Noise - Commercial,40.72924727528542,-74.00133858093584
65661616,2025-07-25T20:59:53.000,Noise - Street/Sidewalk,40.71660462938471,-73.99171391593737
65666393,2025-07-25T02:46:22.000,Noise - Street/Sidewalk,40.729540971769865,-73.99981598941078
65650699,2025-07-25T00:11:50.000,Noise - Commercial,40.7189129617464,-73.99156572246149
65649434,2025-07-24T23:56:09.000,Noise - Commercial,40.72016177866853,-73.99092702930629
65656491,2025-07-24T23:53:02.000,Noise - Vehicle,40.723625921757765,-74.00478745841919
65651887,2025-07-24T22:08:32.000,Noise - Commercial,40.72064457717895,-74.01210700209393
65648220,2025-07-24T22:07:00.000,Noise - Commercial,40.71607212633475,-73.99144704033394
65651889,2025-07-24T22:02:38.000,Noise - Commercial,40.71607212633475,-73.99144704033394
65655444,2025-07-24T22:00:04.000,Noise - Commercial,40.71607212633475,-73.99144704033394
65651890,2025-07-24T21:57:34.000,Noise - Commercial,40.71607212633475,-73.99144704033394
65653062,2025-07-24T21:56:00.000,Noise - Commercial,40.71607212633475,-73.99144704033394
65650702,2025-07-24T20:51:17.000,Noise - Commercial,40.71965147022583,-73.9943073407094
65651893,2025-07-24T20:20:40.000,Noise - Commercial,40.71605840306777,-73.99145425673682
65653061,2025-07-24T19:29:59.000,Noise - Commercial,40.71965147022583,-73.9943073407094
65650707,2025-07-24T19:00:53.000,Noise - Commercial,40.71965147022583,-73.9943073407094
65653067,2025-07-24T18:23:22.000,Noise - Commercial,40.71965147022583,-73.9943073407094
65649293,2025-07-24T15:49:10.000,Noise - Vehicle,40.72249242891533,-74.0012987609022
65654415,2025-07-24T11:27:02.000,Noise - Street/Sidewalk,40.72401550727951,-74.00787932955474
65652051,2025-07-24T10:54:23.000,Noise - Street/Sidewalk,40.726461199392176,-74.00599630325492
65648358,2025-07-24T10:00:42.000,Noise - Street/Sidewalk,40.72276131427484,-73.99500696571748
65655448,2025-07-24T07:43:35.000,Noise - Commercial,40.72290127683764,-73.99456320920018
65651895,2025-07-24T04:35:28.000,Noise - Commercial,40.71773026494201,-73.99818547206426
65655451,2025-07-24T02:09:38.000,Noise - Commercial,40.71773026494201,-73.99818547206426
65641716,2025-07-23T22:28:01.000,Noise - Street/Sidewalk,40.72656250554274,-73.99033085609345
65645147,2025-07-23T22:10:51.000,Noise - Street/Sidewalk,40.72666407743732,-73.99052205979267
65642449,2025-07-23T21:37:41.000,Noise - Commercial,40.71648964762977,-73.99995310452468
65636576,2025-07-22T23:46:11.000,Noise - Commercial,40.72090022730027,-73.99242768330566
65636584,2025-07-22T22:44:44.000,Noise - Commercial,40.71763145486084,-73.99826844509361
65635372,2025-07-22T21:08:33.000,Noise - Commercial,40.72278580895784,-73.99146421714836
65634175,2025-07-22T20:55:21.000,Noise - Commercial,40.72278580895784,-73.99146421714836
65630572,2025-07-22T20:52:02.000,Noise - Commercial,40.72278580895784,-73.99146421714836
65629297,2025-07-22T20:02:26.000,Noise - Commercial,40.71938794880404,-74.00616882693214
65637877,2025-07-22T19:45:27.000,Noise - Street/Sidewalk,40.72868459718763,-73.99841247806296
65635456,2025-07-22T19:37:10.000,Noise - Street/Sidewalk,40.72868459718763,-73.99841247806296
65634058,2025-07-22T16:16:50.000,Noise - Vehicle,40.71908850194956,-73.99001087423854
65630450,2025-07-22T06:47:06.000,Noise - Vehicle,40.723532649048565,-73.99659069941735
65634169,2025-07-22T01:50:03.000,Noise - Commercial,40.7189129617464,-73.99156572246149
65629174,2025-07-22T01:46:37.000,Noise - Vehicle,40.71948672201727,-73.99315656021322
65620826,2025-07-22T00:21:18.000,Noise - Commercial,40.7189129617464,-73.99156572246149
65626058,2025-07-21T22:31:36.000,Noise - Commercial,40.72064457717895,-74.01210700209393
65628089,2025-07-21T22:17:05.000,Noise - Commercial,40.7189129617464,-73.99156572246149
65624457,2025-07-21T13:28:55.000,Noise - Commercial,40.71913275884676,-74.00461758376429
65611701,2025-07-21T01:26:29.000,Noise - Street/Sidewalk,40.72178151861244,-73.99759010269902
65611224,2025-07-21T01:21:12.000,Noise - Commercial,40.72832504382953,-73.99945880225974
65611219,2025-07-20T22:17:26.000,Noise - Commercial,40.72228652364041,-74.00358240442132
65617737,2025-07-20T21:33:55.000,Noise - Street/Sidewalk,40.72113338299776,-73.99042904883964
65618800,2025-07-20T21:25:15.000,Noise - Street/Sidewalk,40.72076560164813,-73.99062751832018
65612530,2025-07-20T21:17:09.000,Noise - Street/Sidewalk,40.720911068855344,-73.99056616894214
65614535,2025-07-20T21:16:53.000,Noise - Street/Sidewalk,40.72081227275736,-73.9907537769954
65614521,2025-07-20T21:08:44.000,Noise - Street/Sidewalk,40.72113338299776,-73.99042904883964
65611477,2025-07-20T21:03:48.000,Noise - Vehicle,40.720911068855344,-73.99056616894214
65612429,2025-07-20T21:01:43.000,Noise - Street/Sidewalk,40.72089463777533,-73.99103515701921
65617724,2025-07-20T21:00:55.000,Noise - Street/Sidewalk,40.72133374193762,-73.99032800708518
65616647,2025-07-20T21:00:15.000,Noise - Street/Sidewalk,40.72081227275736,-73.9907537769954
65615521,2025-07-20T20:56:08.000,Noise - Street/Sidewalk,40.72081227275736,-73.9907537769954
65615557,2025-07-20T20:54:57.000,Noise - Street/Sidewalk,40.72081227275736,-73.9907537769954
65618554,2025-07-20T20:30:49.000,Noise - Commercial,40.7185204568837,-73.99150805286503
65614357,2025-07-20T19:29:10.000,Noise - Commercial,40.71742011026874,-73.99840192418509
65616587,2025-07-20T19:17:38.000,Noise - Street/Sidewalk,40.72900024000052,-73.99813826090998
65615490,2025-07-20T19:01:31.000,Noise - Street/Sidewalk,40.72900024000052,-73.99813826090998
65613557,2025-07-20T18:57:15.000,Noise - Street/Sidewalk,40.72900024000052,-73.99813826090998
65614564,2025-07-20T18:55:23.000,Noise - Street/Sidewalk,40.72900024000052,-73.99813826090998
65615346,2025-07-20T18:42:11.000,Noise - Commercial,40.7185204568837,-73.99150805286503
65616443,2025-07-20T18:16:14.000,Noise - Commercial,40.7185204568837,-73.99150805286503
65613318,2025-07-20T18:07:27.000,Noise - Commercial,40.7185204568837,-73.99150805286503
65614362,2025-07-20T17:57:40.000,Noise - Commercial,40.7185204568837,-73.99150805286503
65614359,2025-07-20T17:54:04.000,Noise - Commercial,40.7185204568837,-73.99150805286503
65618555,2025-07-20T17:09:35.000,Noise - Commercial,40.7185204568837,-73.99150805286503
65613493,2025-07-20T03:22:29.000,Noise - Street/Sidewalk,40.72965879597763,-73.99320602838218
65609410,2025-07-20T01:41:55.000,Noise - Street/Sidewalk,40.722986417689576,-73.99584393430578
65606687,2025-07-20T01:35:34.000,Noise - Street/Sidewalk,40.722986417689576,-73.99584393430578
65603995,2025-07-20T01:20:20.000,Noise - Vehicle,40.7297138891165,-74.00074326038714
65605326,2025-07-20T00:05:25.000,Noise - Commercial,40.717872604455565,-73.99037540580335
65606431,2025-07-19T23:17:03.000,Noise - Commercial,40.72671109521736,-74.00276364952728
65605605,2025-07-19T22:59:49.000,Noise - Street/Sidewalk,40.7297138891165,-74.00074326038714
65606716,2025-07-19T21:38:11.000,Noise - Street/Sidewalk,40.7269331467993,-73.9915935706741
65601636,2025-07-19T20:50:06.000,Noise - Commercial,40.72428175147285,-74.00783967560663
65609191,2025-07-19T19:45:45.000,Noise - Street/Sidewalk,40.71742011026874,-73.99840192418509
65604110,2025-07-19T19:12:26.000,Noise - Commercial,40.72428175147285,-74.00783967560663
65605574,2025-07-19T17:54:15.000,Noise - Street/Sidewalk,40.7201648413282,-73.99698048635884
65604100,2025-07-19T17:18:43.000,Noise - Commercial,40.72428175147285,-74.00783967560663
65603201,2025-07-19T16:37:12.000,Noise - Street/Sidewalk,40.72544304455767,-74.00119058353847
65604105,2025-07-19T11:21:20.000,Noise - Commercial,40.722047496202826,-73.99183950680036
65594298,2025-07-19T01:48:33.000,Noise - Street/Sidewalk,40.72090022730027,-73.99242768330566
65594910,2025-07-19T00:44:02.000,Noise - Commercial,40.72374669627988,-74.00466119629756
65600419,2025-07-18T23:26:36.000,Noise - Commercial,40.71965147022583,-73.9943073407094
65600413,2025-07-18T22:50:30.000,Noise - Commercial,40.72090022730027,-73.99242768330566
65595045,2025-07-18T22:06:03.000,Noise - Commercial,40.71965147022583,-73.9943073407094
65600421,2025-07-18T21:24:47.000,Noise - Commercial,40.71965147022583,-73.9943073407094
65596224,2025-07-18T00:22:12.000,Noise - Vehicle,40.72299170214719,-74.00803073175207
65596381,2025-07-17T22:54:52.000,Noise - Commercial,40.71756531132748,-73.99193745545756
65584422,2025-07-17T22:05:24.000,Noise - Commercial,40.72090022730027,-73.99242768330566
65587880,2025-07-17T21:41:25.000,Noise - Commercial,40.72221515130899,-73.99615063300688
65584611,2025-07-17T19:53:07.000,Noise - Street/Sidewalk,40.721548142217785,-73.99527041272538
65590063,2025-07-17T19:08:46.000,Noise - Street/Sidewalk,40.72383445115989,-73.99371170600008
65583549,2025-07-17T19:06:16.000,Noise - Street/Sidewalk,40.72260220662482,-73.99785704098136
65585673,2025-07-17T17:57:12.000,Noise - Commercial,40.72162232667143,-74.00220786470854
65583376,2025-07-17T17:11:04.000,Noise - Vehicle,40.72260770644309,-74.00148996994562
65583541,2025-07-17T13:34:01.000,Noise - Street/Sidewalk,40.7202938249859,-74.00370495401587
65587966,2025-07-17T11:27:00.000,Noise - Street/Sidewalk,40.71877326227639,-74.0024314333351
65589918,2025-07-17T02:28:15.000,Noise - Vehicle,40.71948672201727,-73.99315656021322
65575315,2025-07-16T23:36:45.000,Noise - Street/Sidewalk,40.720911068855344,-73.99056616894214
65572816,2025-07-16T22:32:27.000,Noise - Commercial,40.71911350806538,-73.99452744332153
65576417,2025-07-16T22:24:43.000,Noise - Commercial,40.72064457717895,-74.01210700209393
65578939,2025-07-16T20:44:14.000,Noise - Street/Sidewalk,40.71655256987129,-73.99309192922128
65578949,2025-07-16T19:41:08.000,Noise - Street/Sidewalk,40.72133963162721,-73.99881670497948
65575324,2025-07-16T19:27:50.000,Noise - Street/Sidewalk,40.72101020147137,-73.99612544947975
65575275,2025-07-16T19:07:06.000,Noise - Street/Sidewalk,40.72900024000052,-73.99813826090998
65577728,2025-07-16T19:03:30.000,Noise - Street/Sidewalk,40.72900024000052,-73.99813826090998
65577729,2025-07-16T18:56:16.000,Noise - Street/Sidewalk,40.72900024000052,-73.99813826090998
65572898,2025-07-16T12:38:47.000,Noise - Street/Sidewalk,40.71943474452872,-74.00264790768674
65577652,2025-07-16T12:04:32.000,Noise - Commercial,40.7201648413282,-73.99698048635884
65581324,2025-07-16T07:38:56.000,Noise - Street/Sidewalk,40.72900024000052,-73.99813826090998
65566640,2025-07-15T21:45:51.000,Noise - Commercial,40.7189129617464,-73.99156572246149
65567999,2025-07-15T15:24:14.000,Noise - Street/Sidewalk,40.72439727386019,-73.99763330137758
65566641,2025-07-15T15:01:03.000,Noise - Commercial,40.72985936203482,-74.00059172315336
65567908,2025-07-15T14:49:49.000,Noise - Commercial,40.72985936203482,-74.00059172315336
65566727,2025-07-15T11:40:10.000,Noise - Street/Sidewalk,40.7202938249859,-74.00370495401587
65559595,2025-07-14T22:18:44.000,Noise - Commercial,40.7189129617464,-73.99156572246149
65558500,2025-07-14T12:53:02.000,Noise - Street/Sidewalk,40.72038440433181,-74.00363280794991
65554917,2025-07-14T10:08:11.000,Noise - Vehicle,40.7189129617464,-73.99156572246149
65560771,2025-07-14T07:52:12.000,Noise - Street/Sidewalk,40.723035785813664,-73.99490953729197
65545468,2025-07-14T01:20:16.000,Noise - Street/Sidewalk,40.729540971769865,-73.99981598941078
65551905,2025-07-14T01:09:48.000,Noise - Street/Sidewalk,40.71629163664359,-74.00945482122404
65546410,2025-07-14T00:49:33.000,Noise - Street/Sidewalk,40.72939824022615,-74.00100664400853
65545428,2025-07-14T00:41:25.000,Noise - Street/Sidewalk,40.7293378553788,-74.00103189937474
65551830,2025-07-14T00:39:10.000,Noise - Street/Sidewalk,40.72916767899508,-74.00119065008408
65549737,2025-07-14T00:38:06.000,Noise - Street/Sidewalk,40.72949430753926,-74.00090201206066
65552743,2025-07-13T23:12:12.000,Noise - Commercial,40.72135884748572,-73.9990980980475
65545463,2025-07-13T22:02:25.000,Noise - Street/Sidewalk,40.71660462938471,-73.99171391593737
65546282,2025-07-13T21:02:10.000,Noise - Commercial,40.72135884748572,-73.9990980980475
65550550,2025-07-13T16:15:44.000,Noise - Commercial,40.71605840306777,-73.99145425673682
65549501,2025-07-13T16:07:31.000,Noise - Commercial,40.71605840306777,-73.99145425673682
65546501,2025-07-13T15:13:25.000,Noise - Street/Sidewalk,40.72390871479163,-73.99804820949959
65551649,2025-07-13T14:50:19.000,Noise - Commercial,40.7185204568837,-73.99150805286503
65552911,2025-07-13T13:27:31.000,Noise - Street/Sidewalk,40.72900024000052,-73.99813826090998
65547538,2025-07-13T13:26:06.000,Noise - Street/Sidewalk,40.72900024000052,-73.99813826090998
65549664,2025-07-13T12:58:35.000,Noise - Street/Sidewalk,40.72038440433181,-74.00363280794991
65542804,2025-07-13T00:53:05.000,Noise - Commercial,40.7189129617464,-73.99156572246149
65544030,2025-07-13T00:33:01.000,Noise - Commercial,40.72671109521736,-74.00276364952728
65541570,2025-07-13T00:30:07.000,Noise - Commercial,40.71872911078678,-73.99224755670346
65540387,2025-07-13T00:28:38.000,Noise - Commercial,40.718559195761,-73.99953463814128
65542814,2025-07-12T22:28:05.000,Noise - Commercial,40.717872604455565,-73.99037540580335
65537887,2025-07-12T22:23:24.000,Noise - Commercial,40.71800199374638,-73.99803756019594
65539149,2025-07-12T22:19:00.000,Noise - Commercial,40.72090022730027,-73.99242768330566
65535823,2025-07-12T21:06:06.000,Noise - Street/Sidewalk,40.7293515782781,-73.99887429135939
65542816,2025-07-12T19:39:15.000,Noise - Commercial,40.72428175147285,-74.00783967560663
65543145,2025-07-12T18:46:07.000,Noise - Street/Sidewalk,40.72032677980751,-73.99689389777535
65539159,2025-07-12T18:06:58.000,Noise - Commercial,40.72116927586569,-74.00655861234907
65543101,2025-07-12T15:09:31.000,Noise - Street/Sidewalk,40.72367266887571,-73.9982502494642
65543120,2025-07-12T14:58:13.000,Noise - Street/Sidewalk,40.72367266887571,-73.9982502494642
65539432,2025-07-12T12:13:08.000,Noise - Street/Sidewalk,40.7202938249859,-74.00370495401587
65536990,2025-07-12T10:02:20.000,Noise - Street/Sidewalk,40.720238972008616,-74.00200218869135
65539029,2025-07-12T09:49:37.000,Noise - Vehicle,40.7194676900833,-73.99774891660324
65543103,2025-07-12T07:34:13.000,Noise - Street/Sidewalk,40.72900024000052,-73.99813826090998
65539427,2025-07-12T07:25:00.000,Noise - Street/Sidewalk,40.72900024000052,-73.99813826090998
65541892,2025-07-12T07:16:39.000,Noise - Street/Sidewalk,40.72900024000052,-73.99813826090998
65526279,2025-07-12T01:51:04.000,Noise - Street/Sidewalk,40.71739503411123,-73.9905919183635
65532320,2025-07-12T01:13:12.000,Noise - Vehicle,40.72780903076772,-74.00020565354885
65532891,2025-07-12T01:10:47.000,Noise - Commercial,40.72887124234849,-74.00145402984666
65529605,2025-07-12T00:57:33.000,Noise - Street/Sidewalk,40.72455098836295,-74.00193377040783
65528086,2025-07-12T00:38:21.000,Noise - Commercial,40.72891790369151,-74.0014143426774
65529445,2025-07-12T00:13:17.000,Noise - Commercial,40.728522667450505,-73.99986289616588
65531986,2025-07-12T00:05:37.000,Noise - Street/Sidewalk,40.71807035293164,-73.992020365249
65530833,2025-07-12T00:02:29.000,Noise - Vehicle,40.72842385586966,-73.99967888886464
65531848,2025-07-11T23:45:23.000,Noise - Commercial,40.72090022730027,-73.99242768330566
65528385,2025-07-11T23:43:19.000,Noise - Street/Sidewalk,40.72842385586966,-73.99967888886464
65534402,2025-07-11T23:37:38.000,Noise - Street/Sidewalk,40.72842385586966,-73.99967888886464
65531850,2025-07-11T23:33:32.000,Noise - Commercial,40.717872604455565,-73.99037540580335
65529616,2025-07-11T23:31:07.000,Noise - Street/Sidewalk,40.72855834935655,-73.99997474401702
65533190,2025-07-11T23:23:37.000,Noise - Street/Sidewalk,40.72851717796591,-73.99988815214454
65525822,2025-07-11T22:11:00.000,Noise - Commercial,40.72090022730027,-73.99242768330566
65529446,2025-07-11T15:18:02.000,Noise - Commercial,40.72064457717895,-74.01210700209393
65534149,2025-07-11T12:14:37.000,Noise - Vehicle,40.72620606441196,-74.00257241146201
65534269,2025-07-11T11:45:34.000,Noise - Commercial,40.719237065401614,-73.99552670872767
65532004,2025-07-11T11:41:22.000,Noise - Street/Sidewalk,40.7202938249859,-74.00370495401587
65527097,2025-07-11T08:24:51.000,Noise - Street/Sidewalk,40.72900024000052,-73.99813826090998
65524651,2025-07-10T23:06:02.000,Noise - Commercial,40.72016177866853,-73.99092702930629
65517504,2025-07-10T23:02:10.000,Noise - Commercial,40.7189129617464,-73.99156572246149
65521076,2025-07-10T22:11:02.000,Noise - Commercial,40.7189129617464,-73.99156572246149
65521080,2025-07-10T21:31:39.000,Noise - Commercial,40.71607212633475,-73.99144704033394
65517514,2025-07-10T21:19:12.000,Noise - Commercial,40.71605290789855,-73.99137850370803
65523458,2025-07-10T20:04:37.000,Noise - Commercial,40.7185204568837,-73.99150805286503
65524504,2025-07-10T16:28:13.000,Noise - Vehicle,40.71861645840457,-73.99066750259595
65517599,2025-07-10T14:19:12.000,Noise - Street/Sidewalk,40.7202938249859,-74.00370495401587
65518770,2025-07-10T12:58:40.000,Noise - Street/Sidewalk,40.72900024000052,-73.99813826090998
65512914,2025-07-10T00:19:26.000,Noise - Street/Sidewalk,40.72287388416484,-73.99588723360148
65514054,2025-07-09T11:52:51.000,Noise - Street/Sidewalk,40.72038440433181,-74.00363280794991
65509428,2025-07-09T11:04:33.000,Noise - Street/Sidewalk,40.723422745285625,-73.99385605362886
65515267,2025-07-09T10:36:38.000,Noise - Vehicle,40.723494108604,-73.99384883160303
65501139,2025-07-08T23:03:57.000,Noise - Commercial,40.7189129617464,-73.99156572246149
65497676,2025-07-08T22:14:20.000,Noise - Commercial,40.7189129617464,-73.99156572246149
65501225,2025-07-08T12:53:00.000,Noise - Street/Sidewalk,40.72511626735059,-73.99398217089116
65497754,2025-07-08T11:42:42.000,Noise - Street/Sidewalk,40.7202938249859,-74.00370495401587
65505857,2025-07-08T08:20:45.000,Noise - Street/Sidewalk,40.72900024000052,-73.99813826090998
65489367,2025-07-07T23:36:18.000,Noise - Commercial,40.7189129617464,-73.99156572246149
65496493,2025-07-07T23:22:24.000,Noise - Commercial,40.71631908276552,-74.00947286179263
65494138,2025-07-07T22:42:25.000,Noise - Commercial,40.7189129617464,-73.99156572246149
65492997,2025-07-07T19:23:45.000,Noise - Street/Sidewalk,40.72900024000052,-73.99813826090998
65488261,2025-07-07T19:20:08.000,Noise - Street/Sidewalk,40.72900024000052,-73.99813826090998
65494205,2025-07-07T19:19:05.000,Noise - Street/Sidewalk,40.72900024000052,-73.99813826090998
65488262,2025-07-07T19:16:20.000,Noise - Street/Sidewalk,40.72900024000052,-73.99813826090998
65488297,2025-07-07T13:44:58.000,Noise - Street/Sidewalk,40.71714011883895,-74.00291836998491
65488265,2025-07-07T13:02:24.000,Noise - Street/Sidewalk,40.7202938249859,-74.00370495401587
65490680,2025-07-07T07:46:42.000,Noise - Street/Sidewalk,40.729650759574,-74.00076851608002
65489447,2025-07-07T07:23:05.000,Noise - Street/Sidewalk,40.72900024000052,-73.99813826090998
65491835,2025-07-07T07:17:51.000,Noise - Street/Sidewalk,40.72900024000052,-73.99813826090998
65480629,2025-07-07T01:27:42.000,Noise - Vehicle,40.72752891470735,-73.9941010151011
65485357,2025-07-07T01:08:06.000,Noise - Street/Sidewalk,40.72148213384429,-73.99270179589125
65486136,2025-07-07T00:48:52.000,Noise - Street/Sidewalk,40.72892064317083,-73.99820681546024
65482820,2025-07-06T22:28:03.000,Noise - Commercial,40.7200303761816,-74.00163060622701
65480980,2025-07-06T22:24:43.000,Noise - Street/Sidewalk,40.72012095765584,-74.00128067698522
65486238,2025-07-06T22:22:40.000,Noise - Street/Sidewalk,40.72081227275736,-73.9907537769954
65487347,2025-07-06T22:18:56.000,Noise - Street/Sidewalk,40.72081227275736,-73.9907537769954
65479957,2025-07-06T22:15:28.000,Noise - Street/Sidewalk,40.72081227275736,-73.9907537769954
65481019,2025-07-06T22:12:01.000,Noise - Street/Sidewalk,40.72081227275736,-73.9907537769954
65487348,2025-07-06T22:09:37.000,Noise - Street/Sidewalk,40.7207216763486,-73.9905156897238
65479703,2025-07-06T21:12:31.000,Noise - Commercial,40.7200303761816,-74.00163060622701
65483849,2025-07-06T20:20:09.000,Noise - Commercial,40.72147128295989,-73.9951261136237
65487349,2025-07-06T20:19:06.000,Noise - Street/Sidewalk,40.72900024000052,-73.99813826090998
65483109,2025-07-06T16:39:22.000,Noise - Vehicle,40.72211640308616,-74.00054114732264
65480890,2025-07-06T15:56:39.000,Noise - Street/Sidewalk,40.71879796465334,-73.99754692094857
65487356,2025-07-06T15:21:32.000,Noise - Street/Sidewalk,40.726642479510495,-74.00262654671575
65484116,2025-07-06T12:32:31.000,Noise - Street/Sidewalk,40.7202938249859,-74.00370495401587
65479960,2025-07-06T11:25:42.000,Noise - Street/Sidewalk,40.71870189783701,-74.00246389790759
65481994,2025-07-06T02:15:42.000,Noise - Street/Sidewalk,40.71824312904109,-73.99016251338533
65476625,2025-07-06T01:50:24.000,Noise - Street/Sidewalk,40.729118274561856,-74.00107158428122
65470079,2025-07-06T00:31:53.000,Noise - Street/Sidewalk,40.71625331111088,-73.99186907486687
65472229,2025-07-05T23:20:43.000,Noise - Commercial,40.7189129617464,-73.99156572246149
65476035,2025-07-05T22:07:24.000,Noise - Commercial,40.7189129617464,-73.99156572246149
65471309,2025-07-05T16:25:50.000,Noise - Street/Sidewalk,40.71660462938471,-73.99171391593737
65470087,2025-07-05T15:09:45.000,Noise - Vehicle,40.72446590404367,-74.00173534025862
65475829,2025-07-05T10:33:14.000,Noise - Vehicle,40.72473762429721,-74.00234145617435
65476396,2025-07-05T09:15:14.000,Noise - Street/Sidewalk,40.72163055108211,-73.99732675171406
65476390,2025-07-05T02:11:49.000,Noise - Street/Sidewalk,40.72081227275736,-73.9907537769954
65471302,2025-07-05T02:07:44.000,Noise - Street/Sidewalk,40.72081227275736,-73.9907537769954
65462803,2025-07-05T01:37:53.000,Noise - Street/Sidewalk,40.729702910209525,-74.000725219967
65461321,2025-07-05T01:36:33.000,Noise - Street/Sidewalk,40.72891790369151,-74.0014143426774
65468759,2025-07-05T01:12:10.000,Noise - Street/Sidewalk,40.72081227275736,-73.9907537769954
65468760,2025-07-05T01:07:31.000,Noise - Street/Sidewalk,40.72081227275736,-73.9907537769954
65458015,2025-07-05T01:04:51.000,Noise - Street/Sidewalk,40.72081227275736,-73.9907537769954
65468761,2025-07-05T01:01:27.000,Noise - Street/Sidewalk,40.72081227275736,-73.9907537769954
65458016,2025-07-05T00:59:07.000,Noise - Street/Sidewalk,40.72081227275736,-73.9907537769954
65460817,2025-07-05T00:47:49.000,Noise - Street/Sidewalk,40.72085891873415,-73.99056978390475
65460965,2025-07-05T00:29:36.000,Noise - Street/Sidewalk,40.72081227275736,-73.9907537769954
65460966,2025-07-05T00:24:25.000,Noise - Street/Sidewalk,40.72081227275736,-73.9907537769954
65467186,2025-07-05T00:20:54.000,Noise - Street/Sidewalk,40.72081227275736,-73.9907537769954
65464100,2025-07-04T23:46:05.000,Noise - Street/Sidewalk,40.72081227275736,-73.9907537769954
65464101,2025-07-04T23:43:39.000,Noise - Street/Sidewalk,40.72081227275736,-73.9907537769954
65466832,2025-07-04T20:50:34.000,Noise - Commercial,40.72428175147285,-74.00783967560663
65468346,2025-07-04T20:47:51.000,Noise - Commercial,40.72428175147285,-74.00783967560663
65462527,2025-07-04T16:22:06.000,Noise - Vehicle,40.721026421757614,-73.99150412597088
65468355,2025-07-04T14:55:35.000,Noise - Commercial,40.7214739159611,-73.99296515261688
65462488,2025-07-04T11:30:17.000,Noise - Street/Sidewalk,40.7202938249859,-74.00370495401587
65454910,2025-07-04T00:50:05.000,Noise - Commercial,40.7189129617464,-73.99156572246149
65448956,2025-07-04T00:35:28.000,Noise - Street/Sidewalk,40.72132314255799,-74.00247481763212
65453801,2025-07-04T00:15:09.000,Noise - Street/Sidewalk,40.720911068855344,-73.99056616894214
65448846,2025-07-04T00:01:14.000,Noise - Commercial,40.7189129617464,-73.99156572246149
65451229,2025-07-03T23:17:42.000,Noise - Commercial,40.7189129617464,-73.99156572246149
65451233,2025-07-03T23:13:05.000,Noise - Commercial,40.717872604455565,-73.99037540580335
65447600,2025-07-03T23:08:50.000,Noise - Commercial,40.717872604455565,-73.99037540580335
65447613,2025-07-03T22:47:28.000,Noise - Commercial,40.72107039661541,-73.99234108175814
65451029,2025-07-03T22:42:24.000,Noise - Commercial,40.72090022730027,-73.99242768330566
65454700,2025-07-03T22:30:03.000,Noise - Commercial,40.72879439653422,-73.99935055813754
65447608,2025-07-03T22:19:03.000,Noise - Commercial,40.72879439653422,-73.99935055813754
65451357,2025-07-03T21:39:21.000,Noise - Street/Sidewalk,40.7207216763486,-73.9905156897238
65454909,2025-07-03T21:27:52.000,Noise - Commercial,40.72090022730027,-73.99242768330566
65447603,2025-07-03T21:02:34.000,Noise - Commercial,40.7189129617464,-73.99156572246149
65456191,2025-07-03T20:44:07.000,Noise - Commercial,40.72107039661541,-73.99234108175814
65451034,2025-07-03T20:37:01.000,Noise - Vehicle,40.71893483664406,-73.99049790661368
65448859,2025-07-03T19:03:58.000,Noise - Commercial,40.71846555284812,-73.99138901397032
65447394,2025-07-03T14:27:13.000,Noise - Vehicle,40.721375319366416,-74.00021645652211
65451372,2025-07-03T11:57:30.000,Noise - Street/Sidewalk,40.7202938249859,-74.00370495401587
65451246,2025-07-03T11:36:29.000,Noise - Commercial,40.72518774190203,-74.00326868046588
65452552,2025-07-03T07:59:21.000,Noise - Street/Sidewalk,40.72900024000052,-73.99813826090998
65456300,2025-07-03T03:11:50.000,Noise - Street/Sidewalk,40.71912144312216,-73.99005776662881
65437686,2025-07-02T22:00:32.000,Noise - Commercial,40.7189129617464,-73.99156572246149
65438998,2025-07-02T19:53:58.000,Noise - Street/Sidewalk,40.72008249940296,-73.99701295793791
65438745,2025-07-02T17:32:03.000,Noise - Vehicle,40.725634820759936,-74.00914226476881
65437800,2025-07-02T13:04:46.000,Noise - Street/Sidewalk,40.7202938249859,-74.00370495401587
65435397,2025-07-02T00:37:32.000,Noise - Commercial,40.71885258098847,-73.99161984218506
65429527,2025-07-01T21:34:09.000,Noise - Street/Sidewalk,40.718633144554346,-74.00608217802295
65428361,2025-07-01T12:54:24.000,Noise - Street/Sidewalk,40.72038440433181,-74.00363280794991
65423306,2025-06-30T21:39:34.000,Noise - Commercial,40.7189129617464,-73.99156572246149
65420795,2025-06-30T18:00:49.000,Noise - Vehicle,40.72191329221079,-74.0000793680321
65418501,2025-06-30T12:36:13.000,Noise - Street/Sidewalk,40.7202938249859,-74.00370495401587
65419746,2025-06-30T07:30:31.000,Noise - Street/Sidewalk,40.72900024000052,-73.99813826090998
65419723,2025-06-30T07:28:38.000,Noise - Street/Sidewalk,40.72900024000052,-73.99813826090998
65411468,2025-06-30T01:34:26.000,Noise - Vehicle,40.71849563576353,-73.99003260781235
65413592,2025-06-29T23:29:26.000,Noise - Street/Sidewalk,40.729466863451,-73.99987732641027
65410352,2025-06-29T23:11:57.000,Noise - Street/Sidewalk,40.728841046299486,-73.99827536984671
65412491,2025-06-29T23:05:43.000,Noise - Street/Sidewalk,40.728841046299486,-73.99827536984671
65415672,2025-06-29T22:28:01.000,Noise - Street/Sidewalk,40.729557440232966,-73.99977630079702
65411459,2025-06-29T21:15:21.000,Noise - Street/Sidewalk,40.72841278597895,-73.99541424510747
65414140,2025-06-29T19:53:29.000,Noise - Commercial,40.716662143551886,-73.99011945849098
65417313,2025-06-29T18:59:38.000,Noise - Commercial,40.7185204568837,-73.99150805286503
65413101,2025-06-29T17:13:48.000,Noise - Commercial,40.7185204568837,-73.99150805286503
65413097,2025-06-29T16:52:25.000,Noise - Commercial,40.7185204568837,-73.99150805286503
65410027,2025-06-29T15:42:17.000,Noise - Street/Sidewalk,40.7202938249859,-74.00370495401587
65411901,2025-06-29T15:04:07.000,Noise - Commercial,40.723433666430005,-73.99285310642439
65414142,2025-06-29T13:41:57.000,Noise - Commercial,40.72086749209638,-73.99670627835198
65417512,2025-06-29T13:37:15.000,Noise - Street/Sidewalk,40.72032677980751,-73.99689389777535
65412214,2025-06-29T13:29:13.000,Noise - Street/Sidewalk,40.72086749209638,-73.99670627835198
65417532,2025-06-29T12:28:38.000,Noise - Street/Sidewalk,40.71943474452872,-74.00264790768674
65412309,2025-06-29T02:19:12.000,Noise - Vehicle,40.72090022730027,-73.99242768330566
65404167,2025-06-29T00:10:47.000,Noise - Street/Sidewalk,40.71807035293164,-73.992020365249
65403851,2025-06-28T23:51:20.000,Noise - Commercial,40.72879439653422,-73.99935055813754
65408477,2025-06-28T23:48:18.000,Noise - Commercial,40.72090022730027,-73.99242768330566
65403005,2025-06-28T23:41:56.000,Noise - Street/Sidewalk,40.72879439653422,-73.99935055813754
65401439,2025-06-28T23:33:17.000,Noise - Commercial,40.72879439653422,-73.99935055813754
65403849,2025-06-28T22:44:42.000,Noise - Commercial,40.72428175147285,-74.00783967560663
65406258,2025-06-28T22:39:30.000,Noise - Commercial,40.72960684303375,-74.00083346055158
65407442,2025-06-28T22:01:24.000,Noise - Commercial,40.72428175147285,-74.00783967560663
65402682,2025-06-28T21:28:44.000,Noise - Commercial,40.7179498438578,-73.99807002854102
65406584,2025-06-28T19:45:31.000,Noise - Street/Sidewalk,40.716747612532615,-73.99686881306637
65407430,2025-06-28T19:29:37.000,Noise - Commercial,40.72428175147285,-74.00783967560663
65401433,2025-06-28T19:17:52.000,Noise - Commercial,40.72648856135977,-74.007461107237
65406242,2025-06-28T19:10:32.000,Noise - Commercial,40.7185204568837,-73.99150805286503
65401434,2025-06-28T18:27:23.000,Noise - Commercial,40.72072740449431,-74.00591642075743
65407450,2025-06-28T18:23:10.000,Noise - Commercial,40.72116927586569,-74.00655861234907
65401435,2025-06-28T17:10:16.000,Noise - Commercial,40.7185204568837,-73.99150805286503
65400267,2025-06-28T16:12:48.000,Noise - Commercial,40.72428175147285,-74.00783967560663
65403847,2025-06-28T15:53:26.000,Noise - Commercial,40.7185204568837,-73.99150805286503
65400259,2025-06-28T14:58:00.000,Noise - Commercial,40.7185204568837,-73.99150805286503
65408919,2025-06-28T14:50:45.000,Noise - Street/Sidewalk,40.71627006321447,-73.99909095224241
65404174,2025-06-28T14:48:41.000,Noise - Street/Sidewalk,40.71627006321447,-73.99909095224241
65403829,2025-06-28T14:34:38.000,Noise - Commercial,40.72877791962051,-74.00153340401842
65406524,2025-06-28T12:26:30.000,Noise - Street/Sidewalk,40.71919596229167,-74.0020706996822
65405284,2025-06-28T12:18:43.000,Noise - Street/Sidewalk,40.7202938249859,-74.00370495401587
65407432,2025-06-28T10:55:53.000,Noise - Commercial,40.7185204568837,-73.99150805286503
65405028,2025-06-28T10:54:06.000,Noise - Commercial,40.7185204568837,-73.99150805286503
65402666,2025-06-28T10:45:19.000,Noise - Commercial,40.7185204568837,-73.99150805286503
65408479,2025-06-28T04:49:06.000,Noise - Vehicle,40.723532649048565,-73.99659069941735
65407786,2025-06-28T01:59:21.000,Noise - Street/Sidewalk,40.71812524637479,-73.99199510664727
65394066,2025-06-28T01:16:38.000,Noise - Commercial,40.723433666430005,-73.99285310642439
65392059,2025-06-28T01:14:26.000,Noise - Vehicle,40.72321414039738,-74.00620525818007
65396422,2025-06-28T00:33:54.000,Noise - Commercial,40.72671109521736,-74.00276364952728
65399325,2025-06-28T00:25:17.000,Noise - Vehicle,40.72321414039738,-74.00620525818007
65393006,2025-06-28T00:15:12.000,Noise - Street/Sidewalk,40.720875423620654,-73.99102433685879
65396795,2025-06-28T00:14:59.000,Noise - Street/Sidewalk,40.720875423620654,-73.99102433685879
65396767,2025-06-28T00:06:00.000,Noise - Street/Sidewalk,40.72059543274154,-73.99070330114748
65390421,2025-06-28T00:00:05.000,Noise - Street/Sidewalk,40.72082874593122,-73.99081149597617
65398002,2025-06-27T23:57:25.000,Noise - Street/Sidewalk,40.72081227275736,-73.9907537769954
65390450,2025-06-27T23:53:25.000,Noise - Street/Sidewalk,40.72081227275736,-73.9907537769954
65394189,2025-06-27T23:51:47.000,Noise - Street/Sidewalk,40.72086169190767,-73.99092332644241
65391693,2025-06-27T23:51:46.000,Noise - Street/Sidewalk,40.720875423620654,-73.99102433685879
65398037,2025-06-27T23:51:16.000,Noise - Street/Sidewalk,40.72081227275736,-73.9907537769954
65391700,2025-06-27T23:40:34.000,Noise - Street/Sidewalk,40.72086169190767,-73.99092332644241
65391726,2025-06-27T23:15:48.000,Noise - Street/Sidewalk,40.72081227275736,-73.9907537769954
65390419,2025-06-27T23:14:12.000,Noise - Street/Sidewalk,40.72081227275736,-73.9907537769954
65397690,2025-06-27T22:50:50.000,Noise - Commercial,40.72671109521736,-74.00276364952728
65397689,2025-06-27T22:31:29.000,Noise - Commercial,40.72090022730027,-73.99242768330566
65397845,2025-06-27T22:31:07.000,Noise - Commercial,40.717872604455565,-73.99037540580335
65399254,2025-06-27T22:16:17.000,Noise - Street/Sidewalk,40.72855834935655,-73.99997474401702
65396614,2025-06-27T21:23:40.000,Noise - Commercial,40.71605840306777,-73.99145425673682
65390278,2025-06-27T20:57:08.000,Noise - Commercial,40.71607762145887,-73.99152279339022
65397860,2025-06-27T20:52:50.000,Noise - Commercial,40.71605840306777,-73.99145425673682
65392828,2025-06-27T20:50:47.000,Noise - Commercial,40.71605840306777,-73.99145425673682
65390416,2025-06-27T20:42:40.000,Noise - Street/Sidewalk,40.71627006321447,-73.99909095224241
65394056,2025-06-27T20:37:21.000,Noise - Commercial,40.71607762145887,-73.99152279339022
65391567,2025-06-27T20:21:51.000,Noise - Commercial,40.71605840306777,-73.99145425673682
65396617,2025-06-27T20:19:08.000,Noise - Commercial,40.71605840306777,-73.99145425673682
65392833,2025-06-27T19:53:31.000,Noise - Commercial,40.71742011026874,-73.99840192418509
65393028,2025-06-27T19:53:10.000,Noise - Street/Sidewalk,40.72900024000052,-73.99813826090998
65394058,2025-06-27T19:43:08.000,Noise - Commercial,40.71742011026874,-73.99840192418509
65390092,2025-06-27T17:15:52.000,Noise - Vehicle,40.72179771520776,-74.00827229919403
65396824,2025-06-27T15:21:42.000,Noise - Vehicle,40.72833039528249,-73.99433546319308
65391748,2025-06-27T14:58:04.000,Noise - Street/Sidewalk,40.72851155584013,-73.99447255160538
65391402,2025-06-27T14:30:52.000,Noise - Vehicle,40.72078763119565,-74.00844894508923
65394200,2025-06-27T11:24:26.000,Noise - Street/Sidewalk,40.71943474452872,-74.00264790768674
65393031,2025-06-27T08:30:30.000,Noise - Street/Sidewalk,40.72900024000052,-73.99813826090998
65388837,2025-06-26T22:36:26.000,Noise - Vehicle,40.72755889546011,-73.99086107921278
65385194,2025-06-26T22:25:54.000,Noise - Commercial,40.72742711825352,-73.99050391158681
65388840,2025-06-26T22:10:57.000,Noise - Vehicle,40.723183836461466,-74.00801271637144
65380139,2025-06-26T22:03:47.000,Noise - Street/Sidewalk,40.72888771775727,-73.99927118088927
65381160,2025-06-26T20:52:03.000,Noise - Vehicle,40.71990383962151,-74.00816023072527
65386278,2025-06-26T20:37:20.000,Noise - Vehicle,40.7202825891702,-74.00853546225416
65385030,2025-06-26T19:45:18.000,Noise - Vehicle,40.72755889546011,-73.99086107921278
65389004,2025-06-26T18:43:45.000,Noise - Commercial,40.72674123958196,-73.9956777367727
65386439,2025-06-26T18:22:28.000,Noise - Commercial,40.71605840306777,-73.99145425673682
65383992,2025-06-26T18:21:52.000,Noise - Street/Sidewalk,40.72008249940296,-73.99701295793791
65385289,2025-06-26T18:06:19.000,Noise - Street/Sidewalk,40.7192287564129,-73.99389973016022
65381163,2025-06-26T16:45:30.000,Noise - Vehicle,40.71893483664406,-73.99049790661368
65383743,2025-06-26T16:36:13.000,Noise - Vehicle,40.71893483664406,-73.99049790661368
65387527,2025-06-26T16:27:36.000,Noise - Vehicle,40.72142197640664,-73.99903316019109
65388841,2025-06-26T16:23:15.000,Noise - Vehicle,40.72175682225491,-74.00207799450742
65381412,2025-06-26T13:43:37.000,Noise - Street/Sidewalk,40.72222880101653,-73.9943540200747
65384007,2025-06-26T13:16:29.000,Noise - Street/Sidewalk,40.72042832901015,-74.00335142086354
65384031,2025-06-26T12:03:34.000,Noise - Street/Sidewalk,40.72408673643021,-73.9903528618303
65387805,2025-06-26T08:09:41.000,Noise - Street/Sidewalk,40.72900024000052,-73.99813826090998
65384025,2025-06-26T08:04:28.000,Noise - Street/Sidewalk,40.72900024000052,-73.99813826090998
65372622,2025-06-25T23:59:24.000,Noise - Vehicle,40.71997252866537,-73.99289676796991
65372766,2025-06-25T21:25:24.000,Noise - Commercial,40.71751615718029,-73.99733773893664
65371284,2025-06-25T21:03:48.000,Noise - Commercial,40.72135884748572,-73.9990980980475
65378808,2025-06-25T13:58:53.000,Noise - Street/Sidewalk,40.72042832901015,-74.00335142086354
65374427,2025-06-25T13:12:59.000,Noise - Street/Sidewalk,40.72390871479163,-73.99804820949959
65372907,2025-06-25T07:40:16.000,Noise - Street/Sidewalk,40.72900024000052,-73.99813826090998
65375791,2025-06-25T05:11:01.000,Noise - Commercial,40.72132042408795,-74.00026696282403
65371420,2025-06-25T03:29:02.000,Noise - Street/Sidewalk,40.72263783915963,-73.99600630151079
65365203,2025-06-24T23:39:15.000,Noise - Commercial,40.72531399416446,-74.00349237161738
65357234,2025-06-24T23:16:44.000,Noise - Commercial,40.71763145486084,-73.99826844509361
65365207,2025-06-24T20:33:09.000,Noise - Commercial,40.72428175147285,-74.00783967560663
65365307,2025-06-24T12:18:16.000,Noise - Street/Sidewalk,40.72038440433181,-74.00363280794991
65360484,2025-06-24T10:50:04.000,Noise - Street/Sidewalk,40.72765532411292,-74.00033553922681
65358986,2025-06-24T07:41:59.000,Noise - Street/Sidewalk,40.72900024000052,-73.99813826090998
65349875,2025-06-23T23:06:44.000,Noise - Commercial,40.71608067809581,-73.99976913138423
65347160,2025-06-23T20:48:40.000,Noise - Street/Sidewalk,40.7189706693982,-73.9925469493258
65351136,2025-06-23T16:56:59.000,Noise - Vehicle,40.7221822654265,-74.00173888844861
65351388,2025-06-23T12:30:32.000,Noise - Street/Sidewalk,40.72240460197995,-73.99932175908934
65345763,2025-06-23T12:24:11.000,Noise - Street/Sidewalk,40.71943474452872,-74.00264790768674
65348629,2025-06-23T12:04:18.000,Noise - Street/Sidewalk,40.72240460197995,-73.99932175908934
65347187,2025-06-23T11:11:25.000,Noise - Street/Sidewalk,40.72240460197995,-73.99932175908934
65352724,2025-06-23T10:43:32.000,Noise - Commercial,40.71913275884676,-74.00461758376429
65343206,2025-06-23T00:10:57.000,Noise - Street/Sidewalk,40.72879439753808,-74.000436569252
65338368,2025-06-22T23:55:25.000,Noise - Commercial,40.72907161420538,-74.00101746315055
65343196,2025-06-22T21:51:57.000,Noise - Street/Sidewalk,40.72531399416446,-74.00349237161738
65340615,2025-06-22T21:00:39.000,Noise - Commercial,40.72428175147285,-74.00783967560663
65340614,2025-06-22T20:57:41.000,Noise - Commercial,40.72648856135977,-74.007461107237
65337549,2025-06-22T20:55:22.000,Noise - Street/Sidewalk,40.71680495223096,-74.00888493094914
65334960,2025-06-22T20:53:03.000,Noise - Commercial,40.71676104683799,-74.00874423809674
65340819,2025-06-22T20:31:16.000,Noise - Street/Sidewalk,40.71679946687371,-74.00883081980226
65337265,2025-06-22T19:41:01.000,Noise - Commercial,40.7185204568837,-73.99150805286503
65335235,2025-06-22T19:38:52.000,Noise - Street/Sidewalk,40.72832504382953,-73.99945880225974
65340618,2025-06-22T18:05:04.000,Noise - Commercial,40.71676104683799,-74.00874423809674
65341778,2025-06-22T17:41:59.000,Noise - Commercial,40.71605840306777,-73.99145425673682
65337529,2025-06-22T17:30:54.000,Noise - Street/Sidewalk,40.71603643987527,-73.9913857204777
65340622,2025-06-22T17:27:00.000,Noise - Commercial,40.71607762145887,-73.99152279339022
65343121,2025-06-22T17:23:03.000,Noise - Street/Sidewalk,40.71607762145887,-73.99152279339022
65337271,2025-06-22T17:16:25.000,Noise - Commercial,40.71607762145887,-73.99152279339022
65340623,2025-06-22T17:11:23.000,Noise - Commercial,40.71607762145887,-73.99152279339022
65339555,2025-06-22T17:08:28.000,Noise - Commercial,40.71607762145887,-73.99152279339022
65336137,2025-06-22T16:55:31.000,Noise - Commercial,40.7185204568837,-73.99150805286503
65340624,2025-06-22T13:52:03.000,Noise - Commercial,40.71855614747835,-73.99162709436958
65341764,2025-06-22T13:09:41.000,Noise - Commercial,40.7185204568837,-73.99150805286503
65342882,2025-06-22T13:08:11.000,Noise - Commercial,40.71855614747835,-73.99162709436958
65339838,2025-06-22T02:57:42.000,Noise - Street/Sidewalk,40.72916767899508,-74.00119065008408
65343127,2025-06-22T02:50:10.000,Noise - Street/Sidewalk,40.71791957865975,-74.00452731417204
65343128,2025-06-22T02:33:45.000,Noise - Street/Sidewalk,40.71791957865975,-74.00452731417204
65328312,2025-06-22T01:09:20.000,Noise - Commercial,40.72671109521736,-74.00276364952728
65325857,2025-06-22T00:53:29.000,Noise - Commercial,40.72671109521736,-74.00276364952728
65332205,2025-06-22T00:45:30.000,Noise - Commercial,40.7174224089932,-74.01025943066469
65329598,2025-06-22T00:24:17.000,Noise - Commercial,40.72671109521736,-74.00276364952728
65325856,2025-06-22T00:06:35.000,Noise - Commercial,40.72671109521736,-74.00276364952728
65324436,2025-06-22T00:03:08.000,Noise - Commercial,40.72671109521736,-74.00276364952728
65324574,2025-06-21T23:32:30.000,Noise - Commercial,40.72671109521736,-74.00276364952728
65331080,2025-06-21T22:24:28.000,Noise - Commercial,40.72090022730027,-73.99242768330566
65325875,2025-06-21T21:51:24.000,Noise - Commercial,40.72135884748572,-73.9990980980475
65332369,2025-06-21T21:29:05.000,Noise - Commercial,40.71742011026874,-73.99840192418509
65328466,2025-06-21T21:25:23.000,Noise - Commercial,40.71742011026874,-73.99840192418509
65324591,2025-06-21T20:55:00.000,Noise - Commercial,40.71745267171036,-73.9905630510564
65328781,2025-06-21T20:38:59.000,Noise - Street/Sidewalk,40.72272284740783,-73.99415194804773
65333634,2025-06-21T20:02:25.000,Noise - Commercial,40.72428175147285,-74.00783967560663
65324566,2025-06-21T19:25:01.000,Noise - Commercial,40.72072740449431,-74.00591642075743
65332327,2025-06-21T18:51:24.000,Noise - Commercial,40.72116927586569,-74.00655861234907
65327185,2025-06-21T16:41:10.000,Noise - Commercial,40.72428175147285,-74.00783967560663
65325732,2025-06-21T15:13:27.000,Noise - Commercial,40.72891790369151,-74.0014143426774
65327549,2025-06-21T14:52:32.000,Noise - Street/Sidewalk,40.72413650073934,-74.0032361590817
65331336,2025-06-21T13:53:42.000,Noise - Street/Sidewalk,40.72645844237916,-73.99377279242452
65333509,2025-06-21T12:31:52.000,Noise - Commercial,40.72891790369151,-74.0014143426774
65332220,2025-06-21T08:35:04.000,Noise - Vehicle,40.72237987020262,-73.9973303293207
65324454,2025-06-21T08:08:57.000,Noise - Vehicle,40.72237987020262,-73.9973303293207
65330110,2025-06-21T02:10:10.000,Noise - Street/Sidewalk,40.71986801608933,-73.99003961762237
65330187,2025-06-21T02:05:57.000,Noise - Vehicle,40.72175916328886,-73.99013674098215
65333994,2025-06-21T02:01:54.000,Noise - Street/Sidewalk,40.72192109565006,-73.99003931078362
65332668,2025-06-21T01:57:26.000,Noise - Street/Sidewalk,40.71757069164552,-73.9905053159014
65314507,2025-06-21T01:20:27.000,Noise - Street/Sidewalk,40.72742171318178,-74.00841009889302
65323872,2025-06-21T01:11:58.000,Noise - Street/Sidewalk,40.72740251523828,-74.00819722830495
65316758,2025-06-21T00:57:53.000,Noise - Street/Sidewalk,40.72911826281975,-73.99803723283195
65316759,2025-06-21T00:49:34.000,Noise - Street/Sidewalk,40.72911826281975,-73.99803723283195
65319448,2025-06-21T00:45:42.000,Noise - Street/Sidewalk,40.72911826281975,-73.99803723283195
65317878,2025-06-21T00:33:11.000,Noise - Commercial,40.71986801608933,-73.99003961762237
65316621,2025-06-21T00:31:06.000,Noise - Commercial,40.72671109521736,-74.00276364952728
65319289,2025-06-21T00:08:32.000,Noise - Commercial,40.72016177866853,-73.99092702930629
65316638,2025-06-20T23:32:09.000,Noise - Commercial,40.71631908276552,-74.00947286179263
65322149,2025-06-20T23:25:44.000,Noise - Street/Sidewalk,40.71804013369707,-74.00835841109297
65317903,2025-06-20T22:40:46.000,Noise - Commercial,40.71607762145887,-73.99152279339022
65318029,2025-06-20T22:38:21.000,Noise - Street/Sidewalk,40.71607762145887,-73.99152279339022
65319084,2025-06-20T22:36:28.000,Noise - Commercial,40.72090022730027,-73.99242768330566
65315247,2025-06-20T22:33:21.000,Noise - Commercial,40.72879439653422,-73.99935055813754
65315257,2025-06-20T22:25:11.000,Noise - Commercial,40.71607762145887,-73.99152279339022
65316623,2025-06-20T14:22:30.000,Noise - Commercial,40.72891790369151,-74.0014143426774
65320792,2025-06-20T11:23:18.000,Noise - Street/Sidewalk,40.7202938249859,-74.00370495401587
65320753,2025-06-20T10:51:06.000,Noise - Street/Sidewalk,40.72223168298576,-73.9994696747065
65322152,2025-06-20T08:13:31.000,Noise - Street/Sidewalk,40.72868459718763,-73.99841247806296
65320767,2025-06-20T02:35:32.000,Noise - Street/Sidewalk,40.71751305406181,-73.99053418330956
65315361,2025-06-20T02:33:55.000,Noise - Street/Sidewalk,40.71757069164552,-73.9905053159014
65322055,2025-06-20T01:49:35.000,Noise - Street/Sidewalk,40.71751305406181,-73.99053418330956
65314143,2025-06-20T00:40:35.000,Noise - Street/Sidewalk,40.729466863451,-73.99987732641027
65318133,2025-06-19T23:53:29.000,Noise - Street/Sidewalk,40.72761140149759,-74.00126999709673
65306735,2025-06-19T21:19:18.000,Noise - Street/Sidewalk,40.72135884748572,-73.9990980980475
65307638,2025-06-19T21:11:10.000,Noise - Commercial,40.72135884748572,-73.9990980980475
65306744,2025-06-19T20:06:00.000,Noise - Street/Sidewalk,40.72868459718763,-73.99841247806296
65311674,2025-06-19T19:39:34.000,Noise - Vehicle,40.717870225645626,-73.99710684997898
65311878,2025-06-19T18:52:36.000,Noise - Street/Sidewalk,40.71607212633475,-73.99144704033394
65310842,2025-06-19T18:13:52.000,Noise - Street/Sidewalk,40.71695314607578,-73.99081924500813
65306639,2025-06-19T17:27:37.000,Noise - Commercial,40.71607762145887,-73.99152279339022
65310856,2025-06-19T16:50:22.000,Noise - Street/Sidewalk,40.72257203149213,-73.99920631183399
65310847,2025-06-19T16:43:41.000,Noise - Street/Sidewalk,40.72302216843563,-73.99881306740762
65309703,2025-06-19T16:38:52.000,Noise - Commercial,40.71607762145887,-73.99152279339022
65308654,2025-06-19T16:33:31.000,Noise - Commercial,40.71607762145887,-73.99152279339022
65308657,2025-06-19T16:29:35.000,Noise - Commercial,40.71607762145887,-73.99152279339022
65309692,2025-06-19T15:49:13.000,Noise - Commercial,40.7185204568837,-73.99150805286503
65305653,2025-06-19T15:27:50.000,Noise - Commercial,40.7185204568837,-73.99150805286503
65307716,2025-06-19T15:15:49.000,Noise - Street/Sidewalk,40.72302216843563,-73.99881306740762
65306732,2025-06-19T01:53:40.000,Noise - Street/Sidewalk,40.71768356827723,-73.99660542824743
65300936,2025-06-18T23:08:33.000,Noise - Commercial,40.727350654273856,-74.00073962609699
65304493,2025-06-18T22:38:41.000,Noise - Commercial,40.72851717796591,-73.99988815214454
65298590,2025-06-18T22:30:07.000,Noise - Commercial,40.71936870099545,-73.99321789983325
65301091,2025-06-18T22:29:29.000,Noise - Street/Sidewalk,40.729557440232966,-73.99977630079702
65302243,2025-06-18T22:28:56.000,Noise - Street/Sidewalk,40.72951901371953,-73.99981238142182
65300932,2025-06-18T22:26:00.000,Noise - Commercial,40.71965147022583,-73.9943073407094
65304490,2025-06-18T20:49:54.000,Noise - Commercial,40.72428175147285,-74.00783967560663
65296191,2025-06-18T20:35:17.000,Noise - Commercial,40.72428175147285,-74.00783967560663
65297403,2025-06-18T20:33:49.000,Noise - Commercial,40.72428175147285,-74.00783967560663
65301069,2025-06-18T20:23:14.000,Noise - Street/Sidewalk,40.723433666430005,-73.99285310642439
65304487,2025-06-18T19:02:29.000,Noise - Commercial,40.72423783510666,-74.00784327820415
65304485,2025-06-18T18:53:22.000,Noise - Commercial,40.72428175147285,-74.00783967560663
65297602,2025-06-18T15:18:42.000,Noise - Street/Sidewalk,40.72038440433181,-74.00363280794991
65298592,2025-06-18T14:46:48.000,Noise - Commercial,40.7185204568837,-73.99150805286503
65296292,2025-06-18T12:49:55.000,Noise - Street/Sidewalk,40.71943474452872,-74.00264790768674
65301080,2025-06-18T11:16:31.000,Noise - Street/Sidewalk,40.72668064428154,-74.00819713951039
65301083,2025-06-18T09:54:20.000,Noise - Street/Sidewalk,40.728692831702574,-73.99843051789102
65297595,2025-06-18T02:43:55.000,Noise - Street/Sidewalk,40.72965348579133,-74.00220452274242
65303255,2025-06-18T01:28:56.000,Noise - Commercial,40.72090022730027,-73.99242768330566
65292123,2025-06-18T00:48:44.000,Noise - Commercial,40.72090022730027,-73.99242768330566
65295205,2025-06-17T21:38:49.000,Noise - Street/Sidewalk,40.728692831702574,-73.99843051789102
65295214,2025-06-17T20:46:14.000,Noise - Vehicle,40.72138069608097,-73.99489884088148
65294937,2025-06-17T18:01:47.000,Noise - Vehicle,40.72855834935655,-73.99997474401702
65294056,2025-06-17T12:08:29.000,Noise - Street/Sidewalk,40.71943474452872,-74.00264790768674
65287462,2025-06-17T12:05:14.000,Noise - Street/Sidewalk,40.7202938249859,-74.00370495401587
65292944,2025-06-17T09:20:36.000,Noise - Street/Sidewalk,40.72129005816757,-73.99367226242698
65288579,2025-06-17T00:39:04.000,Noise - Street/Sidewalk,40.71858360367087,-73.99174613702137
65279624,2025-06-16T21:40:50.000,Noise - Street/Sidewalk,40.72117217861625,-74.00257582476209
65279588,2025-06-16T20:24:38.000,Noise - Street/Sidewalk,40.72117217861625,-74.00257582476209
65284052,2025-06-16T20:21:16.000,Noise - Street/Sidewalk,40.721018469149456,-74.0027056920393
65281821,2025-06-16T20:08:55.000,Noise - Street/Sidewalk,40.721018469149456,-74.0027056920393
65279505,2025-06-16T18:43:10.000,Noise - Commercial,40.71742011026874,-73.99840192418509
65282738,2025-06-16T16:18:06.000,Noise - Vehicle,40.72755889546011,-73.99086107921278
65278405,2025-06-16T09:34:37.000,Noise - Commercial,40.72428175147285,-74.00783967560663
65284091,2025-06-16T02:06:22.000,Noise - Street/Sidewalk,40.72171807346076,-73.99113966744594
65272932,2025-06-15T23:10:00.000,Noise - Street/Sidewalk,40.72076560164813,-73.99062751832018
65273825,2025-06-15T22:03:23.000,Noise - Street/Sidewalk,40.72076560164813,-73.99062751832018
65277600,2025-06-15T19:12:30.000,Noise - Street/Sidewalk,40.723433666430005,-73.99285310642439
65276707,2025-06-15T18:20:13.000,Noise - Street/Sidewalk,40.729466863451,-73.99987732641027
65270870,2025-06-15T14:46:23.000,Noise - Commercial,40.7185204568837,-73.99150805286503
65276684,2025-06-15T14:25:01.000,Noise - Street/Sidewalk,40.71943474452872,-74.00264790768674
65272860,2025-06-15T14:12:30.000,Noise - Street/Sidewalk,40.72021422403664,-74.00379513823721
65276327,2025-06-15T13:16:48.000,Noise - Commercial,40.72089216360708,-73.99575026775652
65271141,2025-06-15T13:04:37.000,Noise - Street/Sidewalk,40.725931493148025,-73.99464955051583
65276647,2025-06-15T03:13:30.000,Noise - Street/Sidewalk,40.71751305406181,-73.99053418330956
65265022,2025-06-15T02:37:19.000,Noise - Commercial,40.72851717796591,-73.99988815214454
65264827,2025-06-15T01:29:01.000,Noise - Street/Sidewalk,40.72063144477658,-73.99677483381788
65268032,2025-06-14T23:23:09.000,Noise - Street/Sidewalk,40.72016177866853,-73.99092702930629
65265869,2025-06-14T23:11:33.000,Noise - Street/Sidewalk,40.72900024000052,-73.99813826090998
65265611,2025-06-14T23:10:13.000,Noise - Commercial,40.72016177866853,-73.99092702930629
65269117,2025-06-14T22:59:47.000,Noise - Street/Sidewalk,40.71860295561063,-74.00601724101237
65262295,2025-06-14T22:42:21.000,Noise - Commercial,40.72423783510666,-74.00784327820415
65264486,2025-06-14T22:35:43.000,Noise - Commercial,40.72428175147285,-74.00783967560663
65265604,2025-06-14T22:22:46.000,Noise - Commercial,40.72428175147285,-74.00783967560663
65267738,2025-06-14T22:22:36.000,Noise - Commercial,40.72428175147285,-74.00783967560663
65268841,2025-06-14T22:11:13.000,Noise - Commercial,40.72423783510666,-74.00784327820415
65262658,2025-06-14T21:04:11.000,Noise - Street/Sidewalk,40.71634408759439,-74.00449474112867
65269121,2025-06-14T20:23:38.000,Noise - Street/Sidewalk,40.72422130921706,-74.00864419959635
65267742,2025-06-14T18:15:35.000,Noise - Commercial,40.72446285192689,-74.00859011428872
65269920,2025-06-14T18:14:03.000,Noise - Commercial,40.72428175147285,-74.00783967560663
65265625,2025-06-14T18:04:58.000,Noise - Commercial,40.72331008108801,-74.0082147635032
65265601,2025-06-14T17:39:12.000,Noise - Commercial,40.72428175147285,-74.00783967560663
65262674,2025-06-14T17:29:19.000,Noise - Vehicle,40.7246634802712,-73.9963020186302
65263284,2025-06-14T15:29:52.000,Noise - Vehicle,40.72716674378135,-74.00180756903403
65265629,2025-06-14T14:36:35.000,Noise - Commercial,40.71955003644191,-73.99794011184672
65264364,2025-06-14T14:00:38.000,Noise - Commercial,40.72090022730027,-73.99242768330566
65270223,2025-06-14T12:10:03.000,Noise - Street/Sidewalk,40.7202938249859,-74.00370495401587
65267631,2025-06-14T03:17:55.000,Noise - Vehicle,40.72167422245099,-73.99203075662564
65269751,2025-06-14T02:21:29.000,Noise - Commercial,40.72891790369151,-74.0014143426774
65264814,2025-06-14T02:14:47.000,Noise - Street/Sidewalk,40.72002454806838,-73.99102084391369
65264757,2025-06-14T02:08:12.000,Noise - Street/Sidewalk,40.72892064317083,-73.99820681546024
65265628,2025-06-14T01:55:55.000,Noise - Commercial,40.725802211233166,-73.9903706527378
65266724,2025-06-14T01:35:16.000,Noise - Commercial,40.725802211233166,-73.9903706527378
65266972,2025-06-14T01:19:32.000,Noise - Street/Sidewalk,40.72520958815108,-73.99396412338288
65263404,2025-06-14T01:16:05.000,Noise - Commercial,40.71800199374638,-73.99803756019594
65265630,2025-06-14T01:02:46.000,Noise - Commercial,40.72042832901015,-74.00335142086354
65255234,2025-06-14T00:22:04.000,Noise - Commercial,40.72891790369151,-74.0014143426774
65258477,2025-06-14T00:10:59.000,Noise - Commercial,40.71911350806538,-73.99452744332153
65253609,2025-06-13T20:43:04.000,Noise - Street/Sidewalk,40.72460315459392,-73.99969694619143
65257251,2025-06-13T19:45:32.000,Noise - Commercial,40.72450705075436,-74.00294755481669
65259904,2025-06-13T19:26:21.000,Noise - Street/Sidewalk,40.72900024000052,-73.99813826090998
65252341,2025-06-13T18:28:10.000,Noise - Street/Sidewalk,40.72098275106168,-73.99604247656411
65252327,2025-06-13T17:55:07.000,Noise - Street/Sidewalk,40.72276131427484,-73.99500696571748
65253278,2025-06-13T17:32:46.000,Noise - Vehicle,40.7225555571259,-74.00140338463756
65261211,2025-06-13T15:22:56.000,Noise - Street/Sidewalk,40.71943474452872,-74.00264790768674
65258631,2025-06-13T14:06:30.000,Noise - Street/Sidewalk,40.72765532411292,-74.00033553922681
65254949,2025-06-13T13:49:57.000,Noise - Vehicle,40.72709508452844,-73.99155386314432
65256161,2025-06-13T12:01:43.000,Noise - Street/Sidewalk,40.7202938249859,-74.00370495401587
65256174,2025-06-13T08:02:13.000,Noise - Street/Sidewalk,40.72900024000052,-73.99813826090998
65260881,2025-06-13T07:51:27.000,Noise - Vehicle,40.71955003644191,-73.99794011184672
65248846,2025-06-13T01:38:06.000,Noise - Street/Sidewalk,40.72278580895784,-73.99146421714836
65247249,2025-06-13T00:21:02.000,Noise - Street/Sidewalk,40.72877242866792,-73.99836196384234
65242063,2025-06-13T00:11:34.000,Noise - Commercial,40.71911350806538,-73.99452744332153
65248450,2025-06-13T00:10:59.000,Noise - Street/Sidewalk,40.72829759096821,-73.99876967764395
65249611,2025-06-12T22:56:37.000,Noise - Commercial,40.72851717796591,-73.99988815214454
65250728,2025-06-12T22:25:05.000,Noise - Vehicle,40.72827563770185,-73.9993577791577
65243432,2025-06-12T22:06:10.000,Noise - Street/Sidewalk,40.71818316205594,-74.00076838385012
65242069,2025-06-12T21:43:43.000,Noise - Commercial,40.72466047687865,-74.00855766968314
65244564,2025-06-12T21:43:29.000,Noise - Commercial,40.72428175147285,-74.00783967560663
65248345,2025-06-12T21:24:28.000,Noise - Commercial,40.72428175147285,-74.00783967560663
65247112,2025-06-12T21:04:58.000,Noise - Commercial,40.72428175147285,-74.00783967560663
65249607,2025-06-12T21:00:18.000,Noise - Commercial,40.71942377132165,-73.99761904797622
65248353,2025-06-12T20:38:55.000,Noise - Commercial,40.720955300592095,-73.99595950371683
65250857,2025-06-12T20:28:03.000,Noise - Commercial,40.72050236063305,-73.99462112587719
65244572,2025-06-12T20:25:27.000,Noise - Commercial,40.720955300592095,-73.99595950371683
65249608,2025-06-12T20:05:25.000,Noise - Commercial,40.720955300592095,-73.99595950371683
65249726,2025-06-12T19:13:47.000,Noise - Street/Sidewalk,40.71872911078678,-73.99224755670346
65247237,2025-06-12T12:48:22.000,Noise - Street/Sidewalk,40.7202938249859,-74.00370495401587
65233547,2025-06-12T00:56:16.000,Noise - Street/Sidewalk,40.72810820478125,-74.0010282723606
65233378,2025-06-12T00:41:14.000,Noise - Commercial,40.71807035293164,-73.992020365249
65237886,2025-06-11T22:12:16.000,Noise - Street/Sidewalk,40.727350654273856,-74.00073962609699
65240623,2025-06-11T22:06:41.000,Noise - Commercial,40.72851717796591,-73.99988815214454
65237695,2025-06-11T21:42:48.000,Noise - Commercial,40.72891790369151,-74.0014143426774
65239195,2025-06-11T20:28:19.000,Noise - Commercial,40.7229342174866,-73.9946389680679
65237700,2025-06-11T20:14:48.000,Noise - Commercial,40.72707618085859,-74.00018400378333
65240485,2025-06-11T20:04:02.000,Noise - Vehicle,40.72827563770185,-73.9993577791577
65236410,2025-06-11T17:46:52.000,Noise - Street/Sidewalk,40.720398138017146,-74.00330452111983
65236379,2025-06-11T13:13:17.000,Noise - Street/Sidewalk,40.71653629026845,-73.99794741968182
65232051,2025-06-11T13:06:22.000,Noise - Street/Sidewalk,40.725124617175226,-74.00309911022136
65233257,2025-06-11T12:28:01.000,Noise - Vehicle,40.72976600348896,-73.99702695612584
65232052,2025-06-11T12:08:41.000,Noise - Street/Sidewalk,40.71943474452872,-74.00264790768674
65236381,2025-06-11T10:30:17.000,Noise - Street/Sidewalk,40.720398138017146,-74.00330452111983
65230488,2025-06-11T09:03:18.000,Noise - Commercial,40.72678792827488,-74.00350327256554
65225229,2025-06-10T23:16:26.000,Noise - Street/Sidewalk,40.72339534148016,-73.99473994707944
65219787,2025-06-10T21:24:41.000,Noise - Commercial,40.71718123835712,-73.99547634336238
65226444,2025-06-10T20:37:33.000,Noise - Commercial,40.7185204568837,-73.99150805286503
65225113,2025-06-10T20:21:40.000,Noise - Commercial,40.7185204568837,-73.99150805286503
65226326,2025-06-10T18:46:49.000,Noise - Vehicle,40.72827563770185,-73.9993577791577
65225237,2025-06-10T18:24:01.000,Noise - Street/Sidewalk,40.72827563770185,-73.9993577791577
65226448,2025-06-10T17:40:01.000,Noise - Commercial,40.7185204568837,-73.99150805286503
65227797,2025-06-10T17:35:00.000,Noise - Commercial,40.7185204568837,-73.99150805286503
65229217,2025-06-10T14:06:20.000,Noise - Street/Sidewalk,40.7202938249859,-74.00370495401587
65218357,2025-06-09T23:45:25.000,Noise - Vehicle,40.722654132203765,-73.99249242222658
65218352,2025-06-09T23:29:34.000,Noise - Vehicle,40.72278580895784,-73.99146421714836
65216961,2025-06-09T23:16:06.000,Noise - Vehicle,40.72278580895784,-73.99146421714836
65213083,2025-06-09T22:19:55.000,Noise - Commercial,40.71742011026874,-73.99840192418509
65211600,2025-06-09T21:33:39.000,Noise - Vehicle,40.72827563770185,-73.9993577791577
65210220,2025-06-09T21:29:01.000,Noise - Vehicle,40.72827563770185,-73.9993577791577
65213189,2025-06-09T21:08:55.000,Noise - Street/Sidewalk,40.7246634802712,-73.9963020186302
65209031,2025-06-09T17:35:52.000,Noise - Commercial,40.71756531132748,-73.99193745545756
65217191,2025-06-09T15:34:18.000,Noise - Street/Sidewalk,40.72274769468882,-73.9990331409584
65218592,2025-06-09T12:24:14.000,Noise - Street/Sidewalk,40.71943474452872,-74.00264790768674
65210355,2025-06-09T10:30:37.000,Noise - Commercial,40.72929667966864,-74.00143960697945
65210222,2025-06-09T10:22:48.000,Noise - Vehicle,40.723433666430005,-73.99285310642439
65217226,2025-06-09T03:15:45.000,Noise - Street/Sidewalk,40.72068360797919,-73.99726906855639
65205807,2025-06-09T00:18:17.000,Noise - Street/Sidewalk,40.7201510854692,-73.99593790721774
65200279,2025-06-09T00:15:11.000,Noise - Street/Sidewalk,40.72026088494013,-73.99620485910575
65204474,2025-06-08T22:53:41.000,Noise - Commercial,40.71872911078678,-73.99224755670346
65204472,2025-06-08T22:46:56.000,Noise - Commercial,40.72228652364041,-74.00358240442132
65206910,2025-06-08T22:18:01.000,Noise - Street/Sidewalk,40.71807035293164,-73.992020365249
65202292,2025-06-08T22:04:51.000,Noise - Commercial,40.71872911078678,-73.99224755670346
65200333,2025-06-08T21:46:56.000,Noise - Street/Sidewalk,40.71798238818813,-73.99029602659836
65200096,2025-06-08T20:01:39.000,Noise - Commercial,40.725978270589856,-74.00133490741577
65203417,2025-06-08T19:51:38.000,Noise - Commercial,40.725978270589856,-74.00133490741577
65206697,2025-06-08T19:08:10.000,Noise - Commercial,40.725978270589856,-74.00133490741577
65204486,2025-06-08T19:04:11.000,Noise - Commercial,40.7185204568837,-73.99150805286503
65200093,2025-06-08T18:06:36.000,Noise - Commercial,40.7185204568837,-73.99150805286503
65204487,2025-06-08T18:01:52.000,Noise - Commercial,40.7185204568837,-73.99150805286503
65201191,2025-06-08T17:39:49.000,Noise - Commercial,40.723433666430005,-73.99285310642439
65202294,2025-06-08T17:05:02.000,Noise - Commercial,40.7185204568837,-73.99150805286503
65204640,2025-06-08T17:03:10.000,Noise - Street/Sidewalk,40.72652715467351,-73.99584371348764
65205816,2025-06-08T16:48:39.000,Noise - Street/Sidewalk,40.72543202640792,-73.9967709936638
65203423,2025-06-08T16:46:21.000,Noise - Commercial,40.7185204568837,-73.99150805286503
65202296,2025-06-08T16:29:30.000,Noise - Commercial,40.71965147022583,-73.9943073407094
65205766,2025-06-08T16:10:28.000,Noise - Street/Sidewalk,40.71653629026845,-73.99794741968182
65204476,2025-06-08T15:43:43.000,Noise - Commercial,40.7185204568837,-73.99150805286503
65201354,2025-06-08T15:25:47.000,Noise - Street/Sidewalk,40.723202995922456,-73.99124770125584
65203411,2025-06-08T15:21:35.000,Noise - Commercial,40.7185204568837,-73.99150805286503
65208011,2025-06-08T13:52:09.000,Noise - Street/Sidewalk,40.726579232087474,-73.99416243330323
65206915,2025-06-08T12:27:14.000,Noise - Street/Sidewalk,40.71943474452872,-74.00264790768674
65192538,2025-06-08T01:07:36.000,Noise - Commercial,40.72671109521736,-74.00276364952728
65192837,2025-06-08T00:15:45.000,Noise - Street/Sidewalk,40.72081227275736,-73.9907537769954
65191609,2025-06-07T23:52:37.000,Noise - Street/Sidewalk,40.72067790937078,-73.99254315083594
65196640,2025-06-07T23:50:58.000,Noise - Vehicle,40.72067790937078,-73.99254315083594
65197866,2025-06-07T23:46:01.000,Noise - Street/Sidewalk,40.72067790937078,-73.99254315083594
65194123,2025-06-07T23:43:37.000,Noise - Street/Sidewalk,40.72090022730027,-73.99242768330566
65193779,2025-06-07T23:09:29.000,Noise - Commercial,40.71872911078678,-73.99224755670346
65198790,2025-06-07T23:06:47.000,Noise - Commercial,40.71872911078678,-73.99224755670346
65196277,2025-06-07T23:04:23.000,Noise - Commercial,40.71631357249486,-73.99027823289293
65197916,2025-06-07T22:29:32.000,Noise - Street/Sidewalk,40.72287388416484,-73.99588723360148
65198784,2025-06-07T22:21:05.000,Noise - Commercial,40.72428175147285,-74.00783967560663
65196271,2025-06-07T22:20:45.000,Noise - Commercial,40.72428175147285,-74.00783967560663
65192768,2025-06-07T22:15:50.000,Noise - Street/Sidewalk,40.72104045713963,-73.99934341851528
65190038,2025-06-07T22:13:45.000,Noise - Commercial,40.72428175147285,-74.00783967560663
65196519,2025-06-07T21:45:25.000,Noise - Street/Sidewalk,40.72081227275736,-73.9907537769954
65190378,2025-06-07T21:39:01.000,Noise - Street/Sidewalk,40.72081227275736,-73.9907537769954
65194144,2025-06-07T19:08:27.000,Noise - Street/Sidewalk,40.72993620950281,-74.00128808176443
65196635,2025-06-07T19:08:03.000,Noise - Street/Sidewalk,40.72993620950281,-74.00128808176443
65192894,2025-06-07T19:07:40.000,Noise - Street/Sidewalk,40.72993620950281,-74.00128808176443
65195081,2025-06-07T16:50:19.000,Noise - Commercial,40.72766078751371,-74.00247505299457
65197824,2025-06-07T16:41:08.000,Noise - Street/Sidewalk,40.72170464602709,-74.00320357235796
65196261,2025-06-07T16:15:07.000,Noise - Commercial,40.72446285192689,-74.00859011428872
65193789,2025-06-07T15:58:53.000,Noise - Commercial,40.7185204568837,-73.99150805286503
65190045,2025-06-07T15:56:02.000,Noise - Commercial,40.72257197725354,-74.00362210417377
65196544,2025-06-07T15:43:34.000,Noise - Street/Sidewalk,40.72136154292547,-74.00348855689428
65196537,2025-06-07T15:28:50.000,Noise - Street/Sidewalk,40.72170464602709,-74.00320357235796
65194147,2025-06-07T14:45:15.000,Noise - Street/Sidewalk,40.72164700478413,-74.00325046869156
65193804,2025-06-07T14:43:27.000,Noise - Commercial,40.72199559661389,-74.00297269723767
65192881,2025-06-07T14:20:48.000,Noise - Street/Sidewalk,40.72760040201564,-74.00251473815453
65196582,2025-06-07T13:14:21.000,Noise - Street/Sidewalk,40.71943474452872,-74.00264790768674
65190395,2025-06-07T12:53:16.000,Noise - Street/Sidewalk,40.72170464602709,-74.00320357235796
65190408,2025-06-07T12:43:54.000,Noise - Street/Sidewalk,40.72199559661389,-74.00297269723767
65198673,2025-06-07T05:15:33.000,Noise - Vehicle,40.72244300305546,-73.99748184878467
65194958,2025-06-07T05:13:37.000,Noise - Vehicle,40.72244300305546,-73.99748184878467
65195452,2025-06-07T03:28:33.000,Noise - Street/Sidewalk,40.7297138891165,-74.00074326038714
65195076,2025-06-07T02:40:32.000,Noise - Commercial,40.72257197725354,-74.00362210417377
65195453,2025-06-07T02:36:29.000,Noise - Street/Sidewalk,40.72766080573588,-74.00138906035434
65194161,2025-06-07T02:28:10.000,Noise - Street/Sidewalk,40.72015935133559,-73.99696244889314
65192523,2025-06-07T02:18:59.000,Noise - Commercial,40.72678792827488,-74.00350327256554
65187938,2025-06-07T01:38:53.000,Noise - Commercial,40.72851717796591,-73.99988815214454
65183530,2025-06-07T01:34:55.000,Noise - Commercial,40.7229342174866,-73.9946389680679
65182085,2025-06-07T01:30:46.000,Noise - Street/Sidewalk,40.72081227275736,-73.9907537769954
65181365,2025-06-07T00:43:33.000,Noise - Commercial,40.72671109521736,-74.00276364952728
65178688,2025-06-07T00:34:09.000,Noise - Street/Sidewalk,40.720911068855344,-73.99056616894214
65188858,2025-06-07T00:29:52.000,Noise - Street/Sidewalk,40.72951901371953,-73.99981238142182
65180125,2025-06-07T00:23:29.000,Noise - Street/Sidewalk,40.72940373410217,-73.99990979891653
65178523,2025-06-07T00:22:15.000,Noise - Commercial,40.72090022730027,-73.99242768330566
65178536,2025-06-07T00:09:55.000,Noise - Commercial,40.72960684303375,-74.00083346055158
65178777,2025-06-07T00:09:21.000,Noise - Street/Sidewalk,40.72090022730027,-73.99242768330566
65185733,2025-06-07T00:06:22.000,Noise - Commercial,40.72090022730027,-73.99242768330566
65179918,2025-06-06T23:50:27.000,Noise - Commercial,40.72090022730027,-73.99242768330566
65181517,2025-06-06T23:17:28.000,Noise - Street/Sidewalk,40.71807035293164,-73.992020365249
65182830,2025-06-06T23:15:07.000,Noise - Commercial,40.72090022730027,-73.99242768330566
65178537,2025-06-06T22:54:05.000,Noise - Commercial,40.72135884748572,-73.9990980980475
65180111,2025-06-06T22:46:08.000,Noise - Street/Sidewalk,40.72869009738911,-74.00024173631489
65187524,2025-06-06T22:34:45.000,Noise - Street/Sidewalk,40.723488751605416,-73.9972942076693
65184518,2025-06-06T21:53:21.000,Noise - Street/Sidewalk,40.723488751605416,-73.9972942076693
65185741,2025-06-06T21:09:14.000,Noise - Commercial,40.722558237368126,-74.00410192390126
65187268,2025-06-06T20:09:14.000,Noise - Commercial,40.717785159566695,-73.99814939642602
65185728,2025-06-06T19:11:17.000,Noise - Commercial,40.7185204568837,-73.99150805286503
65183122,2025-06-06T18:56:31.000,Noise - Street/Sidewalk,40.72224540548221,-74.00076121537396
65180165,2025-06-06T18:51:50.000,Noise - Street/Sidewalk,40.72218227668545,-74.00065659273379
65187529,2025-06-06T18:49:11.000,Noise - Street/Sidewalk,40.72228383157235,-74.00083697662836
65185575,2025-06-06T15:48:39.000,Noise - Vehicle,40.72720788095165,-74.00333733011755
65182835,2025-06-06T15:46:24.000,Noise - Commercial,40.72032677980751,-73.99689389777535
65179929,2025-06-06T15:07:25.000,Noise - Commercial,40.72369176931606,-73.9946100452553
65178700,2025-06-06T12:17:22.000,Noise - Street/Sidewalk,40.72038440433181,-74.00363280794991
65188933,2025-06-06T11:39:20.000,Noise - Street/Sidewalk,40.72369176931606,-73.9946100452553
65184307,2025-06-06T10:18:18.000,Noise - Commercial,40.7236505987928,-73.99462808724441
65184520,2025-06-06T09:43:12.000,Noise - Street/Sidewalk,40.72360396945997,-73.99535324460241
65188714,2025-06-06T09:31:37.000,Noise - Commercial,40.7201648413282,-73.99698048635884
65180178,2025-06-06T04:06:50.000,Noise - Street/Sidewalk,40.72879439753808,-74.000436569252
65188713,2025-06-06T02:18:24.000,Noise - Commercial,40.72369176931606,-73.9946100452553
65174380,2025-06-06T01:17:00.000,Noise - Street/Sidewalk,40.72394702649224,-73.99449818442517
65169929,2025-06-06T01:02:52.000,Noise - Commercial,40.7239086017745,-73.99453787280163
65170117,2025-06-06T00:14:38.000,Noise - Street/Sidewalk,40.72148213384429,-73.99270179589125
65171375,2025-06-05T23:36:56.000,Noise - Commercial,40.7236505987928,-73.99462808724441
65167364,2025-06-05T23:27:59.000,Noise - Vehicle,40.72380707815423,-74.00472974758733
65171520,2025-06-05T23:07:57.000,Noise - Street/Sidewalk,40.7297138891165,-74.00074326038714
65177066,2025-06-05T21:37:56.000,Noise - Commercial,40.72707618085859,-74.00018400378333
65171369,2025-06-05T20:25:31.000,Noise - Commercial,40.72090022730027,-73.99242768330566
65175770,2025-06-05T19:20:06.000,Noise - Street/Sidewalk,40.72326904343243,-73.993942652868
65174073,2025-06-05T18:53:44.000,Noise - Vehicle,40.72535224240429,-73.99270137206283
65167142,2025-06-05T18:40:25.000,Noise - Commercial,40.717785159566695,-73.99814939642602
65167128,2025-06-05T17:22:44.000,Noise - Commercial,40.72678792827488,-74.00350327256554
65175775,2025-06-05T11:15:16.000,Noise - Street/Sidewalk,40.71943474452872,-74.00264790768674
65171230,2025-06-05T04:33:49.000,Noise - Vehicle,40.7279049739389,-73.99466743187732
65158657,2025-06-04T23:42:09.000,Noise - Commercial,40.72707618085859,-74.00018400378333
65161646,2025-06-04T23:18:18.000,Noise - Street/Sidewalk,40.72325531869251,-73.99392461556306
65164382,2025-06-04T22:10:00.000,Noise - Commercial,40.72851717796591,-73.99988815214454
65165886,2025-06-04T20:12:37.000,Noise - Street/Sidewalk,40.71989307950631,-74.00402239424393
65161648,2025-06-04T12:56:58.000,Noise - Street/Sidewalk,40.71653629026845,-73.99794741968182
65157420,2025-06-04T04:31:35.000,Noise - Vehicle,40.72019231203328,-74.00194807411961
65165931,2025-06-04T04:14:10.000,Noise - Vehicle,40.72019231203328,-74.00194807411961
65157421,2025-06-04T03:56:27.000,Noise - Vehicle,40.72048050880021,-74.00211403031578
65146627,2025-06-03T22:20:42.000,Noise - Street/Sidewalk,40.71660462938471,-73.99171391593737
65149261,2025-06-03T22:14:44.000,Noise - Commercial,40.72851717796591,-73.99988815214454
65146652,2025-06-03T21:46:18.000,Noise - Street/Sidewalk,40.72956262937125,-73.99167983220961
65152073,2025-06-03T18:34:35.000,Noise - Street/Sidewalk,40.72732279640649,-73.9902513713039
65152058,2025-06-03T18:01:52.000,Noise - Street/Sidewalk,40.72160310374767,-73.99733757567812
65151787,2025-06-03T16:34:10.000,Noise - Vehicle,40.71824312904109,-73.99016251338533
65146529,2025-06-03T16:21:39.000,Noise - Commercial,40.717848033845705,-73.99211418472873
65145318,2025-06-03T13:20:26.000,Noise - Street/Sidewalk,40.725577494711935,-73.99663749667654
65149270,2025-06-03T12:57:41.000,Noise - Commercial,40.72641462350441,-73.99595195695126
65153315,2025-06-03T12:16:25.000,Noise - Street/Sidewalk,40.7165829502175,-73.99789330800529
65153205,2025-06-03T12:07:34.000,Noise - Commercial,40.72678792827488,-74.00350327256554
65149120,2025-06-03T09:39:52.000,Noise - Vehicle,40.72111723140894,-74.00431468330025
65138118,2025-06-03T00:12:52.000,Noise - Street/Sidewalk,40.71947863163179,-73.99629869880661
65144088,2025-06-03T00:10:03.000,Noise - Street/Sidewalk,40.7284786136985,-73.99436792253336
65135709,2025-06-02T23:49:52.000,Noise - Street/Sidewalk,40.71947863163179,-73.99629869880661
65138120,2025-06-02T23:15:55.000,Noise - Street/Sidewalk,40.71947863163179,-73.99629869880661
65138127,2025-06-02T22:42:22.000,Noise - Street/Sidewalk,40.71745267171036,-73.9905630510564
65142852,2025-06-02T20:34:42.000,Noise - Street/Sidewalk,40.72218227668545,-74.00065659273379
65140497,2025-06-02T20:26:28.000,Noise - Street/Sidewalk,40.72228383157235,-74.00083697662836
65140485,2025-06-02T20:13:09.000,Noise - Street/Sidewalk,40.72224540548221,-74.00076121537396
65136864,2025-06-02T18:06:14.000,Noise - Street/Sidewalk,40.723202995922456,-73.99124770125584
65135699,2025-06-02T17:46:21.000,Noise - Street/Sidewalk,40.72224262420917,-73.99700203815415
65138097,2025-06-02T17:35:32.000,Noise - Street/Sidewalk,40.72365890552917,-73.99651132284738
65141449,2025-06-02T17:01:53.000,Noise - Vehicle,40.7279049739389,-73.99466743187732
65140475,2025-06-02T16:53:25.000,Noise - Street/Sidewalk,40.722300267171406,-73.99712108830063
65139133,2025-06-02T16:38:39.000,Noise - Commercial,40.71872911078678,-73.99224755670346
65141624,2025-06-02T16:28:19.000,Noise - Street/Sidewalk,40.722346931322086,-73.99725456975291
65133941,2025-06-02T02:01:28.000,Noise - Street/Sidewalk,40.72331008108801,-74.0082147635032
65129930,2025-06-02T01:33:56.000,Noise - Street/Sidewalk,40.72335417093487,-73.99475798890808
65130640,2025-06-02T00:49:51.000,Noise - Vehicle,40.722399083510254,-73.99733032855106
65129797,2025-06-02T00:47:07.000,Noise - Street/Sidewalk,40.727520457908696,-73.9907239827111
65133401,2025-06-02T00:40:34.000,Noise - Street/Sidewalk,40.72772635448722,-73.9912326753592
65130734,2025-06-01T23:05:20.000,Noise - Commercial,40.72228652364041,-74.00358240442132
65128422,2025-06-01T22:31:41.000,Noise - Commercial,40.72257197725354,-74.00362210417377
65131036,2025-06-01T19:35:11.000,Noise - Street/Sidewalk,40.72437808482715,-73.99988815909121
65131037,2025-06-01T19:31:46.000,Noise - Street/Sidewalk,40.72501486781939,-74.00042211326972
65125215,2025-06-01T16:31:40.000,Noise - Street/Sidewalk,40.72179252277204,-73.9998520871173
65128435,2025-06-01T16:22:19.000,Noise - Commercial,40.71757069164552,-73.9905053159014
65132123,2025-06-01T15:43:05.000,Noise - Street/Sidewalk,40.72180622044734,-73.99754320258944
65132216,2025-06-01T15:40:05.000,Noise - Street/Sidewalk,40.72709508452844,-73.99155386314432
65129788,2025-06-01T15:12:13.000,Noise - Street/Sidewalk,40.721520767303616,-73.99762618829345
65127320,2025-06-01T15:08:56.000,Noise - Commercial,40.71965147022583,-73.9943073407094
65128437,2025-06-01T14:42:17.000,Noise - Commercial,40.72038440901295,-73.99651870936263
65128739,2025-06-01T14:14:09.000,Noise - Vehicle,40.721375319366416,-74.00021645652211
65128421,2025-06-01T13:41:41.000,Noise - Commercial,40.72433128539028,-73.99435023418445
65126353,2025-06-01T13:19:26.000,Noise - Street/Sidewalk,40.721375319366416,-74.00021645652211
65132150,2025-06-01T13:11:12.000,Noise - Street/Sidewalk,40.72132042408795,-74.00026696282403
65127321,2025-06-01T12:39:15.000,Noise - Commercial,40.71965147022583,-73.9943073407094
65126280,2025-06-01T12:26:15.000,Noise - Street/Sidewalk,40.71653629026845,-73.99794741968182
65133104,2025-06-01T12:16:12.000,Noise - Commercial,40.72627452235909,-73.9933903749743
65125201,2025-06-01T10:15:51.000,Noise - Street/Sidewalk,40.72180622044734,-73.99754320258944
65127161,2025-06-01T04:43:47.000,Noise - Commercial,40.72401296921459,-73.99619382218174
65130747,2025-06-01T04:30:22.000,Noise - Commercial,40.72401296921459,-73.99619382218174
65127591,2025-06-01T04:26:38.000,Noise - Street/Sidewalk,40.72461681752705,-73.99624429667264
65129447,2025-06-01T02:16:10.000,Noise - Commercial,40.72671109521736,-74.00276364952728
65128415,2025-06-01T01:55:46.000,Noise - Commercial,40.71648964762977,-73.99995310452468
65118291,2025-06-01T01:44:48.000,Noise - Commercial,40.72832504382953,-73.99945880225974
65115887,2025-06-01T01:31:48.000,Noise - Street/Sidewalk,40.72842385586966,-73.99967888886464
65124351,2025-06-01T01:30:14.000,Noise - Commercial,40.72879439653422,-73.99935055813754
65115534,2025-06-01T00:37:15.000,Noise - Street/Sidewalk,40.72747391687811,-73.992354777559
65115231,2025-06-01T00:35:24.000,Noise - Commercial,40.72374669627988,-74.00466119629756
65117683,2025-05-31T23:58:26.000,Noise - Commercial,40.71715643964392,-73.99347785633043
65117688,2025-05-31T23:37:33.000,Noise - Commercial,40.71965147022583,-73.9943073407094
65123754,2025-05-31T23:13:14.000,Noise - Commercial,40.72960684303375,-74.00083346055158
65116487,2025-05-31T23:06:21.000,Noise - Commercial,40.72965899371875,-74.00078655646078
65121573,2025-05-31T23:05:25.000,Noise - Street/Sidewalk,40.71807035293164,-73.992020365249
65122548,2025-05-31T23:04:06.000,Noise - Commercial,40.72993620950281,-74.00128808176443
65118865,2025-05-31T23:00:08.000,Noise - Commercial,40.72879439653422,-73.99935055813754
65117658,2025-05-31T22:59:31.000,Noise - Commercial,40.72428175147285,-74.00783967560663
65123750,2025-05-31T22:59:25.000,Noise - Commercial,40.72124893316328,-73.99458138200244
65121547,2025-05-31T22:13:48.000,Noise - Street/Sidewalk,40.71605840306777,-73.99145425673682
65116319,2025-05-31T22:09:33.000,Noise - Commercial,40.72671109521736,-74.00276364952728
65121276,2025-05-31T21:45:11.000,Noise - Commercial,40.72671109521736,-74.00276364952728
65121287,2025-05-31T21:31:29.000,Noise - Commercial,40.72671109521736,-74.00276364952728
65121306,2025-05-31T20:09:53.000,Noise - Commercial,40.72005233425443,-74.00163060676425
65117660,2025-05-31T20:08:33.000,Noise - Commercial,40.72446285192689,-74.00859011428872
65115233,2025-05-31T19:52:20.000,Noise - Commercial,40.72308227890896,-74.0080343503678
65121294,2025-05-31T19:46:21.000,Noise - Commercial,40.72428175147285,-74.00783967560663
65121580,2025-05-31T19:38:56.000,Noise - Street/Sidewalk,40.72121063348619,-74.0003607599787
65117666,2025-05-31T19:19:09.000,Noise - Commercial,40.72423783510666,-74.00784327820415
65115227,2025-05-31T18:53:33.000,Noise - Commercial,40.72428175147285,-74.00783967560663
65121312,2025-05-31T18:43:08.000,Noise - Commercial,40.72005233425443,-74.00163060676425
65115530,2025-05-31T18:40:47.000,Noise - Street/Sidewalk,40.71879796465334,-73.99754692094857
65120060,2025-05-31T18:33:53.000,Noise - Commercial,40.72423783510666,-74.00784327820415
65122531,2025-05-31T18:26:19.000,Noise - Commercial,40.72428175147285,-74.00783967560663
65122527,2025-05-31T18:15:02.000,Noise - Commercial,40.72428175147285,-74.00783967560663
65117692,2025-05-31T17:05:00.000,Noise - Commercial,40.720005674639815,-74.00153680972402
65123725,2025-05-31T15:46:53.000,Noise - Commercial,40.72428175147285,-74.00783967560663
65123723,2025-05-31T15:14:33.000,Noise - Commercial,40.72428175147285,-74.00783967560663
65123713,2025-05-31T10:56:25.000,Noise - Commercial,40.72678792827488,-74.00350327256554
65124030,2025-05-31T02:53:24.000,Noise - Street/Sidewalk,40.71648964762977,-73.99995310452468
65121608,2025-05-31T01:55:29.000,Noise - Street/Sidewalk,40.71812524637479,-73.99199510664727
65113733,2025-05-30T23:43:34.000,Noise - Commercial,40.72671109521736,-74.00276364952728
65103673,2025-05-30T23:13:11.000,Noise - Commercial,40.72879439653422,-73.99935055813754
65112294,2025-05-30T23:04:52.000,Noise - Commercial,40.71756531132748,-73.99193745545756
65109610,2025-05-30T21:45:40.000,Noise - Street/Sidewalk,40.720911068855344,-73.99056616894214
65105116,2025-05-30T21:44:15.000,Noise - Commercial,40.717872604455565,-73.99037540580335
65113752,2025-05-30T21:20:34.000,Noise - Commercial,40.72671109521736,-74.00276364952728
65112116,2025-05-30T17:35:37.000,Noise - Vehicle,40.7225801509742,-74.00520226579755
65109229,2025-05-30T16:48:09.000,Noise - Vehicle,40.72368353856454,-74.0053141916722
65114011,2025-05-30T16:38:19.000,Noise - Street/Sidewalk,40.71961867149901,-74.00073593277754
65112474,2025-05-30T15:47:56.000,Noise - Street/Sidewalk,40.71653629026845,-73.99794741968182
65108182,2025-05-30T15:18:22.000,Noise - Street/Sidewalk,40.72115299339735,-74.00040765842338
65103680,2025-05-30T15:16:20.000,Noise - Commercial,40.71875094781333,-73.99062058669739
65103902,2025-05-30T14:03:18.000,Noise - Street/Sidewalk,40.72283278152839,-73.99895737828446
65105309,2025-05-30T00:21:20.000,Noise - Street/Sidewalk,40.72885752646095,-74.00054481007854
65109599,2025-05-30T00:12:20.000,Noise - Street/Sidewalk,40.72855834935655,-73.99997474401702
65106529,2025-05-29T23:21:11.000,Noise - Commercial,40.72795723093423,-74.00196994890165
65113743,2025-05-29T23:09:28.000,Noise - Commercial,40.72374669627988,-74.00466119629756
65103930,2025-05-29T22:50:36.000,Noise - Street/Sidewalk,40.727350654273856,-74.00073962609699
65101607,2025-05-29T22:42:33.000,Noise - Street/Sidewalk,40.727350654273856,-74.00073962609699
65095210,2025-05-29T22:26:29.000,Noise - Street/Sidewalk,40.71992848542725,-73.99107136228146
65099031,2025-05-29T22:22:18.000,Noise - Commercial,40.72605227422896,-73.99490930687497
65099058,2025-05-29T21:53:15.000,Noise - Street/Sidewalk,40.71690935075178,-74.00751414541088
65094732,2025-05-29T17:25:10.000,Noise - Street/Sidewalk,40.716484140395096,-73.99797988738347
65094489,2025-05-29T16:57:41.000,Noise - Vehicle,40.72332399353849,-74.00490288358404
65102460,2025-05-29T04:17:05.000,Noise - Street/Sidewalk,40.71708794176271,-74.00382742661363
65088805,2025-05-28T22:10:25.000,Noise - Commercial,40.7277702675581,-74.00880701792224
65091118,2025-05-28T20:58:29.000,Noise - Street/Sidewalk,40.71610812583315,-73.9998484924085
65088891,2025-05-28T19:34:02.000,Noise - Street/Sidewalk,40.720911068855344,-73.99056616894214
65085352,2025-05-28T18:42:36.000,Noise - Vehicle,40.72368630925832,-74.00471891581489
65092059,2025-05-28T18:17:53.000,Noise - Vehicle,40.72676873218704,-74.00288271263989
65089914,2025-05-28T18:15:49.000,Noise - Commercial,40.717848033845705,-73.99211418472873
65084183,2025-05-28T17:26:25.000,Noise - Vehicle,40.72720788095165,-74.00333733011755
65088704,2025-05-28T17:02:44.000,Noise - Vehicle,40.72332131117144,-74.00310984950553
65084363,2025-05-28T12:11:45.000,Noise - Street/Sidewalk,40.71943474452872,-74.00264790768674
65084294,2025-05-28T05:57:04.000,Noise - Commercial,40.727578228986246,-73.99252794692856
65076614,2025-05-28T00:11:58.000,Noise - Vehicle,40.71812524637479,-73.99199510664727
65075236,2025-05-28T00:07:14.000,Noise - Street/Sidewalk,40.72042832901015,-74.00335142086354
65079112,2025-05-28T00:00:22.000,Noise - Street/Sidewalk,40.71807035293164,-73.992020365249
65075731,2025-05-27T23:56:05.000,Noise - Street/Sidewalk,40.72638985199151,-73.99432480450004
65077871,2025-05-27T23:53:57.000,Noise - Street/Sidewalk,40.71807035293164,-73.992020365249
65080473,2025-05-27T23:22:44.000,Noise - Street/Sidewalk,40.71622613558779,-73.99813861772301
65077067,2025-05-27T23:09:54.000,Noise - Street/Sidewalk,40.72403183460069,-73.99027349922211
65076469,2025-05-27T22:54:27.000,Noise - Commercial,40.71733209914747,-73.99338765439448
65077773,2025-05-27T21:27:07.000,Noise - Commercial,40.72788302506925,-73.99486947945023
65075267,2025-05-27T20:22:50.000,Noise - Street/Sidewalk,40.71605840306777,-73.99145425673682
65082976,2025-05-27T19:44:55.000,Noise - Commercial,40.71872911078678,-73.99224755670346
65083091,2025-05-27T18:59:49.000,Noise - Street/Sidewalk,40.7201703703943,-74.00010461876086
65083092,2025-05-27T18:53:27.000,Noise - Street/Sidewalk,40.7201703703943,-74.00010461876086
65077857,2025-05-27T17:16:22.000,Noise - Street/Sidewalk,40.72081227275736,-73.9907537769954
65080250,2025-05-27T04:24:25.000,Noise - Vehicle,40.71812511051327,-73.99023467946085
65070173,2025-05-26T23:34:16.000,Noise - Commercial,40.72374669627988,-74.00466119629756
65068162,2025-05-26T23:33:51.000,Noise - Street/Sidewalk,40.72175916328886,-73.99013674098215
65071746,2025-05-26T23:27:10.000,Noise - Vehicle,40.72214073994466,-73.99080409978919
65068174,2025-05-26T23:26:30.000,Noise - Street/Sidewalk,40.72081225960552,-73.99059143597627
65064581,2025-05-26T23:15:33.000,Noise - Street/Sidewalk,40.72168231128711,-73.99015118285723
65066880,2025-05-26T22:51:21.000,Noise - Street/Sidewalk,40.72081225960552,-73.99059143597627
65072757,2025-05-26T22:31:56.000,Noise - Street/Sidewalk,40.72335386095083,-73.99005713522054
65068117,2025-05-26T22:08:30.000,Noise - Street/Sidewalk,40.72113338299776,-73.99042904883964
65064657,2025-05-26T20:04:13.000,Noise - Street/Sidewalk,40.729540971769865,-73.99981598941078
65064630,2025-05-26T18:46:22.000,Noise - Street/Sidewalk,40.72329094214509,-73.99290362970383
65067814,2025-05-26T17:44:47.000,Noise - Commercial,40.7185204568837,-73.99150805286503
65066633,2025-05-26T17:20:29.000,Noise - Commercial,40.7185204568837,-73.99150805286503
65071609,2025-05-26T17:09:54.000,Noise - Street/Sidewalk,40.72302216843563,-73.99881306740762
65065475,2025-05-26T15:53:31.000,Noise - Commercial,40.7185204568837,-73.99150805286503
65064273,2025-05-26T15:47:51.000,Noise - Commercial,40.7185204568837,-73.99150805286503
65072483,2025-05-26T15:43:08.000,Noise - Commercial,40.7185204568837,-73.99150805286503
65068888,2025-05-26T14:24:44.000,Noise - Vehicle,40.71955003644191,-73.99794011184672
65069248,2025-05-26T14:00:12.000,Noise - Street/Sidewalk,40.72566810369336,-74.00198431259882
65070178,2025-05-26T13:02:12.000,Noise - Commercial,40.7185204568837,-73.99150805286503
65066638,2025-05-26T13:00:24.000,Noise - Commercial,40.72566810369336,-74.00198431259882
65064627,2025-05-26T12:45:52.000,Noise - Street/Sidewalk,40.72566810369336,-74.00198431259882
65070463,2025-05-26T12:14:49.000,Noise - Street/Sidewalk,40.72566810369336,-74.00198431259882
65065463,2025-05-26T09:10:14.000,Noise - Commercial,40.72094153195767,-73.99483754554643
65059699,2025-05-26T01:04:36.000,Noise - Commercial,40.71872911078678,-73.99224755670346
65061179,2025-05-25T22:52:50.000,Noise - Street/Sidewalk,40.727350654273856,-74.00073962609699
65063471,2025-05-25T22:48:01.000,Noise - Street/Sidewalk,40.727350654273856,-74.00073962609699
65058960,2025-05-25T22:20:39.000,Noise - Street/Sidewalk,40.727350654273856,-74.00073962609699
65063456,2025-05-25T21:45:08.000,Noise - Street/Sidewalk,40.71974486986915,-73.99619406592797
65058589,2025-05-25T21:28:44.000,Noise - Commercial,40.72670555788133,-73.99568134698426
65055280,2025-05-25T20:44:33.000,Noise - Commercial,40.72072740449431,-74.00591642075743
65058577,2025-05-25T20:17:28.000,Noise - Commercial,40.72428175147285,-74.00783967560663
65059693,2025-05-25T19:31:09.000,Noise - Commercial,40.72581331433994,-73.99199057532017
65063442,2025-05-25T19:28:18.000,Noise - Street/Sidewalk,40.71965147022583,-73.9943073407094
65060855,2025-05-25T19:07:32.000,Noise - Commercial,40.72116927586569,-74.00655861234907
65061999,2025-05-25T19:03:37.000,Noise - Commercial,40.72428175147285,-74.00783967560663
65058557,2025-05-25T18:41:22.000,Noise - Commercial,40.72428175147285,-74.00783967560663
65056375,2025-05-25T18:18:31.000,Noise - Commercial,40.72428175147285,-74.00783967560663
65063113,2025-05-25T17:01:40.000,Noise - Commercial,40.72536065090951,-74.00362586356697
65058858,2025-05-25T16:19:29.000,Noise - Street/Sidewalk,40.71879796465334,-73.99754692094857
65062345,2025-05-25T13:35:19.000,Noise - Street/Sidewalk,40.729779415172615,-73.99101592142215
65057742,2025-05-25T11:30:22.000,Noise - Street/Sidewalk,40.71919596229167,-74.0020706996822
65063133,2025-05-25T08:58:27.000,Noise - Commercial,40.72265430670373,-73.99597743910044
65058950,2025-05-25T04:16:23.000,Noise - Street/Sidewalk,40.72879439753808,-74.000436569252
65058951,2025-05-25T04:13:15.000,Noise - Street/Sidewalk,40.7289892756752,-74.00028503365098
65058603,2025-05-25T03:23:18.000,Noise - Commercial,40.71751305406181,-73.99053418330956
65049793,2025-05-25T01:17:20.000,Noise - Commercial,40.72278580895784,-73.99146421714836
65048509,2025-05-25T00:56:05.000,Noise - Commercial,40.72124879892257,-73.9922364408022
65049784,2025-05-25T00:55:07.000,Noise - Commercial,40.725802211233166,-73.9903706527378
65050149,2025-05-25T00:49:58.000,Noise - Vehicle,40.72675228018975,-74.00212144507339
65047785,2025-05-25T00:16:19.000,Noise - Vehicle,40.72071069014837,-73.99042910954131
65051281,2025-05-25T00:14:24.000,Noise - Vehicle,40.72071069014837,-73.99042910954131
65046335,2025-05-24T22:47:51.000,Noise - Commercial,40.71631357249486,-73.99027823289293
65050952,2025-05-24T22:05:44.000,Noise - Commercial,40.72064457717895,-74.01210700209393
65054175,2025-05-24T20:33:42.000,Noise - Commercial,40.72072740449431,-74.00591642075743
65046574,2025-05-24T20:31:51.000,Noise - Street/Sidewalk,40.7179498438578,-73.99807002854102
65048649,2025-05-24T18:09:10.000,Noise - Commercial,40.7185204568837,-73.99150805286503
65054189,2025-05-24T17:23:58.000,Noise - Commercial,40.7185204568837,-73.99150805286503
65053401,2025-05-24T16:17:46.000,Noise - Vehicle,40.71681350763569,-73.99776343569359
65049680,2025-05-24T15:59:45.000,Noise - Vehicle,40.72579709959914,-73.99761160457604
65048662,2025-05-24T15:49:01.000,Noise - Commercial,40.7185204568837,-73.99150805286503
65050969,2025-05-24T15:23:47.000,Noise - Commercial,40.7185204568837,-73.99150805286503
65051173,2025-05-24T15:06:28.000,Noise - Street/Sidewalk,40.72192109565006,-73.99003931078362
65053369,2025-05-24T15:01:06.000,Noise - Street/Sidewalk,40.72373576197464,-73.99661955091854
65050946,2025-05-24T14:53:18.000,Noise - Commercial,40.7185204568837,-73.99150805286503
65047727,2025-05-24T14:15:38.000,Noise - Street/Sidewalk,40.716849191969,-73.99789329958993
65052275,2025-05-24T13:52:25.000,Noise - Street/Sidewalk,40.72211640362334,-73.9995887280348
65050097,2025-05-24T13:50:35.000,Noise - Street/Sidewalk,40.72645844237916,-73.99377279242452
65050961,2025-05-24T12:40:13.000,Noise - Commercial,40.7185204568837,-73.99150805286503
65048864,2025-05-24T12:33:47.000,Noise - Street/Sidewalk,40.72042832901015,-74.00335142086354
65054186,2025-05-24T12:18:10.000,Noise - Commercial,40.7185204568837,-73.99150805286503
65052018,2025-05-24T12:13:55.000,Noise - Commercial,40.7185204568837,-73.99150805286503
65048622,2025-05-24T11:32:43.000,Noise - Commercial,40.71823767392719,-73.99057376222378
65053287,2025-05-24T09:36:31.000,Noise - Street/Sidewalk,40.716849191969,-73.99789329958993
65051271,2025-05-24T05:36:00.000,Noise - Street/Sidewalk,40.727350654273856,-74.00073962609699
65046638,2025-05-24T02:56:46.000,Noise - Street/Sidewalk,40.72823707605127,-73.99438598284803
65041840,2025-05-24T01:47:13.000,Noise - Street/Sidewalk,40.7204750314471,-73.99870849353105
65039887,2025-05-24T00:43:17.000,Noise - Commercial,40.72090022730027,-73.99242768330566
65038807,2025-05-24T00:40:44.000,Noise - Vehicle,40.72073280267493,-73.99251428410267
65039891,2025-05-24T00:37:01.000,Noise - Commercial,40.72671109521736,-74.00276364952728
65041176,2025-05-24T00:30:40.000,Noise - Commercial,40.72090022730027,-73.99242768330566
65037334,2025-05-24T00:29:35.000,Noise - Commercial,40.72016177866853,-73.99092702930629
65040085,2025-05-24T00:08:38.000,Noise - Vehicle,40.7213175945462,-73.9955734679552
65037335,2025-05-24T00:00:27.000,Noise - Commercial,40.72016177866853,-73.99092702930629
65045101,2025-05-23T23:58:57.000,Noise - Commercial,40.720875751124346,-73.99773083113573
65037339,2025-05-23T23:52:01.000,Noise - Commercial,40.72016177866853,-73.99092702930629
65038599,2025-05-23T23:29:45.000,Noise - Commercial,40.72016177866853,-73.99092702930629
65045104,2025-05-23T22:50:57.000,Noise - Commercial,40.72090022730027,-73.99242768330566
65043838,2025-05-23T22:49:53.000,Noise - Commercial,40.71631908276552,-74.00947286179263
65042704,2025-05-23T22:49:49.000,Noise - Street/Sidewalk,40.72842385586966,-73.99967888886464
65040047,2025-05-23T22:47:44.000,Noise - Street/Sidewalk,40.72832504382953,-73.99945880225974
65044001,2025-05-23T22:43:22.000,Noise - Street/Sidewalk,40.72842385586966,-73.99967888886464
65036257,2025-05-23T21:54:14.000,Noise - Street/Sidewalk,40.72879439753808,-74.000436569252
65038622,2025-05-23T16:55:12.000,Noise - Commercial,40.727751380570446,-74.00155502812063
65042699,2025-05-23T16:49:50.000,Noise - Street/Sidewalk,40.716849191969,-73.99789329958993
65038805,2025-05-23T16:25:22.000,Noise - Vehicle,40.7225555571259,-74.00140338463756
65038616,2025-05-23T16:07:45.000,Noise - Commercial,40.727751380570446,-74.00155502812063
65042689,2025-05-23T15:47:32.000,Noise - Street/Sidewalk,40.71653629026845,-73.99794741968182
65041019,2025-05-23T15:45:17.000,Noise - Vehicle,40.72676873218704,-74.00288271263989
65042395,2025-05-23T15:37:55.000,Noise - Vehicle,40.72130394888232,-73.99873373070172
65037204,2025-05-23T15:37:52.000,Noise - Vehicle,40.72132560231358,-74.00847065892565
65045115,2025-05-23T14:52:19.000,Noise - Commercial,40.72265430670373,-73.99597743910044
65044003,2025-05-23T14:46:25.000,Noise - Vehicle,40.72270377885635,-73.99906921840166
65041343,2025-05-23T05:02:01.000,Noise - Street/Sidewalk,40.72597815182637,-73.99460264461732
65038762,2025-05-23T04:53:23.000,Noise - Street/Sidewalk,40.72598638694123,-73.99462068324198
65041369,2025-05-23T01:20:55.000,Noise - Street/Sidewalk,40.72807801249623,-74.00102466392316
65027861,2025-05-23T00:28:24.000,Noise - Street/Sidewalk,40.71648964762977,-73.99995310452468
65034277,2025-05-22T23:42:33.000,Noise - Street/Sidewalk,40.71807035293164,-73.992020365249
65032539,2025-05-22T23:28:58.000,Noise - Commercial,40.72374669627988,-74.00466119629756
65032595,2025-05-22T23:12:16.000,Noise - Commercial,40.72671109521736,-74.00276364952728
65033996,2025-05-22T21:45:13.000,Noise - Vehicle,40.72337619975635,-74.0033443536729
65034263,2025-05-22T21:04:34.000,Noise - Commercial,40.717872604455565,-73.99037540580335
65031757,2025-05-22T21:02:22.000,Noise - Vehicle,40.72136674047039,-74.00891079236138
65027240,2025-05-22T20:08:45.000,Noise - Vehicle,40.71985440272916,-74.0085895203129
65027239,2025-05-22T19:42:00.000,Noise - Vehicle,40.72179771520776,-74.00827229919403
65027199,2025-05-22T18:32:20.000,Noise - Vehicle,40.721421678607655,-74.00833718952143
65029312,2025-05-22T18:13:35.000,Noise - Vehicle,40.72671109521736,-74.00276364952728
65027241,2025-05-22T18:01:10.000,Noise - Vehicle,40.72376319578811,-74.00382059450499
65032852,2025-05-22T17:27:59.000,Noise - Vehicle,40.72130394888232,-73.99873373070172
65032059,2025-05-22T17:19:15.000,Noise - Street/Sidewalk,40.721594900255305,-74.00000721524118
65035054,2025-05-22T16:22:30.000,Noise - Vehicle,40.72720788095165,-74.00333733011755
65033997,2025-05-22T15:48:16.000,Noise - Vehicle,40.72337619975635,-74.0033443536729
65019107,2025-05-21T23:08:17.000,Noise - Street/Sidewalk,40.72320872432898,-73.99535327216077
65020244,2025-05-21T22:34:09.000,Noise - Commercial,40.72164427479085,-73.99732314354031
65022620,2025-05-21T21:25:23.000,Noise - Commercial,40.721657998499445,-73.9973195353651
65017756,2025-05-21T19:21:23.000,Noise - Commercial,40.717848033845705,-73.99211418472873
65025027,2025-05-21T18:33:42.000,Noise - Street/Sidewalk,40.724377985199006,-73.99520887978339
65023361,2025-05-21T15:35:24.000,Noise - Vehicle,40.72368353856454,-74.0053141916722
65009941,2025-05-21T00:40:54.000,Noise - Street/Sidewalk,40.72320872432898,-73.99535327216077
65016627,2025-05-21T00:25:06.000,Noise - Commercial,40.72747391687811,-73.992354777559
65013903,2025-05-20T23:46:30.000,Noise - Commercial,40.72374669627988,-74.00466119629756
65015334,2025-05-20T22:57:05.000,Noise - Commercial,40.71911350806538,-73.99452744332153
65008458,2025-05-20T22:42:49.000,Noise - Street/Sidewalk,40.71880866483587,-73.99161984770691
65009894,2025-05-20T22:28:53.000,Noise - Commercial,40.72391970859451,-74.0006385711193
65014037,2025-05-20T21:45:57.000,Noise - Street/Sidewalk,40.72191053905841,-73.9986074518579
65008384,2025-05-20T21:29:26.000,Noise - Commercial,40.721976009645886,-73.99025936869197
65006710,2025-05-20T13:57:13.000,Noise - Street/Sidewalk,40.7202938249859,-74.00370495401587
65015347,2025-05-20T12:18:33.000,Noise - Street/Sidewalk,40.72986178972995,-73.99143444622271
65015287,2025-05-20T12:16:32.000,Noise - Street/Sidewalk,40.72972456154604,-73.99156435404805
65009926,2025-05-20T12:14:45.000,Noise - Street/Sidewalk,40.72843734692945,-73.99267217023915
65014043,2025-05-20T12:14:43.000,Noise - Street/Sidewalk,40.72843734692945,-73.99267217023915
65006536,2025-05-20T01:55:22.000,Noise - Commercial,40.72682331435148,-74.00896564053643
65000121,2025-05-19T22:50:20.000,Noise - Street/Sidewalk,40.71997252866537,-73.99289676796991
64995898,2025-05-19T22:48:36.000,Noise - Street/Sidewalk,40.71880866483587,-73.99161984770691
65001454,2025-05-19T22:20:40.000,Noise - Street/Sidewalk,40.7243725952891,-73.99986651247471
65000134,2025-05-19T21:29:02.000,Noise - Vehicle,40.71960220287373,-74.00074675513389
65000146,2025-05-19T20:37:46.000,Noise - Street/Sidewalk,40.71966258700926,-74.00082972867828
64997637,2025-05-19T01:32:43.000,Noise - Vehicle,40.7195443602433,-73.99312769421807
65003390,2025-05-19T01:02:16.000,Noise - Vehicle,40.7195443602433,-73.99312769421807
64992509,2025-05-18T23:37:03.000,Noise - Commercial,40.71821571021688,-73.99050522401382
64991685,2025-05-18T23:27:39.000,Noise - Street/Sidewalk,40.71821571021688,-73.99050522401382
64992612,2025-05-18T23:25:51.000,Noise - Commercial,40.71821571021688,-73.99050522401382
64987214,2025-05-18T22:24:04.000,Noise - Commercial,40.72682331435148,-74.00896564053643
64993760,2025-05-18T22:21:47.000,Noise - Street/Sidewalk,40.71720016522856,-73.99070377473507
64991613,2025-05-18T21:58:20.000,Noise - Commercial,40.72678792827488,-74.00350327256554
64992653,2025-05-18T19:43:34.000,Noise - Commercial,40.7281548671045,-73.99915212570546
64990437,2025-05-18T17:34:36.000,Noise - Commercial,40.72094153195767,-73.99483754554643
64988258,2025-05-18T17:13:48.000,Noise - Commercial,40.7185204568837,-73.99150805286503
64987170,2025-05-18T16:09:13.000,Noise - Commercial,40.7185204568837,-73.99150805286503
64992558,2025-05-18T15:55:13.000,Noise - Commercial,40.7185204568837,-73.99150805286503
64991497,2025-05-18T15:22:18.000,Noise - Commercial,40.7185204568837,-73.99150805286503
64989373,2025-05-18T15:19:48.000,Noise - Commercial,40.71807019769246,-73.99002906400655
64987226,2025-05-18T15:18:11.000,Noise - Commercial,40.7185204568837,-73.99150805286503
64988259,2025-05-18T15:11:09.000,Noise - Commercial,40.7185204568837,-73.99150805286503
64988429,2025-05-18T14:59:09.000,Noise - Commercial,40.7185204568837,-73.99150805286503
64991554,2025-05-18T14:26:17.000,Noise - Commercial,40.7185204568837,-73.99150805286503
64991609,2025-05-18T13:14:59.000,Noise - Commercial,40.7185204568837,-73.99150805286503
64990647,2025-05-18T13:01:18.000,Noise - Street/Sidewalk,40.71826549356505,-73.99821431701564
64987149,2025-05-18T12:34:19.000,Noise - Commercial,40.7185204568837,-73.99150805286503
64991485,2025-05-18T12:29:59.000,Noise - Street/Sidewalk,40.7242353361815,-73.99778483319649
64992499,2025-05-18T11:39:08.000,Noise - Commercial,40.7185204568837,-73.99150805286503
64989542,2025-05-18T11:30:16.000,Noise - Commercial,40.7185204568837,-73.99150805286503
64990441,2025-05-18T11:24:56.000,Noise - Commercial,40.7185204568837,-73.99150805286503
64992559,2025-05-18T11:14:30.000,Noise - Commercial,40.7185204568837,-73.99150805286503
64985519,2025-05-18T03:16:28.000,Noise - Commercial,40.71911350806538,-73.99452744332153
64985965,2025-05-18T02:28:03.000,Noise - Commercial,40.72083457822425,-73.99765507336949
64986221,2025-05-18T01:52:51.000,Noise - Vehicle,40.71997252866537,-73.99289676796991
64973785,2025-05-18T01:34:27.000,Noise - Street/Sidewalk,40.71948672201727,-73.99315656021322
64978567,2025-05-18T01:31:24.000,Noise - Street/Sidewalk,40.71948672201727,-73.99315656021322
64978733,2025-05-18T01:16:35.000,Noise - Street/Sidewalk,40.72371101014626,-74.00476581812079
64976801,2025-05-18T00:40:05.000,Noise - Commercial,40.72374669627988,-74.00466119629756
64981439,2025-05-18T00:09:41.000,Noise - Street/Sidewalk,40.71807035293164,-73.992020365249
64977475,2025-05-17T23:37:02.000,Noise - Commercial,40.72060636588488,-73.99015134185616
64977827,2025-05-17T23:30:13.000,Noise - Commercial,40.725802211233166,-73.9903706527378
64982955,2025-05-17T23:17:07.000,Noise - Commercial,40.72124893316328,-73.99458138200244
64976199,2025-05-17T23:10:25.000,Noise - Street/Sidewalk,40.71746675224576,-73.99737020748434
64972141,2025-05-17T23:01:05.000,Noise - Commercial,40.72671109521736,-74.00276364952728
64979518,2025-05-17T22:37:17.000,Noise - Street/Sidewalk,40.7229342627942,-74.00427872400697
64976297,2025-05-17T22:33:42.000,Noise - Street/Sidewalk,40.72303582202572,-74.00419214576108
64981199,2025-05-17T22:28:02.000,Noise - Street/Sidewalk,40.72286838752501,-74.00430758129387
64981520,2025-05-17T21:37:00.000,Noise - Street/Sidewalk,40.72644196971636,-73.99369702842091
64984073,2025-05-17T21:24:31.000,Noise - Commercial,40.72314842994424,-74.00089471076167
64982956,2025-05-17T20:59:14.000,Noise - Commercial,40.71965147022583,-73.9943073407094
64977365,2025-05-17T20:16:11.000,Noise - Vehicle,40.72360674743683,-73.99626599997192
64978157,2025-05-17T20:04:57.000,Noise - Commercial,40.72671109521736,-74.00276364952728
64984677,2025-05-17T19:57:36.000,Noise - Street/Sidewalk,40.72304961798252,-74.0009776865198
64981498,2025-05-17T17:49:08.000,Noise - Street/Sidewalk,40.71893520107021,-73.99747476636496
64984102,2025-05-17T17:25:11.000,Noise - Vehicle,40.72198191081811,-73.99970417339394
64982327,2025-05-17T12:44:35.000,Noise - Commercial,40.72401296921459,-73.99619382218174
64984678,2025-05-17T12:14:04.000,Noise - Street/Sidewalk,40.719017550102805,-74.00222220834445
64982341,2025-05-17T11:23:29.000,Noise - Vehicle,40.72141905783425,-73.9936000979575
64978210,2025-05-17T05:17:13.000,Noise - Street/Sidewalk,40.72976603974209,-74.00069996421334
64972714,2025-05-17T04:47:12.000,Noise - Commercial,40.72090022730027,-73.99242768330566
64978185,2025-05-17T02:12:18.000,Noise - Street/Sidewalk,40.726815067611504,-73.99087561283214
64982883,2025-05-17T01:42:53.000,Noise - Street/Sidewalk,40.72113887431246,-73.99045069362657
64983199,2025-05-17T01:34:07.000,Noise - Vehicle,40.72380707815423,-74.00472974758733
64980634,2025-05-17T01:32:23.000,Noise - Commercial,40.72199557880803,-73.99640318064876
64979677,2025-05-17T01:23:53.000,Noise - Commercial,40.716264238876384,-73.99117285844368
64979392,2025-05-17T01:12:37.000,Noise - Commercial,40.72374669627988,-74.00466119629756
64977749,2025-05-16T23:53:15.000,Noise - Commercial,40.72136700033999,-73.99557707228202
64976100,2025-05-16T23:50:21.000,Noise - Commercial,40.72321688398667,-74.00622690468593
64979393,2025-05-16T23:37:31.000,Noise - Commercial,40.7229342174866,-73.9946389680679
64974456,2025-05-16T23:24:41.000,Noise - Commercial,40.72671109521736,-74.00276364952728
64981012,2025-05-16T23:21:48.000,Noise - Commercial,40.72124893316328,-73.99458138200244
64974998,2025-05-16T23:11:36.000,Noise - Street/Sidewalk,40.71807035293164,-73.992020365249
64979288,2025-05-16T22:46:59.000,Noise - Commercial,40.71605840306777,-73.99145425673682
64986304,2025-05-16T22:25:53.000,Noise - Commercial,40.71756531132748,-73.99193745545756
64985794,2025-05-16T22:04:30.000,Noise - Commercial,40.71603643987527,-73.9913857204777
64985866,2025-05-16T21:18:54.000,Noise - Commercial,40.71605840306777,-73.99145425673682
64985166,2025-05-16T21:16:38.000,Noise - Street/Sidewalk,40.71605840306777,-73.99145425673682
64985551,2025-05-16T21:13:00.000,Noise - Commercial,40.71609408949065,-73.99151557664997
64986525,2025-05-16T21:10:40.000,Noise - Commercial,40.71605840306777,-73.99145425673682
64986442,2025-05-16T21:08:13.000,Noise - Commercial,40.71605840306777,-73.99145425673682
64985425,2025-05-16T21:07:03.000,Noise - Street/Sidewalk,40.71609408949065,-73.99151557664997
64986172,2025-05-16T20:59:16.000,Noise - Street/Sidewalk,40.71605840306777,-73.99145425673682
64985251,2025-05-16T20:40:54.000,Noise - Vehicle,40.71985440272916,-74.0085895203129
64986186,2025-05-16T20:23:06.000,Noise - Vehicle,40.71979676197865,-74.008600335454
64985156,2025-05-16T20:13:08.000,Noise - Street/Sidewalk,40.72024990767507,-74.00374102705236
64968772,2025-05-16T19:45:18.000,Noise - Vehicle,40.72219827373225,-74.01044054852832
64970669,2025-05-16T19:25:43.000,Noise - Street/Sidewalk,40.72156153882133,-74.00988487548328
64969321,2025-05-16T18:37:05.000,Noise - Vehicle,40.72130394888232,-73.99873373070172
64971484,2025-05-16T17:43:19.000,Noise - Vehicle,40.72172086093325,-74.00828672016432
64965226,2025-05-16T17:30:37.000,Noise - Street/Sidewalk,40.71979676197865,-74.008600335454
64969259,2025-05-16T16:14:07.000,Noise - Vehicle,40.72060922028002,-74.00847056787526
64971486,2025-05-16T15:21:37.000,Noise - Vehicle,40.72733405648223,-74.00550570313953
64971739,2025-05-16T12:57:54.000,Noise - Commercial,40.72090022730027,-73.99242768330566
64966270,2025-05-16T11:59:20.000,Noise - Street/Sidewalk,40.720398138017146,-74.00330452111983
64968377,2025-05-16T10:59:44.000,Noise - Street/Sidewalk,40.72488311651021,-73.99907279576198
64969445,2025-05-16T10:36:44.000,Noise - Vehicle,40.72827563770185,-73.9993577791577
64965234,2025-05-16T06:22:16.000,Noise - Commercial,40.72126552879683,-74.00031386144
64967087,2025-05-16T04:25:54.000,Noise - Vehicle,40.72354086932721,-73.99614694870725
64968473,2025-05-16T01:54:01.000,Noise - Street/Sidewalk,40.71807035293164,-73.992020365249
64966231,2025-05-16T01:15:43.000,Noise - Street/Sidewalk,40.72021422403664,-74.00379513823721
64959326,2025-05-16T00:43:27.000,Noise - Commercial,40.72090022730027,-73.99242768330566
64952947,2025-05-16T00:22:17.000,Noise - Street/Sidewalk,40.72856109409892,-73.99993866403884
64955212,2025-05-15T23:44:52.000,Noise - Commercial,40.72671109521736,-74.00276364952728
64958712,2025-05-15T22:42:56.000,Noise - Commercial,40.72671109521736,-74.00276364952728
64960133,2025-05-15T21:19:22.000,Noise - Commercial,40.72957654135774,-74.00508735430294
64962893,2025-05-15T21:16:21.000,Noise - Street/Sidewalk,40.72957654135774,-74.00508735430294
64954573,2025-05-15T21:10:40.000,Noise - Street/Sidewalk,40.71997252866537,-73.99289676796991
64957100,2025-05-15T21:04:49.000,Noise - Commercial,40.72957654135774,-74.00508735430294
64958563,2025-05-15T20:34:31.000,Noise - Street/Sidewalk,40.72041154344543,-73.99082237616469
64957435,2025-05-15T20:33:25.000,Noise - Street/Sidewalk,40.72014273563735,-73.99343427358635
64955959,2025-05-15T20:00:37.000,Noise - Street/Sidewalk,40.72014273563735,-73.99343427358635
64955760,2025-05-15T18:02:28.000,Noise - Vehicle,40.72827563770185,-73.9993577791577
64955747,2025-05-15T16:31:02.000,Noise - Street/Sidewalk,40.72994718864504,-74.00127725775836
64962987,2025-05-15T13:27:29.000,Noise - Street/Sidewalk,40.71919596229167,-74.0020706996822
64958817,2025-05-15T11:46:42.000,Noise - Street/Sidewalk,40.71639580657501,-74.01093384507365
64955940,2025-05-15T11:15:01.000,Noise - Street/Sidewalk,40.71686228785121,-74.01220732125138
64955300,2025-05-15T08:38:21.000,Noise - Vehicle,40.7201426061923,-74.00853905186868
64960103,2025-05-15T01:44:27.000,Noise - Street/Sidewalk,40.72945039095302,-74.00096334824593
64961530,2025-05-15T00:31:16.000,Noise - Commercial,40.72651308617444,-73.99016850835531
64961328,2025-05-15T00:24:45.000,Noise - Commercial,40.71874558345745,-73.9923088817157
64962713,2025-05-14T23:53:29.000,Noise - Commercial,40.71874558345745,-73.9923088817157
64945945,2025-05-14T19:25:28.000,Noise - Vehicle,40.72172086093325,-74.00828672016432
64949413,2025-05-14T18:45:00.000,Noise - Commercial,40.717848033845705,-73.99211418472873
64945089,2025-05-14T17:56:34.000,Noise - Street/Sidewalk,40.729535470392605,-73.99833668873262
64945049,2025-05-14T09:57:59.000,Noise - Commercial,40.72682365884527,-74.00102464463626
64948185,2025-05-14T04:46:46.000,Noise - Commercial,40.72976603974209,-74.00069996421334
64934577,2025-05-13T11:59:18.000,Noise - Street/Sidewalk,40.71919596229167,-74.0020706996822
64942008,2025-05-13T11:20:48.000,Noise - Street/Sidewalk,40.718572818561526,-73.99515518523783
64941974,2025-05-13T07:21:21.000,Noise - Street/Sidewalk,40.72157275041592,-73.99335476507953
64920410,2025-05-13T00:48:59.000,Noise - Commercial,40.7281548671045,-73.99915212570546
64930490,2025-05-13T00:42:02.000,Noise - Street/Sidewalk,40.7183917448454,-73.99777420507387
64923951,2025-05-12T22:22:11.000,Noise - Street/Sidewalk,40.71965154994901,-73.99625179150337
64931269,2025-05-12T21:24:07.000,Noise - Street/Sidewalk,40.71969277855939,-74.00093434706532
64923690,2025-05-12T14:42:03.000,Noise - Street/Sidewalk,40.72488311651021,-73.99907279576198
64925358,2025-05-12T14:38:19.000,Noise - Street/Sidewalk,40.72488311651021,-73.99907279576198
64927889,2025-05-12T01:40:17.000,Noise - Street/Sidewalk,40.72443279424278,-73.99345910534618
64929722,2025-05-12T01:32:31.000,Noise - Street/Sidewalk,40.724668848267584,-73.99354566906585
64916883,2025-05-12T00:49:59.000,Noise - Vehicle,40.720911068855344,-73.99056616894214
64914043,2025-05-12T00:44:14.000,Noise - Street/Sidewalk,40.72564334896174,-74.00398666292323
64915785,2025-05-12T00:25:17.000,Noise - Vehicle,40.72564334896174,-74.00398666292323
64915362,2025-05-12T00:02:58.000,Noise - Commercial,40.71638494475146,-74.00962077203636
64917751,2025-05-11T23:02:14.000,Noise - Street/Sidewalk,40.71783181342303,-74.0022474207284
64917763,2025-05-11T21:09:07.000,Noise - Street/Sidewalk,40.71968180223744,-74.0004978373505
64915645,2025-05-11T20:35:02.000,Noise - Vehicle,40.7206506864118,-74.00196973293467
64916450,2025-05-11T20:18:37.000,Noise - Commercial,40.71874558345745,-73.9923088817157
64918672,2025-05-11T19:04:19.000,Noise - Street/Sidewalk,40.72564334896174,-74.00398666292323
64919450,2025-05-11T17:44:55.000,Noise - Commercial,40.71788945938136,-73.99808445996966
64913675,2025-05-11T09:00:48.000,Noise - Street/Sidewalk,40.723255475963896,-74.00083338112064
64914777,2025-05-11T07:39:03.000,Noise - Street/Sidewalk,40.72974400498379,-74.00426112094296
64915359,2025-05-11T05:01:14.000,Noise - Commercial,40.72468799106482,-73.99239117503917
64913683,2025-05-11T04:15:34.000,Noise - Street/Sidewalk,40.729702910209525,-74.000725219967
64913901,2025-05-11T02:28:47.000,Noise - Street/Sidewalk,40.71757069164552,-73.9905053159014
64908309,2025-05-11T01:17:14.000,Noise - Street/Sidewalk,40.72994444356584,-74.00130612228668
64907304,2025-05-11T00:37:50.000,Noise - Commercial,40.71756531132748,-73.99193745545756
64909513,2025-05-11T00:35:29.000,Noise - Street/Sidewalk,40.71793062636912,-74.00216445334866
64907949,2025-05-11T00:32:10.000,Noise - Street/Sidewalk,40.71783181342303,-74.0022474207284
64899900,2025-05-11T00:30:32.000,Noise - Commercial,40.71756531132748,-73.99193745545756
64908286,2025-05-11T00:11:42.000,Noise - Street/Sidewalk,40.71783181342303,-74.0022474207284
64901784,2025-05-10T23:49:05.000,Noise - Street/Sidewalk,40.720543616153485,-73.99690831792435
64899806,2025-05-10T23:46:46.000,Noise - Commercial,40.72063144477658,-73.99677483381788
64906481,2025-05-10T22:50:16.000,Noise - Street/Sidewalk,40.71752989384792,-74.00203096651423
64906275,2025-05-10T22:48:37.000,Noise - Commercial,40.72257197725354,-74.00362210417377
64900103,2025-05-10T22:39:15.000,Noise - Commercial,40.71902028821752,-73.99745672573498
64910209,2025-05-10T22:28:50.000,Noise - Vehicle,40.723202995922456,-73.99124770125584
64904168,2025-05-10T22:02:08.000,Noise - Commercial,40.71902028821752,-73.99745672573498
64898870,2025-05-10T21:36:00.000,Noise - Street/Sidewalk,40.71802667305119,-74.00304466876497
64901426,2025-05-10T21:34:14.000,Noise - Commercial,40.71893520107021,-73.99747476636496
64904448,2025-05-10T21:33:08.000,Noise - Commercial,40.71736516930219,-74.00361821381814
64900358,2025-05-10T21:23:06.000,Noise - Street/Sidewalk,40.71774395582696,-74.00329717470028
64898851,2025-05-10T21:12:57.000,Noise - Street/Sidewalk,40.72019231203328,-74.00194807411961
64906307,2025-05-10T20:48:40.000,Noise - Commercial,40.72005233425443,-74.00163060676425
64909323,2025-05-10T20:32:45.000,Noise - Street/Sidewalk,40.716280956547536,-74.00453441753393
64907516,2025-05-10T20:19:20.000,Noise - Commercial,40.725978270589856,-74.00133490741577
64904521,2025-05-10T20:07:08.000,Noise - Street/Sidewalk,40.7237906922821,-73.99817448383693
64907824,2025-05-10T20:01:34.000,Noise - Street/Sidewalk,40.72383460782773,-73.9981384052157
64898787,2025-05-10T19:55:29.000,Noise - Street/Sidewalk,40.72383460782773,-73.9981384052157
64905124,2025-05-10T19:34:40.000,Noise - Street/Sidewalk,40.7237906922821,-73.99817448383693
64898304,2025-05-10T19:01:59.000,Noise - Commercial,40.71965147022583,-73.9943073407094
64908289,2025-05-10T18:22:43.000,Noise - Street/Sidewalk,40.72446024017421,-74.00656975955327
64908091,2025-05-10T18:06:06.000,Noise - Street/Sidewalk,40.719519842440775,-73.99784992507324
64901733,2025-05-10T17:18:25.000,Noise - Commercial,40.71605840306777,-73.99145425673682
64903400,2025-05-10T17:15:43.000,Noise - Commercial,40.71605840306777,-73.99145425673682
64901719,2025-05-10T16:40:12.000,Noise - Street/Sidewalk,40.72257197725354,-74.00362210417377
64908165,2025-05-10T15:52:12.000,Noise - Street/Sidewalk,40.71605840306777,-73.99145425673682
64901425,2025-05-10T14:56:18.000,Noise - Commercial,40.7185204568837,-73.99150805286503
64905712,2025-05-10T14:43:06.000,Noise - Commercial,40.7185204568837,-73.99150805286503
64900380,2025-05-10T14:41:43.000,Noise - Street/Sidewalk,40.72007975856397,-74.00283191778051
64901415,2025-05-10T14:38:16.000,Noise - Commercial,40.7185204568837,-73.99150805286503
64900401,2025-05-10T14:11:48.000,Noise - Street/Sidewalk,40.72348328289088,-73.99840899424028
64909951,2025-05-10T13:54:32.000,Noise - Vehicle,40.72325272606031,-73.99862907007454
64903226,2025-05-10T13:43:08.000,Noise - Commercial,40.7185204568837,-73.99150805286503
64907726,2025-05-10T13:23:24.000,Noise - Commercial,40.7185204568837,-73.99150805286503
64898265,2025-05-10T12:48:12.000,Noise - Commercial,40.7185204568837,-73.99150805286503
64907518,2025-05-10T12:19:09.000,Noise - Commercial,40.716662143551886,-73.99011945849098
64903722,2025-05-10T10:30:44.000,Noise - Street/Sidewalk,40.71919596229167,-74.0020706996822
64898593,2025-05-10T10:25:32.000,Noise - Vehicle,40.72827563770185,-73.9993577791577
64907736,2025-05-10T09:18:49.000,Noise - Vehicle,40.71836938242169,-73.99009756072188
64909942,2025-05-10T03:30:01.000,Noise - Vehicle,40.72401296921459,-73.99619382218174
64901402,2025-05-10T03:09:43.000,Noise - Vehicle,40.72401296921459,-73.99619382218174
64903708,2025-05-10T03:02:25.000,Noise - Vehicle,40.72401296921459,-73.99619382218174
64905323,2025-05-10T03:00:55.000,Noise - Vehicle,40.723532649048565,-73.99659069941735
64901652,2025-05-10T02:04:41.000,Noise - Commercial,40.719242603448414,-73.9970274255534
64906353,2025-05-10T02:03:02.000,Noise - Street/Sidewalk,40.72959860892181,-74.00081181212525
64906354,2025-05-10T01:58:03.000,Noise - Street/Sidewalk,40.72954645822612,-74.00085871615379
64902014,2025-05-10T01:53:40.000,Noise - Street/Sidewalk,40.72959860892181,-74.00081181212525
64899819,2025-05-10T01:29:52.000,Noise - Commercial,40.72678792827488,-74.00350327256554
64907186,2025-05-10T00:19:46.000,Noise - Commercial,40.72671109521736,-74.00276364952728
64903062,2025-05-10T00:01:33.000,Noise - Commercial,40.71752715499096,-73.9983369884111
64898176,2025-05-09T23:58:46.000,Noise - Commercial,40.72144108738357,-73.99505035597431
64902849,2025-05-09T23:53:09.000,Noise - Commercial,40.72144108738357,-73.99505035597431
64900332,2025-05-09T23:35:17.000,Noise - Street/Sidewalk,40.71807035293164,-73.992020365249
64901404,2025-05-09T23:34:38.000,Noise - Commercial,40.72917289932927,-73.99203707592434
64903084,2025-05-09T23:25:03.000,Noise - Commercial,40.71763145486084,-73.99826844509361
64903405,2025-05-09T23:05:53.000,Noise - Commercial,40.71899007642863,-74.00330805878592
64942412,2025-05-09T21:16:08.000,Noise - Commercial,40.717872604455565,-73.99037540580335
64934595,2025-05-09T20:24:22.000,Noise - Commercial,40.72974400498379,-74.00426112094296
64937762,2025-05-09T19:33:55.000,Noise - Street/Sidewalk,40.71895165092902,-74.00326837462605
64934431,2025-05-09T19:29:48.000,Noise - Street/Sidewalk,40.72055732795014,-74.00351016018516
64942433,2025-05-09T19:12:40.000,Noise - Vehicle,40.72827563770185,-73.9993577791577
64939337,2025-05-09T18:59:17.000,Noise - Commercial,40.72974400498379,-74.00426112094296
64933660,2025-05-09T17:29:40.000,Noise - Vehicle,40.72443279424278,-73.99345910534618
64933763,2025-05-09T14:06:50.000,Noise - Vehicle,40.7233075908167,-74.00297997118642
64891343,2025-05-08T23:53:04.000,Noise - Commercial,40.72090022730027,-73.99242768330566
64886053,2025-05-08T23:22:16.000,Noise - Street/Sidewalk,40.72139965631486,-74.0091813675152
64890037,2025-05-08T23:06:51.000,Noise - Street/Sidewalk,40.727350654273856,-74.00073962609699
64881895,2025-05-08T22:57:21.000,Noise - Street/Sidewalk,40.727350654273856,-74.00073962609699
64891445,2025-05-08T22:43:53.000,Noise - Street/Sidewalk,40.727350654273856,-74.00073962609699
64881910,2025-05-08T16:57:03.000,Noise - Street/Sidewalk,40.72072473543529,-73.99580799960842
64881896,2025-05-08T16:40:32.000,Noise - Vehicle,40.72266260796393,-73.99913054950925
64890450,2025-05-08T16:25:45.000,Noise - Vehicle,40.72827563770185,-73.9993577791577
64888722,2025-05-08T15:01:33.000,Noise - Street/Sidewalk,40.716849191969,-73.99789329958993
64881055,2025-05-08T14:10:33.000,Noise - Vehicle,40.71634089826598,-74.01107091484306
64887725,2025-05-08T13:35:06.000,Noise - Vehicle,40.71829294310361,-73.99834418418712
64883372,2025-05-08T10:19:57.000,Noise - Street/Sidewalk,40.729650656507005,-73.99506778647756
64888613,2025-05-08T08:05:08.000,Noise - Commercial,40.72682331435148,-74.00896564053643
64887381,2025-05-08T04:19:28.000,Noise - Vehicle,40.72176776227013,-73.99635268612455
64885975,2025-05-08T04:18:10.000,Noise - Street/Sidewalk,40.72176776227013,-73.99635268612455
64886041,2025-05-08T04:05:46.000,Noise - Street/Sidewalk,40.72176776227013,-73.99635268612455
64883412,2025-05-08T04:05:26.000,Noise - Street/Sidewalk,40.72176776227013,-73.99635268612455
64884574,2025-05-08T04:01:37.000,Noise - Street/Sidewalk,40.72176776227013,-73.99635268612455
64872277,2025-05-08T00:17:21.000,Noise - Street/Sidewalk,40.71783181342303,-74.0022474207284
64880515,2025-05-07T23:50:03.000,Noise - Commercial,40.72707618085859,-74.00018400378333
64871501,2025-05-07T22:10:43.000,Noise - Street/Sidewalk,40.72564334896174,-74.00398666292323
64878076,2025-05-07T21:39:24.000,Noise - Street/Sidewalk,40.72260770644309,-74.00148996994562
64872737,2025-05-07T21:37:34.000,Noise - Commercial,40.72260770644309,-74.00148996994562
64879186,2025-05-07T21:17:22.000,Noise - Commercial,40.71605840306777,-73.99145425673682
64877177,2025-05-07T21:05:39.000,Noise - Commercial,40.72078786396633,-73.99578274259936
64877918,2025-05-07T20:40:27.000,Noise - Commercial,40.71605840306777,-73.99145425673682
64878044,2025-05-07T20:19:40.000,Noise - Commercial,40.71605840306777,-73.99145425673682
64875401,2025-05-07T20:11:04.000,Noise - Commercial,40.71607762145887,-73.99152279339022
64874026,2025-05-07T20:09:59.000,Noise - Commercial,40.71605840306777,-73.99145425673682
64879301,2025-05-07T19:47:35.000,Noise - Street/Sidewalk,40.719736697615225,-74.00045094000048
64876774,2025-05-07T19:10:52.000,Noise - Street/Sidewalk,40.71974486986915,-73.99619406592797
64880793,2025-05-07T19:03:53.000,Noise - Street/Sidewalk,40.71972565750509,-73.99622292718038
64871548,2025-05-07T18:53:01.000,Noise - Street/Sidewalk,40.71994248987875,-73.99611468895759
64876689,2025-05-07T18:27:08.000,Noise - Street/Sidewalk,40.72827563770185,-73.9993577791577
64880748,2025-05-07T18:11:21.000,Noise - Commercial,40.717848033845705,-73.99211418472873
64879285,2025-05-07T17:10:50.000,Noise - Street/Sidewalk,40.716849191969,-73.99789329958993
64872795,2025-05-07T16:44:19.000,Noise - Street/Sidewalk,40.71660462938471,-73.99171391593737
64874074,2025-05-07T16:14:57.000,Noise - Street/Sidewalk,40.71812816054085,-73.99499288307798
64871488,2025-05-07T15:27:01.000,Noise - Street/Sidewalk,40.71812816054085,-73.99499288307798
64871465,2025-05-07T13:04:32.000,Noise - Street/Sidewalk,40.71919596229167,-74.0020706996822
64879237,2025-05-07T12:35:21.000,Noise - Commercial,40.7185204568837,-73.99150805286503
64871544,2025-05-07T10:35:59.000,Noise - Street/Sidewalk,40.728692831702574,-73.99843051789102
64877830,2025-05-07T01:52:18.000,Noise - Commercial,40.729763290694336,-73.99878408283416
64861091,2025-05-06T23:55:32.000,Noise - Commercial,40.71800199374638,-73.99803756019594
64865204,2025-05-06T22:49:29.000,Noise - Street/Sidewalk,40.71807035293164,-73.992020365249
64863917,2025-05-06T22:20:04.000,Noise - Street/Sidewalk,40.716871098937794,-74.00402581923116
64867716,2025-05-06T22:17:21.000,Noise - Street/Sidewalk,40.71726631209803,-74.0048627567236
64866507,2025-05-06T22:16:52.000,Noise - Street/Sidewalk,40.71726631209803,-74.0048627567236
64866402,2025-05-06T22:13:25.000,Noise - Vehicle,40.71767798375652,-74.00577906853832
64867732,2025-05-06T21:59:10.000,Noise - Commercial,40.71972015480648,-74.00415946953369
64870081,2025-05-06T21:48:21.000,Noise - Commercial,40.72260770644309,-74.00148996994562
64861276,2025-05-06T21:41:43.000,Noise - Street/Sidewalk,40.71716201883659,-74.00467877270118
64865173,2025-05-06T21:23:22.000,Noise - Commercial,40.72260770644309,-74.00148996994562
64862565,2025-05-06T20:06:55.000,Noise - Commercial,40.72260770644309,-74.00148996994562
64861140,2025-05-06T19:41:51.000,Noise - Commercial,40.72260770644309,-74.00148996994562
64866346,2025-05-06T19:27:22.000,Noise - Commercial,40.72260770644309,-74.00148996994562
64865633,2025-05-06T17:07:16.000,Noise - Vehicle,40.72827563770185,-73.9993577791577
64865247,2025-05-06T15:14:18.000,Noise - Street/Sidewalk,40.716849191969,-73.99789329958993
64861090,2025-05-06T12:11:29.000,Noise - Commercial,40.72147128295989,-73.9951261136237
64870197,2025-05-06T12:03:47.000,Noise - Commercial,40.72125172130695,-73.99559872554451
64865203,2025-05-06T09:02:06.000,Noise - Street/Sidewalk,40.71808709503711,-74.00082970906477
64853189,2025-05-06T01:34:48.000,Noise - Street/Sidewalk,40.724125501137536,-73.99610001405766
64856338,2025-05-05T21:38:13.000,Noise - Commercial,40.72670555788133,-73.99568134698426
64856394,2025-05-05T21:10:07.000,Noise - Commercial,40.72670555788133,-73.99568134698426
64857657,2025-05-05T15:31:13.000,Noise - Street/Sidewalk,40.72851717796591,-73.99988815214454
64857593,2025-05-05T08:55:33.000,Noise - Commercial,40.72090022730027,-73.99242768330566
64846547,2025-05-05T01:00:27.000,Noise - Street/Sidewalk,40.71979159297347,-74.00040404257324
64849287,2025-05-04T19:04:08.000,Noise - Commercial,40.71779064943242,-73.99817104076162
64848337,2025-05-04T18:00:51.000,Noise - Commercial,40.72678792827488,-74.00350327256554
64847416,2025-05-04T16:49:33.000,Noise - Commercial,40.72314842994424,-74.00089471076167
64848265,2025-05-04T14:33:57.000,Noise - Commercial,40.72314842994424,-74.00089471076167
64844471,2025-05-04T11:31:10.000,Noise - Street/Sidewalk,40.716849191969,-73.99789329958993
64849501,2025-05-04T10:16:31.000,Noise - Street/Sidewalk,40.71653629026845,-73.99794741968182
64849207,2025-05-04T10:11:29.000,Noise - Vehicle,40.72196789307364,-74.00823263626842
64843187,2025-05-04T03:32:02.000,Noise - Commercial,40.72278580895784,-73.99146421714836
64848327,2025-05-04T01:54:08.000,Noise - Street/Sidewalk,40.71807035293164,-73.992020365249
64836315,2025-05-04T00:41:21.000,Noise - Commercial,40.72879439653422,-73.99935055813754
64836791,2025-05-04T00:26:45.000,Noise - Street/Sidewalk,40.71810903528166,-73.99781028883416
64840288,2025-05-04T00:26:39.000,Noise - Street/Sidewalk,40.72954645822612,-74.00085871615379
64841691,2025-05-04T00:25:40.000,Noise - Street/Sidewalk,40.72965899371875,-74.00078655646078
64841314,2025-05-04T00:24:25.000,Noise - Street/Sidewalk,40.72959860892181,-74.00081181212525
64833883,2025-05-03T23:57:30.000,Noise - Street/Sidewalk,40.729118274561856,-74.00107158428122
64832637,2025-05-03T23:27:19.000,Noise - Commercial,40.72063971531768,-73.99856779515329
64836861,2025-05-03T21:56:04.000,Noise - Commercial,40.72917289932927,-73.99203707592434
64836642,2025-05-03T20:21:53.000,Noise - Commercial,40.71866347294832,-73.99761907513695
64841689,2025-05-03T19:47:07.000,Noise - Street/Sidewalk,40.72599199449931,-74.00132408411478
64833704,2025-05-03T19:16:42.000,Noise - Commercial,40.71866347294832,-73.99761907513695
64835620,2025-05-03T19:15:47.000,Noise - Commercial,40.72401296921459,-73.99619382218174
64841315,2025-05-03T18:43:19.000,Noise - Street/Sidewalk,40.72648056165973,-74.00128440708626
64834820,2025-05-03T18:37:25.000,Noise - Commercial,40.71763145486084,-73.99826844509361
64837766,2025-05-03T18:13:42.000,Noise - Street/Sidewalk,40.722061477988746,-73.99731951913725
64835743,2025-05-03T17:47:49.000,Noise - Street/Sidewalk,40.72333760213877,-73.99288919387564
64838592,2025-05-03T17:39:59.000,Noise - Commercial,40.72648056165973,-74.00128440708626
64837926,2025-05-03T14:10:46.000,Noise - Street/Sidewalk,40.72827563770185,-73.9993577791577
64835783,2025-05-03T13:17:40.000,Noise - Street/Sidewalk,40.72191875398071,-73.99747104567864
64834785,2025-05-03T12:48:07.000,Noise - Street/Sidewalk,40.728692831702574,-73.99843051789102
64836651,2025-05-03T10:46:47.000,Noise - Commercial,40.72385100140352,-73.9954470286888
64832157,2025-05-03T10:15:22.000,Noise - Vehicle,40.72247319695122,-73.99755400100646
64833109,2025-05-03T10:13:38.000,Noise - Vehicle,40.72247319695122,-73.99755400100646
64832165,2025-05-03T10:11:12.000,Noise - Vehicle,40.72244300305546,-73.99748184878467
64832915,2025-05-03T06:57:42.000,Noise - Street/Sidewalk,40.72810820478125,-74.0010282723606
64838698,2025-05-03T00:41:36.000,Noise - Commercial,40.71911350806538,-73.99452744332153
64840279,2025-05-03T00:30:31.000,Noise - Vehicle,40.71907771150176,-73.99249282509047
64841588,2025-05-03T00:24:14.000,Noise - Commercial,40.72671109521736,-74.00276364952728
64834617,2025-05-03T00:11:42.000,Noise - Commercial,40.71648964762977,-73.99995310452468
64842674,2025-05-02T23:55:12.000,Noise - Street/Sidewalk,40.71801532225992,-74.00974005246529
64822277,2025-05-02T23:22:42.000,Noise - Commercial,40.72879439653422,-73.99935055813754
64831857,2025-05-02T22:53:13.000,Noise - Street/Sidewalk,40.72965899371875,-74.00078655646078
64830465,2025-05-02T22:44:13.000,Noise - Street/Sidewalk,40.72976603974209,-74.00069996421334
64823865,2025-05-02T22:25:45.000,Noise - Commercial,40.7185204568837,-73.99150805286503
64823508,2025-05-02T22:23:20.000,Noise - Commercial,40.72917289932927,-73.99203707592434
64831534,2025-05-02T21:52:42.000,Noise - Commercial,40.72765255363123,-74.00245701294611
64823955,2025-05-02T20:50:46.000,Noise - Commercial,40.723433666430005,-73.99285310642439
64825802,2025-05-02T19:25:48.000,Noise - Commercial,40.72976603974209,-74.00069996421334
64827946,2025-05-02T17:56:32.000,Noise - Street/Sidewalk,40.71681350763569,-73.99776343569359
64824065,2025-05-02T16:34:12.000,Noise - Street/Sidewalk,40.71784275029544,-73.99615810037078
64830472,2025-05-02T16:31:39.000,Noise - Street/Sidewalk,40.71653629026845,-73.99794741968182
64822446,2025-05-02T15:59:09.000,Noise - Commercial,40.72225364108508,-73.99947688984427
64822561,2025-05-02T14:28:01.000,Noise - Street/Sidewalk,40.72911276304618,-73.99750685293887
64824008,2025-05-02T12:33:48.000,Noise - Street/Sidewalk,40.72836340128487,-73.99597348649338
64823977,2025-05-02T12:32:54.000,Noise - Street/Sidewalk,40.71653629026845,-73.99794741968182
64827934,2025-05-02T12:11:58.000,Noise - Street/Sidewalk,40.72911276304618,-73.99750685293887
64813521,2025-05-01T23:46:26.000,Noise - Commercial,40.72832504382953,-73.99945880225974
64814874,2025-05-01T23:38:11.000,Noise - Street/Sidewalk,40.723202995922456,-73.99124770125584
64818746,2025-05-01T23:33:57.000,Noise - Street/Sidewalk,40.72342524314428,-73.99027358775227
64811842,2025-05-01T23:28:27.000,Noise - Street/Sidewalk,40.72360095352445,-73.99083276013437
64813644,2025-05-01T23:25:23.000,Noise - Commercial,40.72107039661541,-73.99234108175814
64815653,2025-05-01T23:24:05.000,Noise - Street/Sidewalk,40.72405384994217,-73.99097700798424
64812173,2025-05-01T23:22:47.000,Noise - Street/Sidewalk,40.723202995922456,-73.99124770125584
64816154,2025-05-01T22:41:32.000,Noise - Commercial,40.72832504382953,-73.99945880225974
64821413,2025-05-01T22:29:55.000,Noise - Street/Sidewalk,40.723202995922456,-73.99124770125584
64818781,2025-05-01T22:27:22.000,Noise - Street/Sidewalk,40.71603643987527,-73.9913857204777
64813533,2025-05-01T22:18:02.000,Noise - Commercial,40.71605840306777,-73.99145425673682
64814892,2025-05-01T21:51:55.000,Noise - Street/Sidewalk,40.72792156590096,-74.0001118468558
64811849,2025-05-01T21:15:42.000,Noise - Street/Sidewalk,40.72732279640649,-73.9902513713039
64817495,2025-05-01T19:58:48.000,Noise - Commercial,40.72161682745682,-73.99733396750808
64816122,2025-05-01T16:13:04.000,Noise - Street/Sidewalk,40.71653629026845,-73.99794741968182
64817450,2025-05-01T11:36:02.000,Noise - Street/Sidewalk,40.71653629026845,-73.99794741968182
64817447,2025-05-01T11:08:45.000,Noise - Street/Sidewalk,40.72980721143065,-74.00063862753768
64816197,2025-05-01T11:00:14.000,Noise - Street/Sidewalk,40.72461410584936,-73.99745290447571
64820039,2025-05-01T10:49:19.000,Noise - Street/Sidewalk,40.72461136164787,-73.99747815906777
64814868,2025-05-01T10:28:23.000,Noise - Street/Sidewalk,40.724658021083,-73.99741321714679
64810967,2025-04-30T22:11:56.000,Noise - Commercial,40.72917289932927,-73.99203707592434
64806840,2025-04-30T21:41:40.000,Noise - Vehicle,40.72736163486088,-73.99956704806702
64801542,2025-04-30T21:41:24.000,Noise - Street/Sidewalk,40.72766630138842,-73.99928201809533
64810940,2025-04-30T19:07:44.000,Noise - Street/Sidewalk,40.72335417093487,-73.99475798890808
64802907,2025-04-30T18:46:30.000,Noise - Street/Sidewalk,40.72475386524143,-73.9923911675181
64806937,2025-04-30T18:18:59.000,Noise - Street/Sidewalk,40.72480326967999,-73.992373122906
64801292,2025-04-30T17:30:44.000,Noise - Commercial,40.717848033845705,-73.99211418472873
64801427,2025-04-30T13:54:54.000,Noise - Street/Sidewalk,40.72352170940044,-73.99840177787314
64810782,2025-04-30T11:32:13.000,Noise - Street/Sidewalk,40.71653629026845,-73.99794741968182
64802875,2025-04-30T10:35:50.000,Noise - Street/Sidewalk,40.724658021083,-73.99741321714679
64809603,2025-04-30T10:25:36.000,Noise - Street/Sidewalk,40.724658021083,-73.99741321714679
64793543,2025-04-30T00:37:59.000,Noise - Street/Sidewalk,40.71757069164552,-73.9905053159014
64793682,2025-04-29T23:49:04.000,Noise - Street/Sidewalk,40.720911068855344,-73.99056616894214
64794686,2025-04-29T23:00:34.000,Noise - Commercial,40.718520429709976,-74.00885269255036
64799428,2025-04-29T22:56:49.000,Noise - Commercial,40.72832504382953,-73.99945880225974
64792517,2025-04-29T22:50:20.000,Noise - Street/Sidewalk,40.71864119551798,-74.00889960558061
64797622,2025-04-29T22:22:50.000,Noise - Street/Sidewalk,40.71605840306777,-73.99145425673682
64791520,2025-04-29T21:40:46.000,Noise - Commercial,40.72917289932927,-73.99203707592434
64795599,2025-04-29T21:18:04.000,Noise - Street/Sidewalk,40.71842469061809,-74.00172075316782
64792531,2025-04-29T21:08:36.000,Noise - Commercial,40.71605840306777,-73.99145425673682
64800415,2025-04-29T20:50:43.000,Noise - Commercial,40.71607762145887,-73.99152279339022
64797672,2025-04-29T17:43:16.000,Noise - Street/Sidewalk,40.72161682745682,-73.99733396750808
64793681,2025-04-29T17:38:52.000,Noise - Street/Sidewalk,40.722300267171406,-73.99712108830063
64794605,2025-04-29T15:51:38.000,Noise - Street/Sidewalk,40.718572818561526,-73.99515518523783
64797666,2025-04-29T14:00:02.000,Noise - Street/Sidewalk,40.722300267171406,-73.99712108830063
64794658,2025-04-29T13:56:45.000,Noise - Street/Sidewalk,40.72161682745682,-73.99733396750808
64792619,2025-04-29T13:37:11.000,Noise - Street/Sidewalk,40.72439727386019,-73.99763330137758
64795585,2025-04-29T13:10:43.000,Noise - Street/Sidewalk,40.72390871479163,-73.99804820949959
64794571,2025-04-29T01:44:35.000,Noise - Commercial,40.72247047179386,-74.00121217644269
64779760,2025-04-29T00:58:21.000,Noise - Street/Sidewalk,40.72959860892181,-74.00081181212525
64786601,2025-04-29T00:49:14.000,Noise - Street/Sidewalk,40.72987034096248,-74.00060976359386
64788007,2025-04-29T00:46:31.000,Noise - Vehicle,40.72975506082844,-74.00068192378622
64789484,2025-04-29T00:45:57.000,Noise - Vehicle,40.72976603974209,-74.00069996421334
64781315,2025-04-29T00:42:02.000,Noise - Street/Sidewalk,40.72954645822612,-74.00085871615379
64783526,2025-04-29T00:20:25.000,Noise - Commercial,40.72247047179386,-74.00121217644269
64783975,2025-04-28T23:46:09.000,Noise - Street/Sidewalk,40.72314842994424,-74.00089471076167
64781426,2025-04-28T23:35:36.000,Noise - Vehicle,40.72975506082844,-74.00068192378622
64786729,2025-04-28T23:32:44.000,Noise - Commercial,40.72314842994424,-74.00089471076167
64787995,2025-04-28T23:23:42.000,Noise - Street/Sidewalk,40.72954645822612,-74.00085871615379
64788080,2025-04-28T23:21:44.000,Noise - Vehicle,40.72976603974209,-74.00069996421334
64785258,2025-04-28T22:23:03.000,Noise - Commercial,40.722986417689576,-73.99584393430578
64786552,2025-04-28T22:15:08.000,Noise - Commercial,40.72917289932927,-73.99203707592434
64783942,2025-04-28T22:12:25.000,Noise - Street/Sidewalk,40.720016663742975,-74.00020923703917
64779919,2025-04-28T21:58:23.000,Noise - Street/Sidewalk,40.720016663742975,-74.00020923703917
64789363,2025-04-28T20:38:26.000,Noise - Commercial,40.725978270589856,-74.00133490741577
64781361,2025-04-28T20:31:46.000,Noise - Commercial,40.71631357249486,-73.99027823289293
64784043,2025-04-28T19:47:05.000,Noise - Commercial,40.725978270589856,-74.00133490741577
64782759,2025-04-28T19:29:14.000,Noise - Street/Sidewalk,40.723202995922456,-73.99124770125584
64781410,2025-04-28T18:09:38.000,Noise - Street/Sidewalk,40.72564334896174,-74.00398666292323
64786647,2025-04-28T16:55:04.000,Noise - Street/Sidewalk,40.71653629026845,-73.99794741968182
64786610,2025-04-28T11:54:51.000,Noise - Street/Sidewalk,40.71919596229167,-74.0020706996822
64776585,2025-04-27T23:03:30.000,Noise - Street/Sidewalk,40.72070559790675,-73.99965006547241
64774527,2025-04-27T22:47:01.000,Noise - Commercial,40.71763119682121,-73.99209978076
64771596,2025-04-27T22:17:56.000,Noise - Street/Sidewalk,40.724956972491306,-73.99231898827651
64778050,2025-04-27T22:04:53.000,Noise - Commercial,40.72917289932927,-73.99203707592434
64776509,2025-04-27T21:18:29.000,Noise - Commercial,40.71665139695253,-73.99335886310185
64772243,2025-04-27T18:35:00.000,Noise - Vehicle,40.72299735387651,-73.9947904862426
64772260,2025-04-27T18:14:09.000,Noise - Vehicle,40.72299735387651,-73.9947904862426
64772466,2025-04-27T16:17:26.000,Noise - Street/Sidewalk,40.72554186195846,-73.9999530981547
64776466,2025-04-27T15:07:15.000,Noise - Commercial,40.72167715819506,-73.99558065932354
64772663,2025-04-27T13:56:23.000,Noise - Street/Sidewalk,40.71943474452872,-74.00264790768674
64772518,2025-04-27T09:44:26.000,Noise - Commercial,40.72150422324485,-73.99520187114412
64771407,2025-04-27T03:04:59.000,Noise - Commercial,40.72747391687811,-73.992354777559
64778683,2025-04-27T02:47:29.000,Noise - Street/Sidewalk,40.72315110080602,-73.99577898534886
64777159,2025-04-27T02:06:07.000,Noise - Commercial,40.7265379135871,-73.99175597549961
64770105,2025-04-27T01:14:00.000,Noise - Commercial,40.72374669627988,-74.00466119629756
64762318,2025-04-27T00:52:44.000,Noise - Commercial,40.72671109521736,-74.00276364952728
64769376,2025-04-27T00:34:34.000,Noise - Street/Sidewalk,40.72851717796591,-73.99988815214454
64762295,2025-04-27T00:25:03.000,Noise - Commercial,40.72593159838024,-73.9979038360394
64764910,2025-04-26T23:29:09.000,Noise - Commercial,40.72124893316328,-73.99458138200244
64765796,2025-04-26T23:11:20.000,Noise - Commercial,40.71899007642863,-74.00330805878592
64765712,2025-04-26T23:10:41.000,Noise - Commercial,40.72376319578811,-74.00382059450499
64770529,2025-04-26T23:04:57.000,Noise - Commercial,40.71752715499096,-73.9983369884111
64767198,2025-04-26T22:52:23.000,Noise - Commercial,40.71905594652758,-74.00344875389855
64769421,2025-04-26T22:19:41.000,Noise - Commercial,40.71895715946186,-73.99748919544425
64769440,2025-04-26T22:06:37.000,Noise - Commercial,40.72016177866853,-73.99092702930629
64765713,2025-04-26T22:00:36.000,Noise - Commercial,40.71899007642863,-74.00330805878592
64769402,2025-04-26T17:48:59.000,Noise - Commercial,40.72238532906574,-74.00376640056474
64769373,2025-04-26T17:39:06.000,Noise - Street/Sidewalk,40.72086749209638,-73.99670627835198
64762526,2025-04-26T17:37:22.000,Noise - Commercial,40.72086749209638,-73.99670627835198
64763916,2025-04-26T17:36:49.000,Noise - Street/Sidewalk,40.72082357574888,-73.99669906536468
64768460,2025-04-26T16:19:49.000,Noise - Street/Sidewalk,40.72086749209638,-73.99670627835198
64767168,2025-04-26T15:06:01.000,Noise - Street/Sidewalk,40.71826549356505,-73.99821431701564
64762819,2025-04-26T12:50:47.000,Noise - Street/Sidewalk,40.72103765182116,-73.99620842246371
64765075,2025-04-26T12:43:04.000,Noise - Street/Sidewalk,40.72103765182116,-73.99620842246371
64762856,2025-04-26T04:09:31.000,Noise - Street/Sidewalk,40.71762046690652,-74.00224741360184
64763616,2025-04-26T02:46:12.000,Noise - Vehicle,40.72401296921459,-73.99619382218174
64763856,2025-04-26T02:15:46.000,Noise - Street/Sidewalk,40.726634233392055,-73.99689721168109
64764931,2025-04-26T02:12:09.000,Noise - Commercial,40.722053221516006,-73.99649336867282
64769314,2025-04-26T01:25:46.000,Noise - Commercial,40.71800199374638,-73.99803756019594
64758094,2025-04-26T00:38:52.000,Noise - Street/Sidewalk,40.71807035293164,-73.992020365249
64760685,2025-04-26T00:27:24.000,Noise - Commercial,40.720214221756834,-73.99613631839166
64753294,2025-04-25T23:58:06.000,Noise - Street/Sidewalk,40.72851717796591,-73.99988815214454
64759834,2025-04-25T23:40:36.000,Noise - Street/Sidewalk,40.724704460799686,-73.99240921210344
64756062,2025-04-25T23:34:33.000,Noise - Commercial,40.72917289932927,-73.99203707592434
64756037,2025-04-25T23:25:00.000,Noise - Street/Sidewalk,40.72954645822612,-74.00085871615379
64755827,2025-04-25T22:48:41.000,Noise - Commercial,40.71872911078678,-73.99224755670346
64757188,2025-04-25T22:33:22.000,Noise - Street/Sidewalk,40.72531953664237,-73.99999278435557
64754551,2025-04-25T22:31:09.000,Noise - Commercial,40.72917289932927,-73.99203707592434
64751513,2025-04-25T22:23:34.000,Noise - Vehicle,40.72505603869704,-73.99946243661502
64752886,2025-04-25T22:10:27.000,Noise - Commercial,40.72222029313694,-74.00974066701161
64759972,2025-04-25T21:57:43.000,Noise - Commercial,40.72222029313694,-74.00974066701161
64760918,2025-04-25T21:31:45.000,Noise - Street/Sidewalk,40.72314842994424,-74.00089471076167
64752061,2025-04-25T19:51:16.000,Noise - Commercial,40.71872911078678,-73.99224755670346
64758750,2025-04-25T14:17:37.000,Noise - Street/Sidewalk,40.72970250436911,-73.99030514406266
64755352,2025-04-25T13:59:54.000,Noise - Street/Sidewalk,40.72275318438477,-73.9990547869785
64757212,2025-04-25T12:33:57.000,Noise - Street/Sidewalk,40.71653629026845,-73.99794741968182
64758802,2025-04-25T02:29:05.000,Noise - Commercial,40.71709897578499,-73.99858951550117
64741011,2025-04-25T01:46:46.000,Noise - Vehicle,40.72244300305546,-73.99748184878467
64746196,2025-04-25T01:37:19.000,Noise - Vehicle,40.72243476734225,-73.9974169111069
64744971,2025-04-25T01:35:32.000,Noise - Vehicle,40.722399083510254,-73.99733032855106
64744366,2025-04-25T00:37:12.000,Noise - Street/Sidewalk,40.72693066044162,-73.9966590758561
64745752,2025-04-25T00:25:38.000,Noise - Street/Sidewalk,40.72712554814992,-73.9970234660052
64744406,2025-04-24T23:56:08.000,Noise - Commercial,40.72090022730027,-73.99242768330566
64743081,2025-04-24T23:48:46.000,Noise - Street/Sidewalk,40.72090022730027,-73.99242768330566
64741761,2025-04-24T22:39:18.000,Noise - Street/Sidewalk,40.72021150232656,-74.00301590820948
64747125,2025-04-24T22:36:09.000,Noise - Street/Sidewalk,40.71600878743592,-74.01101674990511
64741800,2025-04-24T22:30:27.000,Noise - Commercial,40.72090022730027,-73.99242768330566
64743086,2025-04-24T21:52:54.000,Noise - Street/Sidewalk,40.716815913794086,-73.99089141114976
64743095,2025-04-24T21:47:54.000,Noise - Street/Sidewalk,40.72974957268947,-73.99961393735919
64748367,2025-04-24T21:41:15.000,Noise - Commercial,40.71884178314306,-73.99466094208114
64741574,2025-04-24T21:34:11.000,Noise - Commercial,40.71674729763533,-73.99092749410914
64748072,2025-04-24T21:32:42.000,Noise - Commercial,40.72974957268947,-73.99961393735919
64745706,2025-04-24T21:31:13.000,Noise - Commercial,40.71605840306777,-73.99145425673682
64744327,2025-04-24T21:28:36.000,Noise - Commercial,40.71605840306777,-73.99145425673682
64744411,2025-04-24T21:25:32.000,Noise - Commercial,40.71605840306777,-73.99145425673682
64748327,2025-04-24T20:51:46.000,Noise - Commercial,40.72090022730027,-73.99242768330566
64746941,2025-04-24T17:37:50.000,Noise - Commercial,40.717848033845705,-73.99211418472873
64740371,2025-04-23T23:45:28.000,Noise - Commercial,40.722053221516006,-73.99649336867282
64739175,2025-04-23T23:17:58.000,Noise - Street/Sidewalk,40.72892064317083,-73.99820681546024
64740454,2025-04-23T23:15:44.000,Noise - Street/Sidewalk,40.72892064317083,-73.99820681546024
64731497,2025-04-23T22:55:49.000,Noise - Street/Sidewalk,40.72309902395632,-74.0009380025225
64737729,2025-04-23T22:45:41.000,Noise - Street/Sidewalk,40.7256873177304,-74.00194101906538
64739024,2025-04-23T22:37:38.000,Noise - Vehicle,40.72048050880021,-74.00211403031578
64734023,2025-04-23T22:26:19.000,Noise - Street/Sidewalk,40.72577241805309,-74.00089835383723
64736556,2025-04-23T21:41:23.000,Noise - Street/Sidewalk,40.72310725808186,-74.00095604115066
64737896,2025-04-23T21:23:45.000,Noise - Street/Sidewalk,40.72373548440202,-73.99131978605399
64740463,2025-04-23T20:29:23.000,Noise - Street/Sidewalk,40.72102108826115,-73.99397893307484
64739013,2025-04-23T20:22:22.000,Noise - Commercial,40.72310725808186,-74.00095604115066
64739181,2025-04-23T13:26:25.000,Noise - Street/Sidewalk,40.71653629026845,-73.99794741968182
64729822,2025-04-22T22:44:18.000,Noise - Commercial,40.71631908276552,-74.00947286179263
64727233,2025-04-22T22:31:56.000,Noise - Commercial,40.722053221516006,-73.99649336867282
64720837,2025-04-22T21:27:00.000,Noise - Street/Sidewalk,40.72955467389559,-74.00224059998864
64730426,2025-04-22T21:04:46.000,Noise - Vehicle,40.71763145486084,-73.99826844509361
64726477,2025-04-22T20:31:13.000,Noise - Street/Sidewalk,40.72765255363123,-74.00245701294611
64725620,2025-04-22T18:40:19.000,Noise - Street/Sidewalk,40.7295628913009,-74.00298385896821
64723913,2025-04-22T16:27:39.000,Noise - Street/Sidewalk,40.71653629026845,-73.99794741968182
64722435,2025-04-22T15:22:52.000,Noise - Street/Sidewalk,40.71919596229167,-74.0020706996822
64722443,2025-04-22T04:03:59.000,Noise - Street/Sidewalk,40.71796079766171,-74.00308795484227
64713711,2025-04-21T16:04:00.000,Noise - Street/Sidewalk,40.716484140395096,-73.99797988738347
64718372,2025-04-21T15:32:43.000,Noise - Street/Sidewalk,40.71919596229167,-74.0020706996822
64706877,2025-04-20T23:55:13.000,Noise - Commercial,40.72063144477658,-73.99677483381788
64709199,2025-04-20T20:08:47.000,Noise - Street/Sidewalk,40.72091691100805,-74.00279226992963
64703996,2025-04-20T19:57:53.000,Noise - Street/Sidewalk,40.720016663742975,-74.00020923703917
64704727,2025-04-20T19:50:17.000,Noise - Commercial,40.71844937460827,-74.0027019802938
64710255,2025-04-20T18:27:55.000,Noise - Street/Sidewalk,40.72945308309834,-73.9963883459424
64703875,2025-04-20T14:18:22.000,Noise - Street/Sidewalk,40.71943474452872,-74.00264790768674
64703684,2025-04-20T03:13:21.000,Noise - Commercial,40.72531399416446,-74.00349237161738
64705738,2025-04-20T01:42:21.000,Noise - Commercial,40.717872604455565,-73.99037540580335
64704680,2025-04-20T01:39:30.000,Noise - Commercial,40.71757069164552,-73.9905053159014
64705919,2025-04-20T01:09:21.000,Noise - Commercial,40.72446024017421,-74.00656975955327
64702918,2025-04-20T00:53:40.000,Noise - Street/Sidewalk,40.7206506864118,-74.00196973293467
64697380,2025-04-20T00:41:15.000,Noise - Commercial,40.7229342174866,-73.9946389680679
64700750,2025-04-20T00:25:28.000,Noise - Street/Sidewalk,40.717872604455565,-73.99037540580335
64694444,2025-04-19T23:44:33.000,Noise - Commercial,40.71872911078678,-73.99224755670346
64695775,2025-04-19T23:34:59.000,Noise - Commercial,40.71636572080823,-73.99025297392356
64700392,2025-04-19T22:05:56.000,Noise - Commercial,40.72428175147285,-74.00783967560663
64701911,2025-04-19T21:58:32.000,Noise - Vehicle,40.72185558342316,-73.99601717129104
64694398,2025-04-19T20:13:58.000,Noise - Commercial,40.7185204568837,-73.99150805286503
64699241,2025-04-19T19:56:15.000,Noise - Commercial,40.7185204568837,-73.99150805286503
64693030,2025-04-19T19:38:54.000,Noise - Commercial,40.72428175147285,-74.00783967560663
64700391,2025-04-19T19:36:24.000,Noise - Commercial,40.72428175147285,-74.00783967560663
64693093,2025-04-19T17:57:18.000,Noise - Commercial,40.7185204568837,-73.99150805286503
64697964,2025-04-19T17:34:44.000,Noise - Commercial,40.7185204568837,-73.99150805286503
64693368,2025-04-19T17:09:14.000,Noise - Street/Sidewalk,40.71888579994293,-74.00230878332638
64693032,2025-04-19T16:33:34.000,Noise - Commercial,40.7185204568837,-73.99150805286503
64701643,2025-04-19T16:30:46.000,Noise - Commercial,40.72428175147285,-74.00783967560663
64695788,2025-04-19T16:06:19.000,Noise - Commercial,40.72643081077238,-74.00900888231924
64701884,2025-04-19T15:43:28.000,Noise - Street/Sidewalk,40.720707954038886,-74.00946627046044
64697965,2025-04-19T15:29:59.000,Noise - Commercial,40.72428175147285,-74.00783967560663
64693387,2025-04-19T15:27:46.000,Noise - Street/Sidewalk,40.719506103803646,-74.00283550091308
64698169,2025-04-19T15:10:15.000,Noise - Street/Sidewalk,40.729779415172615,-73.99101592142215
64698123,2025-04-19T15:03:39.000,Noise - Street/Sidewalk,40.72995509867461,-73.99126485478797
64699416,2025-04-19T14:57:53.000,Noise - Street/Sidewalk,40.72995509867461,-73.99126485478797
64696990,2025-04-19T14:43:54.000,Noise - Street/Sidewalk,40.729779415172615,-73.99101592142215
64700730,2025-04-19T13:46:50.000,Noise - Street/Sidewalk,40.724965054866885,-73.99030583324576
64696949,2025-04-19T12:45:07.000,Noise - Commercial,40.71773026494201,-73.99818547206426
64692839,2025-04-19T07:40:11.000,Noise - Vehicle,40.725947765289256,-74.00859391355074
64698129,2025-04-19T03:41:49.000,Noise - Street/Sidewalk,40.72133136486968,-73.99702011717717
64700461,2025-04-19T02:43:52.000,Noise - Commercial,40.718633144554346,-74.00608217802295
64694665,2025-04-19T02:02:43.000,Noise - Street/Sidewalk,40.71807035293164,-73.992020365249
64691392,2025-04-19T01:24:06.000,Noise - Commercial,40.72671109521736,-74.00276364952728
64686780,2025-04-19T00:52:05.000,Noise - Commercial,40.727254167664015,-73.99013592768009
64692109,2025-04-19T00:33:21.000,Noise - Commercial,40.72832504382953,-73.99945880225974
64682333,2025-04-19T00:13:14.000,Noise - Commercial,40.72671109521736,-74.00276364952728
64691826,2025-04-19T00:09:28.000,Noise - Commercial,40.725802211233166,-73.9903706527378
64686890,2025-04-19T00:00:29.000,Noise - Street/Sidewalk,40.7229342174866,-73.9946389680679
64692080,2025-04-18T23:57:50.000,Noise - Street/Sidewalk,40.71660462938471,-73.99171391593737
64686163,2025-04-18T23:48:21.000,Noise - Commercial,40.72671109521736,-74.00276364952728
64688076,2025-04-18T22:56:58.000,Noise - Commercial,40.71605840306777,-73.99145425673682
64686693,2025-04-18T22:55:30.000,Noise - Commercial,40.722053221516006,-73.99649336867282
64689325,2025-04-18T22:35:18.000,Noise - Commercial,40.71605840306777,-73.99145425673682
64682332,2025-04-18T22:21:03.000,Noise - Commercial,40.72671109521736,-74.00276364952728
64689816,2025-04-18T22:05:35.000,Noise - Street/Sidewalk,40.72671109521736,-74.00276364952728
64689488,2025-04-18T22:05:34.000,Noise - Commercial,40.71605840306777,-73.99145425673682
64690807,2025-04-18T20:57:22.000,Noise - Street/Sidewalk,40.724369586163846,-74.00780360823116
64683120,2025-04-18T18:08:18.000,Noise - Street/Sidewalk,40.72416392749903,-73.9960927962896
64687017,2025-04-18T17:37:54.000,Noise - Street/Sidewalk,40.72210539386983,-73.99730869442628
64690822,2025-04-18T17:32:41.000,Noise - Street/Sidewalk,40.71811999658421,-74.00297973924319
64689306,2025-04-18T17:11:05.000,Noise - Street/Sidewalk,40.72161682745682,-73.99733396750808
64690669,2025-04-18T16:52:47.000,Noise - Street/Sidewalk,40.72508893921768,-73.997048811637
64688300,2025-04-18T16:49:22.000,Noise - Street/Sidewalk,40.71681350763569,-73.99776343569359
64688045,2025-04-18T12:34:20.000,Noise - Commercial,40.7214739159611,-73.99296515261688
64689487,2025-04-18T12:14:43.000,Noise - Commercial,40.7214739159611,-73.99296515261688
64683119,2025-04-18T12:02:35.000,Noise - Street/Sidewalk,40.716278285507705,-73.99810615027125
64685460,2025-04-18T11:42:34.000,Noise - Street/Sidewalk,40.7214739159611,-73.99296515261688
64683176,2025-04-18T05:45:43.000,Noise - Street/Sidewalk,40.72085891873415,-73.99056978390475
64684354,2025-04-18T02:44:41.000,Noise - Street/Sidewalk,40.72086440972776,-73.99058782103313
64675033,2025-04-18T01:25:35.000,Noise - Commercial,40.72287388416484,-73.99588723360148
64681332,2025-04-18T01:17:11.000,Noise - Street/Sidewalk,40.72085891873415,-73.99056978390475
64676988,2025-04-17T23:59:14.000,Noise - Commercial,40.71752715499096,-73.9983369884111
64679160,2025-04-17T23:35:22.000,Noise - Commercial,40.7229342174866,-73.9946389680679
64677159,2025-04-17T23:32:16.000,Noise - Street/Sidewalk,40.71757930490459,-73.99830091307756
64679371,2025-04-17T23:01:34.000,Noise - Commercial,40.722053221516006,-73.99649336867282
64677114,2025-04-17T21:18:00.000,Noise - Street/Sidewalk,40.71968137837421,-73.99010818833861
64680649,2025-04-17T20:47:16.000,Noise - Commercial,40.719519842440775,-73.99784992507324
64681758,2025-04-17T19:22:20.000,Noise - Commercial,40.72678792827488,-74.00350327256554
64680561,2025-04-17T17:04:07.000,Noise - Commercial,40.72265430670373,-73.99597743910044
64677087,2025-04-17T15:24:15.000,Noise - Street/Sidewalk,40.71919596229167,-74.0020706996822
64678392,2025-04-17T13:46:03.000,Noise - Vehicle,40.7228492435545,-73.99839097093424
64674674,2025-04-17T13:37:16.000,Noise - Street/Sidewalk,40.72046675761034,-73.996717120835
64672289,2025-04-16T23:39:31.000,Noise - Commercial,40.72707618085859,-74.00018400378333
64668702,2025-04-16T19:59:30.000,Noise - Street/Sidewalk,40.72766625995301,-74.0031713874068
64669897,2025-04-16T16:02:15.000,Noise - Vehicle,40.721679987008926,-73.99958151547756
64667263,2025-04-16T15:01:48.000,Noise - Commercial,40.71908850194956,-73.99001087423854
64669983,2025-04-16T13:07:35.000,Noise - Street/Sidewalk,40.71919596229167,-74.0020706996822
64671041,2025-04-16T12:41:08.000,Noise - Street/Sidewalk,40.72487210796236,-73.99723281893698
64672479,2025-04-16T12:37:37.000,Noise - Street/Sidewalk,40.724658021083,-73.99741321714679
64656307,2025-04-15T23:16:35.000,Noise - Commercial,40.72993620950281,-74.00128808176443
64656368,2025-04-15T23:14:32.000,Noise - Street/Sidewalk,40.72968093582491,-74.00207102549162
64656366,2025-04-15T22:36:52.000,Noise - Street/Sidewalk,40.71807035293164,-73.992020365249
64657637,2025-04-15T22:18:42.000,Noise - Vehicle,40.72076560164813,-73.99062751832018
64661478,2025-04-15T20:57:56.000,Noise - Street/Sidewalk,40.72467442866423,-74.00455302756694
64657477,2025-04-15T20:46:07.000,Noise - Commercial,40.71926991751429,-74.00629147082883
64656389,2025-04-15T14:43:24.000,Noise - Street/Sidewalk,40.71919596229167,-74.0020706996822
64655034,2025-04-15T08:26:28.000,Noise - Street/Sidewalk,40.72150422324485,-73.99520187114412
64651227,2025-04-14T22:39:31.000,Noise - Commercial,40.7189129617464,-73.99156572246149
64650121,2025-04-14T22:09:53.000,Noise - Street/Sidewalk,40.71842469061809,-74.00172075316782
64643950,2025-04-14T21:56:48.000,Noise - Street/Sidewalk,40.71842469061809,-74.00172075316782
64645284,2025-04-14T21:43:20.000,Noise - Street/Sidewalk,40.71737617246886,-74.00274522549336
64645253,2025-04-14T17:50:08.000,Noise - Commercial,40.71838330983826,-73.99284643308857
64643844,2025-04-14T13:02:23.000,Noise - Commercial,40.71990412840029,-74.00030663997067
64643967,2025-04-14T12:22:27.000,Noise - Street/Sidewalk,40.724658021083,-73.99741321714679
64652689,2025-04-14T11:59:32.000,Noise - Street/Sidewalk,40.724658021083,-73.99741321714679
64647742,2025-04-14T11:55:56.000,Noise - Commercial,40.724658021083,-73.99741321714679
64651211,2025-04-14T11:47:31.000,Noise - Street/Sidewalk,40.72487210796236,-73.99723281893698
64652501,2025-04-14T11:44:51.000,Noise - Street/Sidewalk,40.72487210796236,-73.99723281893698
64647616,2025-04-14T11:42:32.000,Noise - Street/Sidewalk,40.724658021083,-73.99741321714679
64646515,2025-04-14T11:30:56.000,Noise - Street/Sidewalk,40.71919596229167,-74.0020706996822
64641859,2025-04-14T01:22:11.000,Noise - Commercial,40.71773026494201,-73.99818547206426
64639742,2025-04-13T23:49:58.000,Noise - Street/Sidewalk,40.72040605248823,-73.99080433913953
64637656,2025-04-13T22:07:53.000,Noise - Commercial,40.7178373094788,-73.99811692822324
64635613,2025-04-13T20:11:46.000,Noise - Street/Sidewalk,40.72765255363123,-74.00245701294611
64640965,2025-04-13T17:38:00.000,Noise - Street/Sidewalk,40.71653629026845,-73.99794741968182
64637639,2025-04-13T15:24:57.000,Noise - Street/Sidewalk,40.71718127697306,-73.99659823906624
64642648,2025-04-13T14:59:53.000,Noise - Commercial,40.72678792827488,-74.00350327256554
64639855,2025-04-13T14:35:49.000,Noise - Street/Sidewalk,40.71919596229167,-74.0020706996822
64637659,2025-04-13T12:51:53.000,Noise - Commercial,40.71773026494201,-73.99818547206426
64640949,2025-04-13T12:44:22.000,Noise - Street/Sidewalk,40.7237906922821,-73.99817448383693
64641781,2025-04-13T10:56:38.000,Noise - Street/Sidewalk,40.71653629026845,-73.99794741968182
64638845,2025-04-13T07:46:43.000,Noise - Street/Sidewalk,40.725003736052535,-73.99405433715533
64639452,2025-04-13T04:03:37.000,Noise - Vehicle,40.72401296921459,-73.99619382218174
64637642,2025-04-13T01:51:54.000,Noise - Street/Sidewalk,40.71807035293164,-73.992020365249
64640802,2025-04-13T01:28:19.000,Noise - Street/Sidewalk,40.72959860892181,-74.00081181212525
64632566,2025-04-13T00:44:27.000,Noise - Street/Sidewalk,40.7293378553788,-74.00103189937474
64631566,2025-04-12T23:58:08.000,Noise - Commercial,40.72960684303375,-74.00083346055158
64634214,2025-04-12T23:42:36.000,Noise - Commercial,40.72960684303375,-74.00083346055158
64631559,2025-04-12T23:39:05.000,Noise - Commercial,40.71679946687371,-74.00883081980226
64629702,2025-04-12T23:35:24.000,Noise - Commercial,40.72960684303375,-74.00083346055158
64634399,2025-04-12T23:01:06.000,Noise - Commercial,40.7178373094788,-73.99811692822324
64633422,2025-04-12T22:54:51.000,Noise - Commercial,40.7178373094788,-73.99811692822324
64631564,2025-04-12T22:50:04.000,Noise - Commercial,40.7178373094788,-73.99811692822324
64630686,2025-04-12T22:46:16.000,Noise - Commercial,40.7178373094788,-73.99811692822324
64630609,2025-04-12T22:42:51.000,Noise - Commercial,40.7178373094788,-73.99811692822324
64627788,2025-04-12T22:35:53.000,Noise - Commercial,40.71840271275526,-74.00274166032793
64633408,2025-04-12T22:27:50.000,Noise - Commercial,40.7229342174866,-73.9946389680679
64633409,2025-04-12T22:26:03.000,Noise - Commercial,40.71840271275526,-74.00274166032793
64629810,2025-04-12T22:22:14.000,Noise - Street/Sidewalk,40.7229342174866,-73.9946389680679
64631607,2025-04-12T22:10:46.000,Noise - Commercial,40.7229342174866,-73.9946389680679
64631477,2025-04-12T22:02:32.000,Noise - Commercial,40.7178373094788,-73.99811692822324
64628763,2025-04-12T21:57:56.000,Noise - Commercial,40.7178373094788,-73.99811692822324
64629757,2025-04-12T14:09:34.000,Noise - Street/Sidewalk,40.71919596229167,-74.0020706996822
64632465,2025-04-12T13:22:24.000,Noise - Commercial,40.717848033845705,-73.99211418472873
64630554,2025-04-12T02:08:04.000,Noise - Vehicle,40.72842385586966,-73.99967888886464
64622070,2025-04-12T01:43:26.000,Noise - Commercial,40.71899007642863,-74.00330805878592
64623780,2025-04-12T00:28:42.000,Noise - Commercial,40.7189129617464,-73.99156572246149
64622671,2025-04-12T00:20:05.000,Noise - Commercial,40.71899007642863,-74.00330805878592
64622599,2025-04-11T23:47:38.000,Noise - Commercial,40.71609958456966,-73.99159132973686
64622669,2025-04-11T23:43:53.000,Noise - Commercial,40.71609958456966,-73.99159132973686
64619043,2025-04-11T23:43:21.000,Noise - Commercial,40.71609958456966,-73.99159132973686
64619023,2025-04-11T23:41:40.000,Noise - Commercial,40.71899007642863,-74.00330805878592
64627130,2025-04-11T23:40:43.000,Noise - Commercial,40.71609958456966,-73.99159132973686
64623710,2025-04-11T23:11:54.000,Noise - Commercial,40.71609958456966,-73.99159132973686
64624861,2025-04-11T23:04:22.000,Noise - Commercial,40.71609958456966,-73.99159132973686
64623781,2025-04-11T23:00:22.000,Noise - Commercial,40.71609958456966,-73.99159132973686
64620339,2025-04-11T22:58:16.000,Noise - Commercial,40.71609958456966,-73.99159132973686
64619046,2025-04-11T22:55:17.000,Noise - Commercial,40.71609958456966,-73.99159132973686
64623711,2025-04-11T22:40:04.000,Noise - Commercial,40.7189129617464,-73.99156572246149
64620305,2025-04-11T22:12:46.000,Noise - Commercial,40.7189129617464,-73.99156572246149
64620384,2025-04-11T21:35:11.000,Noise - Commercial,40.7189129617464,-73.99156572246149
64623779,2025-04-11T21:28:41.000,Noise - Commercial,40.72309620643836,-73.99580063503683
64620382,2025-04-11T15:27:40.000,Noise - Street/Sidewalk,40.72089463777533,-73.99103515701921
64622699,2025-04-11T11:57:38.000,Noise - Street/Sidewalk,40.71943474452872,-74.00264790768674
64619248,2025-04-11T02:08:35.000,Noise - Vehicle,40.729702910209525,-74.000725219967
64616146,2025-04-11T01:45:54.000,Noise - Vehicle,40.72959860892181,-74.00081181212525
64611831,2025-04-10T22:01:18.000,Noise - Commercial,40.7189129617464,-73.99156572246149
64614418,2025-04-10T18:40:42.000,Noise - Commercial,40.71631357249486,-73.99027823289293
64614413,2025-04-10T16:49:28.000,Noise - Street/Sidewalk,40.72104320267849,-74.00050145511064
64615592,2025-04-10T12:22:12.000,Noise - Street/Sidewalk,40.7202938249859,-74.00370495401587
64609122,2025-04-10T06:02:50.000,Noise - Commercial,40.71773026494201,-73.99818547206426
64607424,2025-04-09T23:50:34.000,Noise - Commercial,40.72321414039738,-74.00620525818007
64608110,2025-04-09T23:32:38.000,Noise - Commercial,40.7189129617464,-73.99156572246149
64604191,2025-04-09T22:34:25.000,Noise - Commercial,40.7189129617464,-73.99156572246149
64600390,2025-04-09T22:27:56.000,Noise - Street/Sidewalk,40.71804314293478,-73.99700583447942
64606880,2025-04-09T17:18:33.000,Noise - Street/Sidewalk,40.72970250436911,-73.99030514406266
64604262,2025-04-09T14:58:55.000,Noise - Street/Sidewalk,40.71849046326562,-74.00513340498003
64600368,2025-04-09T13:14:14.000,Noise - Street/Sidewalk,40.724658021083,-73.99741321714679
64602916,2025-04-09T12:16:49.000,Noise - Street/Sidewalk,40.71919596229167,-74.0020706996822
64595338,2025-04-08T23:49:09.000,Noise - Commercial,40.7189129617464,-73.99156572246149
64592836,2025-04-08T22:46:15.000,Noise - Commercial,40.7189129617464,-73.99156572246149
64597862,2025-04-08T16:28:34.000,Noise - Commercial,40.717848033845705,-73.99211418472873
64597819,2025-04-08T13:24:13.000,Noise - Street/Sidewalk,40.71919596229167,-74.0020706996822
64595393,2025-04-08T04:11:08.000,Noise - Street/Sidewalk,40.71848202113626,-73.99138540439053
64581489,2025-04-08T01:39:55.000,Noise - Commercial,40.7189129617464,-73.99156572246149
64578829,2025-04-08T01:00:38.000,Noise - Commercial,40.7189129617464,-73.99156572246149
64585155,2025-04-08T00:26:52.000,Noise - Commercial,40.7189129617464,-73.99156572246149
64586527,2025-04-07T23:30:41.000,Noise - Commercial,40.7189129617464,-73.99156572246149
64586538,2025-04-07T23:22:05.000,Noise - Street/Sidewalk,40.7206506864118,-74.00196973293467
64578830,2025-04-07T23:07:41.000,Noise - Commercial,40.7189129617464,-73.99156572246149
64582647,2025-04-07T22:39:48.000,Noise - Commercial,40.7189129617464,-73.99156572246149
64585080,2025-04-07T22:19:32.000,Noise - Commercial,40.7189129617464,-73.99156572246149
64586401,2025-04-07T11:00:44.000,Noise - Street/Sidewalk,40.724658021083,-73.99741321714679
64582740,2025-04-07T10:37:48.000,Noise - Street/Sidewalk,40.72487210796236,-73.99723281893698
64586407,2025-04-07T10:35:58.000,Noise - Street/Sidewalk,40.72487210796236,-73.99723281893698
64571972,2025-04-06T23:53:58.000,Noise - Commercial,40.7189129617464,-73.99156572246149
64573891,2025-04-06T23:01:12.000,Noise - Street/Sidewalk,40.72048050880021,-74.00211403031578
64570813,2025-04-06T22:58:14.000,Noise - Commercial,40.7189129617464,-73.99156572246149
64570649,2025-04-06T13:38:17.000,Noise - Vehicle,40.72270377885635,-73.99906921840166
64571022,2025-04-06T13:37:11.000,Noise - Street/Sidewalk,40.71907793584285,-74.00216809809262
64577432,2025-04-06T13:35:49.000,Noise - Vehicle,40.72191329221079,-74.0000793680321
64571073,2025-04-06T12:44:11.000,Noise - Street/Sidewalk,40.7185204568837,-73.99150805286503
64571779,2025-04-06T11:06:14.000,Noise - Vehicle,40.72442166089238,-73.99115013131947
64574697,2025-04-06T11:03:58.000,Noise - Vehicle,40.724523238471946,-73.99143513238148
64572818,2025-04-06T04:20:30.000,Noise - Commercial,40.72401296921459,-73.99619382218174
64571847,2025-04-06T03:57:56.000,Noise - Vehicle,40.72401296921459,-73.99619382218174
64576749,2025-04-06T02:33:49.000,Noise - Vehicle,40.72296421123846,-73.99137039423577
64574764,2025-04-06T02:05:32.000,Noise - Vehicle,40.722107878837065,-73.99181063821976
64566237,2025-04-06T01:40:38.000,Noise - Commercial,40.72671109521736,-74.00276364952728
64562648,2025-04-06T01:19:44.000,Noise - Commercial,40.72204464790691,-73.9904902479372
64562487,2025-04-06T01:17:35.000,Noise - Commercial,40.721976009645886,-73.99025936869197
64566217,2025-04-06T01:13:56.000,Noise - Street/Sidewalk,40.72828097305429,-73.99400714098145
64562493,2025-04-06T01:04:17.000,Noise - Commercial,40.727350654273856,-74.00073962609699
64568819,2025-04-06T01:01:23.000,Noise - Vehicle,40.722047496202826,-73.99183950680036
64564839,2025-04-06T00:15:33.000,Noise - Commercial,40.721976009645886,-73.99025936869197
64564706,2025-04-06T00:04:07.000,Noise - Commercial,40.7189129617464,-73.99156572246149
64567889,2025-04-05T23:51:32.000,Noise - Commercial,40.72960684303375,-74.00083346055158
64563844,2025-04-05T23:49:13.000,Noise - Commercial,40.72960684303375,-74.00083346055158
64570020,2025-04-05T23:47:39.000,Noise - Commercial,40.72141089175726,-73.99497459839357
64569948,2025-04-05T23:27:02.000,Noise - Commercial,40.72124893316328,-73.99458138200244
64563800,2025-04-05T23:26:43.000,Noise - Commercial,40.721976009645886,-73.99025936869197
64570027,2025-04-05T23:23:41.000,Noise - Commercial,40.72204464790691,-73.9904902479372
64564836,2025-04-05T23:18:50.000,Noise - Commercial,40.72204464790691,-73.9904902479372
64568982,2025-04-05T23:17:31.000,Noise - Commercial,40.7189129617464,-73.99156572246149
64568869,2025-04-05T23:15:39.000,Noise - Commercial,40.72204464790691,-73.9904902479372
64564844,2025-04-05T22:59:46.000,Noise - Commercial,40.72138072302072,-73.99554821049932
64562580,2025-04-05T22:56:52.000,Noise - Commercial,40.7178373094788,-73.99811692822324
64570012,2025-04-05T22:51:20.000,Noise - Street/Sidewalk,40.71772748643714,-73.99667396682447
64566989,2025-04-05T22:50:05.000,Noise - Street/Sidewalk,40.71834197686178,-74.00940100041613
64566846,2025-04-05T21:46:14.000,Noise - Commercial,40.7189129617464,-73.99156572246149
64568957,2025-04-05T12:23:11.000,Noise - Street/Sidewalk,40.71919596229167,-74.0020706996822
64563699,2025-04-05T08:17:31.000,Noise - Commercial,40.72788313927833,-74.00014431844039
64567462,2025-04-05T05:12:44.000,Noise - Vehicle,40.71757107035694,-73.99828287627355
64563889,2025-04-05T01:40:49.000,Noise - Street/Sidewalk,40.71812524637479,-73.99199510664727
64563727,2025-04-05T01:33:24.000,Noise - Commercial,40.7189129617464,-73.99156572246149
64556405,2025-04-04T23:30:53.000,Noise - Commercial,40.72368630925832,-74.00471891581489
64557767,2025-04-04T22:49:09.000,Noise - Commercial,40.71763145486084,-73.99826844509361
64555242,2025-04-04T22:47:11.000,Noise - Commercial,40.7178373094788,-73.99811692822324
64553867,2025-04-04T22:32:33.000,Noise - Commercial,40.7189129617464,-73.99156572246149
64553976,2025-04-04T22:24:05.000,Noise - Commercial,40.7178373094788,-73.99811692822324
64552704,2025-04-04T22:21:53.000,Noise - Vehicle,40.72851717796591,-73.99988815214454
64559101,2025-04-04T22:17:37.000,Noise - Street/Sidewalk,40.72851717796591,-73.99988815214454
64559143,2025-04-04T21:46:01.000,Noise - Street/Sidewalk,40.71917659272499,-74.00634557436459
64558827,2025-04-04T19:09:23.000,Noise - Street/Sidewalk,40.72533584279212,-73.9938847398394
64555288,2025-04-04T17:35:09.000,Noise - Street/Sidewalk,40.71919596229167,-74.0020706996822
64556586,2025-04-04T13:35:40.000,Noise - Street/Sidewalk,40.72089463777533,-73.99103515701921
64560532,2025-04-04T05:34:44.000,Noise - Street/Sidewalk,40.72616471666717,-73.99312701150214
64559113,2025-04-04T01:56:54.000,Noise - Street/Sidewalk,40.71773026494201,-73.99818547206426
64547498,2025-04-04T00:03:45.000,Noise - Street/Sidewalk,40.72941744489175,-74.00173186115899
64546268,2025-04-03T23:08:49.000,Noise - Commercial,40.72859677594138,-74.0000144319986
64545087,2025-04-03T23:00:39.000,Noise - Street/Sidewalk,40.72939824022615,-74.00100664400853
64550143,2025-04-03T22:13:48.000,Noise - Commercial,40.7178373094788,-73.99811692822324
64543892,2025-04-03T14:32:12.000,Noise - Street/Sidewalk,40.71919596229167,-74.0020706996822
64539998,2025-04-02T22:40:16.000,Noise - Commercial,40.7189129617464,-73.99156572246149
64540073,2025-04-02T21:47:30.000,Noise - Commercial,40.7189129617464,-73.99156572246149
64541266,2025-04-02T09:56:30.000,Noise - Street/Sidewalk,40.72479528305679,-73.99893209302437
64541268,2025-04-02T08:09:38.000,Noise - Street/Sidewalk,40.72309032175603,-74.0104226497692
64537348,2025-04-02T01:18:51.000,Noise - Commercial,40.71605840306777,-73.99145425673682
64534790,2025-04-02T01:14:45.000,Noise - Commercial,40.71605840306777,-73.99145425673682
64528641,2025-04-01T16:26:34.000,Noise - Commercial,40.717848033845705,-73.99211418472873
64530852,2025-04-01T16:05:12.000,Noise - Commercial,40.72063144477658,-73.99677483381788
64515823,2025-03-31T23:23:37.000,Noise - Commercial,40.72396636820324,-73.99916300224066
64513270,2025-03-31T23:17:25.000,Noise - Commercial,40.72063144477658,-73.99677483381788
64514690,2025-03-31T23:06:07.000,Noise - Commercial,40.7189129617464,-73.99156572246149
64521477,2025-03-31T21:05:13.000,Noise - Commercial,40.725978270589856,-74.00133490741577
64515893,2025-03-31T13:47:17.000,Noise - Street/Sidewalk,40.72487210796236,-73.99723281893698
64518050,2025-03-31T13:46:23.000,Noise - Street/Sidewalk,40.724658021083,-73.99741321714679
64514719,2025-03-31T11:53:23.000,Noise - Street/Sidewalk,40.72487210796236,-73.99723281893698
64520900,2025-03-31T07:51:10.000,Noise - Vehicle,40.71946455378344,-73.99024169821536
64510546,2025-03-31T00:28:38.000,Noise - Vehicle,40.72247045110893,-73.99750349375549
64508531,2025-03-31T00:14:36.000,Noise - Vehicle,40.72243476734225,-73.9974169111069
64506576,2025-03-31T00:12:53.000,Noise - Vehicle,40.72247045110893,-73.99750349375549
64506575,2025-03-31T00:11:33.000,Noise - Vehicle,40.72243476734225,-73.9974169111069
64504932,2025-03-30T21:30:37.000,Noise - Commercial,40.7189129617464,-73.99156572246149
64510257,2025-03-30T17:10:50.000,Noise - Street/Sidewalk,40.717158985036974,-73.99059555906366
64508198,2025-03-30T14:02:39.000,Noise - Commercial,40.721375319366416,-74.00021645652211
64508295,2025-03-30T12:20:52.000,Noise - Street/Sidewalk,40.727770604118064,-74.00023812502452
64505159,2025-03-30T10:41:42.000,Noise - Street/Sidewalk,40.72539087143178,-74.0025795956474
64506073,2025-03-30T02:49:46.000,Noise - Commercial,40.72678792827488,-74.00350327256554
64511391,2025-03-30T02:01:32.000,Noise - Street/Sidewalk,40.71807035293164,-73.992020365249
64495852,2025-03-30T00:53:48.000,Noise - Commercial,40.71773026494201,-73.99818547206426
64496135,2025-03-30T00:48:13.000,Noise - Commercial,40.72671109521736,-74.00276364952728
64498033,2025-03-30T00:22:13.000,Noise - Commercial,40.7189129617464,-73.99156572246149
64500324,2025-03-29T23:50:19.000,Noise - Commercial,40.72796265965498,-73.99577146464924
64499157,2025-03-29T23:41:56.000,Noise - Commercial,40.717872604455565,-73.99037540580335
64500333,2025-03-29T23:39:30.000,Noise - Street/Sidewalk,40.71807035293164,-73.992020365249
64501272,2025-03-29T22:50:51.000,Noise - Commercial,40.72138072302072,-73.99554821049932
64501565,2025-03-29T22:40:07.000,Noise - Street/Sidewalk,40.7189129617464,-73.99156572246149
64500210,2025-03-29T22:21:05.000,Noise - Commercial,40.7178373094788,-73.99811692822324
64495761,2025-03-29T22:17:11.000,Noise - Commercial,40.72960684303375,-74.00083346055158
64499064,2025-03-29T22:15:30.000,Noise - Commercial,40.72960684303375,-74.00083346055158
64503613,2025-03-29T22:11:18.000,Noise - Commercial,40.72994444356584,-74.00130612228668
64501348,2025-03-29T22:01:57.000,Noise - Commercial,40.72960684303375,-74.00083346055158
64500213,2025-03-29T21:13:39.000,Noise - Commercial,40.71990412840029,-74.00030663997067
64498148,2025-03-29T17:40:43.000,Noise - Street/Sidewalk,40.72452627518539,-73.9975250634181
64500424,2025-03-29T14:38:43.000,Noise - Street/Sidewalk,40.72452627518539,-73.9975250634181
64497027,2025-03-29T14:37:50.000,Noise - Street/Sidewalk,40.72474033172686,-73.99624789750276
64500260,2025-03-29T14:29:09.000,Noise - Street/Sidewalk,40.72365037422938,-73.99102396312567
64497028,2025-03-29T14:17:53.000,Noise - Street/Sidewalk,40.723202995922456,-73.99124770125584
64499357,2025-03-29T12:57:50.000,Noise - Street/Sidewalk,40.7206506864118,-74.00196973293467
64503698,2025-03-29T12:14:05.000,Noise - Commercial,40.7237823454753,-73.99459199923471
64497011,2025-03-29T03:40:04.000,Noise - Street/Sidewalk,40.71701346758616,-73.99005808107462
64495945,2025-03-29T03:04:01.000,Noise - Street/Sidewalk,40.71751892039621,-73.99831534421676
64499143,2025-03-29T02:41:53.000,Noise - Street/Sidewalk,40.71757107035694,-73.99828287627355
64501196,2025-03-29T02:13:11.000,Noise - Vehicle,40.7234337221925,-74.00618363230461
64502561,2025-03-29T01:53:02.000,Noise - Commercial,40.71752715499096,-73.9983369884111
64489698,2025-03-29T01:49:48.000,Noise - Commercial,40.72533283110231,-73.99005683996256
64489940,2025-03-29T01:20:40.000,Noise - Street/Sidewalk,40.71872911078678,-73.99224755670346
64492089,2025-03-29T01:12:29.000,Noise - Street/Sidewalk,40.72491860400973,-73.99324619743363
64489869,2025-03-28T23:55:45.000,Noise - Commercial,40.7189129617464,-73.99156572246149
64495170,2025-03-28T23:42:22.000,Noise - Commercial,40.72671109521736,-74.00276364952728
64491244,2025-03-28T23:14:13.000,Noise - Commercial,40.72671109521736,-74.00276364952728
64485912,2025-03-28T22:40:56.000,Noise - Commercial,40.72941739817882,-74.00370906931376
64492517,2025-03-28T22:30:46.000,Noise - Commercial,40.72637883332997,-73.99357075860728
64492591,2025-03-28T21:44:26.000,Noise - Commercial,40.72636517982995,-74.00501495157229
64491230,2025-03-28T16:38:58.000,Noise - Vehicle,40.72506976243219,-73.99945161307824
64488693,2025-03-28T16:32:23.000,Noise - Commercial,40.7237823454753,-73.99459199923471
64485986,2025-03-28T16:05:32.000,Noise - Street/Sidewalk,40.7258463969861,-73.99446555695982
64476024,2025-03-28T00:43:41.000,Noise - Street/Sidewalk,40.72945039095302,-74.00096334824593
64477281,2025-03-27T19:30:45.000,Noise - Commercial,40.72907161420538,-74.00101746315055
64481019,2025-03-27T19:13:18.000,Noise - Commercial,40.72910455064803,-74.00108601616908
64480788,2025-03-27T19:09:13.000,Noise - Vehicle,40.72676873218704,-74.00288271263989
64479720,2025-03-27T16:33:49.000,Noise - Commercial,40.72385100140352,-73.9954470286888
64477284,2025-03-27T13:22:35.000,Noise - Commercial,40.72385100140352,-73.9954470286888
64477193,2025-03-27T13:07:55.000,Noise - Street/Sidewalk,40.724658021083,-73.99741321714679
64477267,2025-03-27T11:42:40.000,Noise - Street/Sidewalk,40.72474310691792,-73.99734105802385
64473445,2025-03-27T01:43:23.000,Noise - Street/Sidewalk,40.7264828876671,-73.99009635510602
64469356,2025-03-27T01:13:27.000,Noise - Vehicle,40.72949430753926,-74.00090201206066
64473591,2025-03-26T23:52:49.000,Noise - Street/Sidewalk,40.72343925678026,-73.99472190501115
64473543,2025-03-26T22:40:36.000,Noise - Commercial,40.72374669627988,-74.00466119629756
64468085,2025-03-26T22:20:49.000,Noise - Vehicle,40.72705138931086,-74.00452432663847
64474089,2025-03-26T22:01:39.000,Noise - Vehicle,40.72337619975635,-74.0033443536729
64472438,2025-03-26T20:39:45.000,Noise - Commercial,40.72877791962051,-74.00153340401842
64473539,2025-03-26T14:43:16.000,Noise - Street/Sidewalk,40.72968054206126,-73.990254634441
64466301,2025-03-26T13:16:43.000,Noise - Street/Sidewalk,40.72508893921768,-73.997048811637
64467570,2025-03-26T09:17:19.000,Noise - Street/Sidewalk,40.72309032175603,-74.0104226497692
64458566,2025-03-25T22:04:42.000,Noise - Commercial,40.7189129617464,-73.99156572246149
64459164,2025-03-25T21:38:03.000,Noise - Street/Sidewalk,40.72995509867461,-73.99126485478797
64461115,2025-03-25T20:55:44.000,Noise - Street/Sidewalk,40.72939000611557,-74.00098860367115
64458523,2025-03-25T19:19:47.000,Noise - Commercial,40.72877791962051,-74.00153340401842
64463719,2025-03-25T18:57:41.000,Noise - Street/Sidewalk,40.71789753868181,-74.00627330417922
64461125,2025-03-25T18:39:59.000,Noise - Street/Sidewalk,40.71783167432213,-74.00608931971792
64465022,2025-03-25T09:30:48.000,Noise - Street/Sidewalk,40.720505187568456,-73.99683616847494
64458908,2025-03-25T07:42:40.000,Noise - Vehicle,40.7174254660163,-73.9942245607518
64446257,2025-03-25T00:18:14.000,Noise - Vehicle,40.7241831627267,-74.00319647597988
64449848,2025-03-25T00:07:41.000,Noise - Street/Sidewalk,40.72662596248946,-73.99574990210847
64454405,2025-03-24T22:51:43.000,Noise - Vehicle,40.728821724274205,-74.00529295335286
64452235,2025-03-24T21:30:20.000,Noise - Vehicle,40.72924728304749,-74.00006494462761
64448627,2025-03-24T21:18:43.000,Noise - Commercial,40.72374669627988,-74.00466119629756
64448475,2025-03-24T21:15:00.000,Noise - Vehicle,40.72997458675549,-74.00360807424809
64448668,2025-03-24T20:52:01.000,Noise - Vehicle,40.71604178096074,-74.01041072559131
64453513,2025-03-24T19:26:44.000,Noise - Street/Sidewalk,40.71781522766775,-74.00566003571015
64447452,2025-03-24T19:22:19.000,Noise - Commercial,40.72678792827488,-74.00350327256554
64451214,2025-03-24T18:38:03.000,Noise - Street/Sidewalk,40.7292939386881,-74.00109684336778
64449543,2025-03-24T08:03:37.000,Noise - Vehicle,40.71946455378344,-73.99024169821536
64449854,2025-03-24T07:28:12.000,Noise - Street/Sidewalk,40.7289260385274,-74.00498988816994
64444900,2025-03-23T12:52:11.000,Noise - Vehicle,40.71946473785299,-73.99273087684574
64438468,2025-03-23T03:41:00.000,Noise - Vehicle,40.72401296921459,-73.99619382218174
64443659,2025-03-23T02:41:01.000,Noise - Vehicle,40.72067790937078,-73.99254315083594
64434580,2025-03-23T00:10:18.000,Noise - Vehicle,40.72949430753926,-74.00090201206066
64436480,2025-03-23T00:09:38.000,Noise - Vehicle,40.7221657470987,-73.99619392767832
64435453,2025-03-22T23:01:27.000,Noise - Street/Sidewalk,40.72117215652796,-73.99657638977774
64436292,2025-03-22T22:24:36.000,Noise - Street/Sidewalk,40.71746677042592,-73.9983478121092
64430935,2025-03-22T22:22:57.000,Noise - Commercial,40.7189129617464,-73.99156572246149
64428782,2025-03-22T22:15:41.000,Noise - Street/Sidewalk,40.71757930490459,-73.99830091307756
64431858,2025-03-22T22:13:17.000,Noise - Commercial,40.71757930490459,-73.99830091307756
64430391,2025-03-22T21:48:20.000,Noise - Commercial,40.72877791962051,-74.00153340401842
64428615,2025-03-22T20:41:27.000,Noise - Commercial,40.72788302506925,-73.99486947945023
64428786,2025-03-22T20:32:36.000,Noise - Street/Sidewalk,40.729702910209525,-74.000725219967
64431041,2025-03-22T20:29:03.000,Noise - Vehicle,40.72976603974209,-74.00069996421334
64428813,2025-03-22T19:29:01.000,Noise - Street/Sidewalk,40.71665139695253,-73.99335886310185
64434327,2025-03-22T19:00:09.000,Noise - Commercial,40.719519842440775,-73.99784992507324
64431926,2025-03-22T17:45:42.000,Noise - Street/Sidewalk,40.72021150232656,-74.00301590820948
64435184,2025-03-22T15:48:14.000,Noise - Commercial,40.72257197725354,-74.00362210417377
64434154,2025-03-22T14:08:26.000,Noise - Street/Sidewalk,40.72161682745682,-73.99733396750808
64419945,2025-03-22T01:10:33.000,Noise - Commercial,40.717872604455565,-73.99037540580335
64423907,2025-03-22T01:10:20.000,Noise - Vehicle,40.72939824022615,-74.00100664400853
64427243,2025-03-22T01:00:36.000,Noise - Street/Sidewalk,40.729285704591554,-74.00107880304749
64426564,2025-03-22T00:55:45.000,Noise - Vehicle,40.72960684303375,-74.00083346055158
64420436,2025-03-22T00:14:43.000,Noise - Commercial,40.72671109521736,-74.00276364952728
64424232,2025-03-22T00:14:01.000,Noise - Commercial,40.72960684303375,-74.00083346055158
64420408,2025-03-21T23:55:16.000,Noise - Commercial,40.72747391687811,-73.992354777559
64425495,2025-03-21T23:10:43.000,Noise - Commercial,40.7286352024897,-74.0000902000432
64426851,2025-03-21T23:04:04.000,Noise - Commercial,40.72929667966864,-74.00143960697945
64421683,2025-03-21T21:59:50.000,Noise - Street/Sidewalk,40.71807035293164,-73.992020365249
64425496,2025-03-21T21:07:59.000,Noise - Commercial,40.72374669627988,-74.00466119629756
64426952,2025-03-21T13:39:56.000,Noise - Commercial,40.71763119682121,-73.99209978076
64422618,2025-03-21T05:51:56.000,Noise - Vehicle,40.719519842440775,-73.99784992507324
64416629,2025-03-21T00:35:22.000,Noise - Commercial,40.72832504382953,-73.99945880225974
64410595,2025-03-20T14:33:01.000,Noise - Commercial,40.71742011026874,-73.99840192418509
64410552,2025-03-20T02:28:47.000,Noise - Commercial,40.7189129617464,-73.99156572246149
64409264,2025-03-20T02:10:02.000,Noise - Commercial,40.729977333527565,-74.00354312905763
64400336,2025-03-20T00:20:12.000,Noise - Commercial,40.72698284261811,-74.0019590963611
64405565,2025-03-19T22:49:31.000,Noise - Commercial,40.7189129617464,-73.99156572246149
64399099,2025-03-19T22:30:57.000,Noise - Street/Sidewalk,40.729702910209525,-74.000725219967
64400379,2025-03-19T21:56:40.000,Noise - Commercial,40.7189129617464,-73.99156572246149
64400335,2025-03-19T21:05:01.000,Noise - Commercial,40.7189129617464,-73.99156572246149
64403481,2025-03-19T19:51:31.000,Noise - Street/Sidewalk,40.72475941187624,-73.993311153821
64400364,2025-03-19T19:49:31.000,Noise - Street/Sidewalk,40.724136308682176,-73.99260409575837
64408156,2025-03-19T14:26:12.000,Noise - Commercial,40.71859485469812,-73.99765515217025
64403025,2025-03-19T08:53:30.000,Noise - Commercial,40.722401793171166,-73.99610011492682
64396621,2025-03-19T00:48:37.000,Noise - Vehicle,40.72959860892181,-74.00081181212525
64391129,2025-03-18T20:21:44.000,Noise - Street/Sidewalk,40.7183258713724,-73.99781388915383
64391125,2025-03-18T15:44:41.000,Noise - Street/Sidewalk,40.72161682745682,-73.99733396750808
64388514,2025-03-18T15:32:46.000,Noise - Street/Sidewalk,40.72170191742568,-73.9974421928957
64397914,2025-03-18T15:10:12.000,Noise - Street/Sidewalk,40.72342524314428,-73.99027358775227
64397831,2025-03-18T14:47:35.000,Noise - Street/Sidewalk,40.72178151861244,-73.99759010269902
64395136,2025-03-18T09:45:25.000,Noise - Street/Sidewalk,40.72479528305679,-73.99893209302437
64393935,2025-03-18T09:44:19.000,Noise - Street/Sidewalk,40.72479528305679,-73.99893209302437
64382941,2025-03-18T00:17:33.000,Noise - Commercial,40.7189129617464,-73.99156572246149
64380143,2025-03-17T23:08:43.000,Noise - Commercial,40.72374669627988,-74.00466119629756
64380273,2025-03-17T10:02:35.000,Noise - Street/Sidewalk,40.72823707605127,-73.99438598284803
64385268,2025-03-17T08:02:13.000,Noise - Vehicle,40.71946455378344,-73.99024169821536
64369837,2025-03-17T00:35:06.000,Noise - Street/Sidewalk,40.72603006975855,-73.9909081910585
64375511,2025-03-17T00:10:21.000,Noise - Commercial,40.72472378285656,-73.99429247627018
64369867,2025-03-16T23:19:27.000,Noise - Street/Sidewalk,40.71875111562585,-74.00702373758877
64371903,2025-03-16T22:27:07.000,Noise - Street/Sidewalk,40.728692831702574,-73.99843051789102
64371160,2025-03-16T17:53:35.000,Noise - Street/Sidewalk,40.72161682745682,-73.99733396750808
64373135,2025-03-16T16:16:09.000,Noise - Commercial,40.72678792827488,-74.00350327256554
64370437,2025-03-16T11:41:32.000,Noise - Commercial,40.71627006321447,-73.99909095224241
64370490,2025-03-16T03:45:41.000,Noise - Street/Sidewalk,40.72976603974209,-74.00069996421334
64375968,2025-03-16T03:32:19.000,Noise - Vehicle,40.72401296921459,-73.99619382218174
64372389,2025-03-16T03:02:20.000,Noise - Vehicle,40.72401296921459,-73.99619382218174
64362160,2025-03-16T01:01:34.000,Noise - Street/Sidewalk,40.728692831702574,-73.99843051789102
64367864,2025-03-16T00:39:51.000,Noise - Street/Sidewalk,40.722107878837065,-73.99181063821976
64361435,2025-03-16T00:32:32.000,Noise - Vehicle,40.72022778362639,-73.99277408418065
64363607,2025-03-15T23:43:11.000,Noise - Street/Sidewalk,40.71807035293164,-73.992020365249
64362482,2025-03-15T22:34:13.000,Noise - Commercial,40.72374669627988,-74.00466119629756
64365655,2025-03-15T22:27:56.000,Noise - Street/Sidewalk,40.72086753817938,-73.99951297653594
64364483,2025-03-15T22:23:06.000,Noise - Commercial,40.72374669627988,-74.00466119629756
64367865,2025-03-15T22:18:03.000,Noise - Street/Sidewalk,40.72116657841893,-73.99433246447695
64368076,2025-03-15T22:15:53.000,Noise - Vehicle,40.72111716702185,-73.9942170256473
64364529,2025-03-15T21:42:45.000,Noise - Commercial,40.72374669627988,-74.00466119629756
64361177,2025-03-15T20:16:11.000,Noise - Commercial,40.72309620643836,-73.99580063503683
64368995,2025-03-15T19:23:11.000,Noise - Street/Sidewalk,40.72819321240205,-73.99559105112965
64362547,2025-03-15T18:42:52.000,Noise - Street/Sidewalk,40.7240734167315,-74.000119055907
64364474,2025-03-15T16:17:32.000,Noise - Commercial,40.7185204568837,-73.99150805286503
64368932,2025-03-15T16:13:16.000,Noise - Commercial,40.72199557880803,-73.99640318064876
64363385,2025-03-15T15:49:28.000,Noise - Commercial,40.7185204568837,-73.99150805286503
64368941,2025-03-15T15:38:12.000,Noise - Commercial,40.7185204568837,-73.99150805286503
64361198,2025-03-15T14:46:37.000,Noise - Commercial,40.71908850194956,-73.99001087423854
64368719,2025-03-15T12:22:03.000,Noise - Vehicle,40.718710131728336,-74.00248193553419
64365805,2025-03-15T06:34:32.000,Noise - Commercial,40.71773026494201,-73.99818547206426
64365857,2025-03-15T06:03:50.000,Noise - Street/Sidewalk,40.71784279935058,-73.99813857257311
64361459,2025-03-15T04:08:31.000,Noise - Vehicle,40.71836938242169,-73.99009756072188
64364482,2025-03-15T02:06:43.000,Noise - Commercial,40.72944753414978,-74.0051703295056
64353798,2025-03-15T01:35:24.000,Noise - Commercial,40.71757069164552,-73.9905053159014
64351168,2025-03-15T00:07:57.000,Noise - Commercial,40.72747391687811,-73.992354777559
64356659,2025-03-15T00:06:42.000,Noise - Commercial,40.72671109521736,-74.00276364952728
64358974,2025-03-14T23:48:04.000,Noise - Commercial,40.72374669627988,-74.00466119629756
64355414,2025-03-14T23:40:25.000,Noise - Street/Sidewalk,40.72993620950281,-74.00128808176443
64351542,2025-03-14T23:40:12.000,Noise - Street/Sidewalk,40.71807035293164,-73.992020365249
64354213,2025-03-14T23:33:42.000,Noise - Commercial,40.72994718864504,-74.00127725775836
64359074,2025-03-14T23:11:10.000,Noise - Street/Sidewalk,40.72957654135774,-74.00508735430294
64354089,2025-03-14T22:51:21.000,Noise - Commercial,40.718641515611786,-73.9976551505286
64354237,2025-03-14T22:38:25.000,Noise - Street/Sidewalk,40.727333778176565,-73.990283841079
64357045,2025-03-14T21:47:14.000,Noise - Vehicle,40.72392216052382,-74.00823648543015
64357817,2025-03-14T21:20:58.000,Noise - Commercial,40.72161682745682,-73.99733396750808
64352841,2025-03-14T20:50:42.000,Noise - Street/Sidewalk,40.71739503411123,-73.9905919183635
64359175,2025-03-14T12:17:19.000,Noise - Street/Sidewalk,40.71946219077994,-74.00270562885954
64351441,2025-03-14T12:02:35.000,Noise - Commercial,40.71833136130082,-73.99783553363737
64352890,2025-03-14T08:56:26.000,Noise - Commercial,40.71727707019527,-73.99136752319681
64354039,2025-03-14T08:07:10.000,Noise - Commercial,40.72150422324485,-73.99520187114412
64356660,2025-03-14T05:05:40.000,Noise - Commercial,40.72636793139132,-74.00485620510416
64355340,2025-03-14T02:39:09.000,Noise - Commercial,40.7189129617464,-73.99156572246149
64360313,2025-03-14T02:02:30.000,Noise - Vehicle,40.72975506082844,-74.00068192378622
64346789,2025-03-14T01:00:00.000,Noise - Vehicle,40.72981819035102,-74.00065666797178
64342348,2025-03-13T21:48:22.000,Noise - Commercial,40.72374669627988,-74.00466119629756
64347778,2025-03-13T21:11:44.000,Noise - Commercial,40.7189129617464,-73.99156572246149
64348966,2025-03-13T20:53:11.000,Noise - Commercial,40.72374669627988,-74.00466119629756
64347730,2025-03-13T20:39:45.000,Noise - Commercial,40.71872911078678,-73.99224755670346
64350249,2025-03-13T15:28:08.000,Noise - Commercial,40.71833136130082,-73.99783553363737
64342544,2025-03-13T12:58:12.000,Noise - Street/Sidewalk,40.71808709503711,-74.00082970906477
64349144,2025-03-13T11:19:08.000,Noise - Vehicle,40.724523556734326,-73.9997402399029
64335964,2025-03-12T22:43:10.000,Noise - Commercial,40.7189129617464,-73.99156572246149
64334708,2025-03-12T19:38:55.000,Noise - Street/Sidewalk,40.71746098197346,-73.99154065442525
64338517,2025-03-12T13:06:52.000,Noise - Commercial,40.7185204568837,-73.99150805286503
64326407,2025-03-12T01:40:42.000,Noise - Vehicle,40.71836938242169,-73.99009756072188
64329445,2025-03-12T00:55:53.000,Noise - Vehicle,40.722399083510254,-73.99733032855106
64316790,2025-03-12T00:54:04.000,Noise - Vehicle,40.72243476734225,-73.9974169111069
64322472,2025-03-11T23:11:08.000,Noise - Street/Sidewalk,40.72980721143065,-74.00063862753768
64325129,2025-03-11T22:55:06.000,Noise - Commercial,40.7189129617464,-73.99156572246149
64330108,2025-03-11T22:21:45.000,Noise - Commercial,40.7189129617464,-73.99156572246149
64326427,2025-03-11T21:17:55.000,Noise - Commercial,40.72164427479085,-73.99732314354031
64326550,2025-03-11T21:04:15.000,Noise - Commercial,40.7189129617464,-73.99156572246149
64323731,2025-03-11T20:03:32.000,Noise - Commercial,40.72038440901295,-73.99651870936263
64327961,2025-03-11T19:10:17.000,Noise - Commercial,40.72678792827488,-74.00350327256554
64318797,2025-03-11T18:18:11.000,Noise - Street/Sidewalk,40.72076560164813,-73.99062751832018
64325248,2025-03-11T18:07:43.000,Noise - Street/Sidewalk,40.72076560164813,-73.99062751832018
64320023,2025-03-11T14:02:03.000,Noise - Street/Sidewalk,40.71866886562102,-73.99471146040405
64322616,2025-03-11T13:03:52.000,Noise - Street/Sidewalk,40.71866886562102,-73.99471146040405
64313536,2025-03-10T22:58:21.000,Noise - Street/Sidewalk,40.71720850352489,-74.00790377652037
64309629,2025-03-10T22:42:36.000,Noise - Commercial,40.72380433851432,-74.00460347648603
64312124,2025-03-10T22:42:32.000,Noise - Street/Sidewalk,40.72975506082844,-74.00068192378622
64299196,2025-03-09T23:14:09.000,Noise - Commercial,40.71982998359442,-73.99709233480648
64300177,2025-03-09T23:01:08.000,Noise - Commercial,40.7189129617464,-73.99156572246149
64304671,2025-03-09T22:39:20.000,Noise - Commercial,40.7189129617464,-73.99156572246149
64301065,2025-03-09T22:17:11.000,Noise - Commercial,40.7189129617464,-73.99156572246149
64300264,2025-03-09T21:53:50.000,Noise - Street/Sidewalk,40.71960220287373,-74.00074675513389
64301212,2025-03-09T20:02:55.000,Noise - Vehicle,40.72720788095165,-74.00333733011755
64302758,2025-03-09T19:38:31.000,Noise - Commercial,40.71768360480758,-73.99823597705887
64305707,2025-03-09T18:13:21.000,Noise - Street/Sidewalk,40.72508339273339,-73.99532788678106
64301146,2025-03-09T15:42:57.000,Noise - Street/Sidewalk,40.72959860892181,-74.00081181212525
64300266,2025-03-09T15:34:50.000,Noise - Street/Sidewalk,40.72976603974209,-74.00069996421334
64299300,2025-03-09T15:17:47.000,Noise - Street/Sidewalk,40.729702910209525,-74.000725219967
64302133,2025-03-09T14:40:21.000,Noise - Street/Sidewalk,40.727350654273856,-74.00073962609699
64304602,2025-03-09T09:50:05.000,Noise - Commercial,40.72035421423702,-73.99643934476434
64305721,2025-03-09T00:59:23.000,Noise - Street/Sidewalk,40.72995542299108,-74.00127004176976
64292054,2025-03-09T00:09:49.000,Noise - Commercial,40.71812826082783,-74.00140689884839
64290573,2025-03-09T00:01:17.000,Noise - Commercial,40.72671109521736,-74.00276364952728
64292043,2025-03-08T22:43:37.000,Noise - Commercial,40.71763145486084,-73.99826844509361
64291750,2025-03-08T20:45:21.000,Noise - Commercial,40.71608067809581,-73.99976913138423
64290500,2025-03-08T17:37:09.000,Noise - Commercial,40.72478948714259,-73.99153250858899
64293682,2025-03-08T15:47:09.000,Noise - Street/Sidewalk,40.72056559762908,-74.00204188171735
64289145,2025-03-08T14:02:15.000,Noise - Commercial,40.72243472904219,-73.99606403633898
64291751,2025-03-08T12:09:55.000,Noise - Commercial,40.72678792827488,-74.00350327256554
64282774,2025-03-08T00:59:39.000,Noise - Commercial,40.72671109521736,-74.00276364952728
64282402,2025-03-08T00:34:12.000,Noise - Street/Sidewalk,40.71807035293164,-73.992020365249
64286321,2025-03-08T00:27:56.000,Noise - Commercial,40.72832504382953,-73.99945880225974
64281986,2025-03-08T00:25:36.000,Noise - Street/Sidewalk,40.72511626735059,-73.99398217089116
64287297,2025-03-08T00:20:51.000,Noise - Street/Sidewalk,40.72842385586966,-73.99967888886464
64284366,2025-03-08T00:15:20.000,Noise - Commercial,40.72671109521736,-74.00276364952728
64286313,2025-03-08T00:06:09.000,Noise - Commercial,40.71692039694916,-73.99359692255867
64285400,2025-03-07T23:51:07.000,Noise - Street/Sidewalk,40.722047496202826,-73.99183950680036
64285334,2025-03-07T23:46:04.000,Noise - Commercial,40.72879439653422,-73.99935055813754
64280201,2025-03-07T23:35:19.000,Noise - Commercial,40.725802211233166,-73.9903706527378
64282403,2025-03-07T23:27:07.000,Noise - Street/Sidewalk,40.72842385586966,-73.99967888886464
64281015,2025-03-07T23:21:54.000,Noise - Commercial,40.72478948714259,-73.99153250858899
64282356,2025-03-07T23:18:09.000,Noise - Commercial,40.72321414039738,-74.00620525818007
64286953,2025-03-07T22:14:35.000,Noise - Vehicle,40.723202995922456,-73.99124770125584
64284070,2025-03-07T22:00:52.000,Noise - Vehicle,40.723202995922456,-73.99124770125584
64282338,2025-03-07T21:52:08.000,Noise - Commercial,40.718633144554346,-74.00608217802295
64281405,2025-03-07T21:29:43.000,Noise - Commercial,40.718633144554346,-74.00608217802295
64284419,2025-03-07T16:50:23.000,Noise - Street/Sidewalk,40.720955300592095,-73.99595950371683
64280296,2025-03-07T16:39:50.000,Noise - Street/Sidewalk,40.72420514391774,-74.00221155803807
64285252,2025-03-07T16:38:45.000,Noise - Commercial,40.720955300592095,-73.99595950371683
64283356,2025-03-07T16:23:58.000,Noise - Commercial,40.720955300592095,-73.99595950371683
64270017,2025-03-07T01:07:57.000,Noise - Commercial,40.719659636672255,-73.993069962078
64272499,2025-03-07T00:22:36.000,Noise - Commercial,40.719659636672255,-73.993069962078
64272658,2025-03-07T00:16:02.000,Noise - Commercial,40.719659636672255,-73.993069962078
64271317,2025-03-06T23:48:51.000,Noise - Commercial,40.72923348888587,-74.00402656608034
64277745,2025-03-06T14:26:16.000,Noise - Commercial,40.72344486544228,-74.00064938973163
64273737,2025-03-06T13:26:21.000,Noise - Commercial,40.72344486544228,-74.00064938973163
64269998,2025-03-06T04:48:53.000,Noise - Commercial,40.72171284280231,-74.0043471905032
64260349,2025-03-05T23:29:21.000,Noise - Commercial,40.72707618085859,-74.00018400378333
64264143,2025-03-05T18:56:48.000,Noise - Commercial,40.71609988901439,-73.99922081819719
64255733,2025-03-04T23:48:56.000,Noise - Street/Sidewalk,40.7287312685129,-74.00032832863054
64253182,2025-03-04T21:32:47.000,Noise - Commercial,40.72381811036094,-73.99681797249313
64251948,2025-03-04T21:22:55.000,Noise - Vehicle,40.71660462938471,-73.99171391593737
64255675,2025-03-04T16:25:17.000,Noise - Commercial,40.717848033845705,-73.99211418472873
64255734,2025-03-04T12:54:32.000,Noise - Street/Sidewalk,40.72038440433181,-74.00363280794991
64243999,2025-03-03T23:39:37.000,Noise - Commercial,40.7174254660163,-73.9942245607518
64248169,2025-03-03T14:17:20.000,Noise - Street/Sidewalk,40.72127092943749,-74.00453475703705
64235151,2025-03-02T23:30:47.000,Noise - Street/Sidewalk,40.72959860892181,-74.00081181212525
64235080,2025-03-02T22:29:29.000,Noise - Street/Sidewalk,40.72965899371875,-74.00078655646078
64236101,2025-03-02T13:54:21.000,Noise - Street/Sidewalk,40.7183258713724,-73.99781388915383
64233027,2025-03-02T03:34:02.000,Noise - Street/Sidewalk,40.72058988771079,-73.99003950973871
64233994,2025-03-02T01:04:46.000,Noise - Commercial,40.727350654273856,-74.00073962609699
64238286,2025-03-02T00:56:24.000,Noise - Street/Sidewalk,40.722107878837065,-73.99181063821976
64223671,2025-03-02T00:44:37.000,Noise - Commercial,40.72671109521736,-74.00276364952728
64226513,2025-03-02T00:25:17.000,Noise - Commercial,40.727350654273856,-74.00073962609699
64228959,2025-03-02T00:22:46.000,Noise - Street/Sidewalk,40.7189129617464,-73.99156572246149
64225835,2025-03-02T00:21:14.000,Noise - Street/Sidewalk,40.71807035293164,-73.992020365249
64223933,2025-03-02T00:17:57.000,Noise - Vehicle,40.722047496202826,-73.99183950680036
64225899,2025-03-01T23:58:01.000,Noise - Commercial,40.7241169184207,-74.00976980628137
64224829,2025-03-01T23:57:58.000,Noise - Commercial,40.7241169184207,-74.00976980628137
64227681,2025-03-01T22:41:35.000,Noise - Vehicle,40.722020337416645,-74.00030304206386
64228908,2025-03-01T19:21:27.000,Noise - Commercial,40.717872604455565,-73.99037540580335
64224825,2025-03-01T13:33:40.000,Noise - Commercial,40.72636517982995,-74.00501495157229
64226961,2025-03-01T12:12:02.000,Noise - Street/Sidewalk,40.71888579994293,-74.00230878332638
64226810,2025-03-01T03:59:18.000,Noise - Street/Sidewalk,40.71757618265162,-73.99052335213463
64225875,2025-03-01T02:18:23.000,Noise - Commercial,40.72739705035404,-73.9921563499686
64226958,2025-03-01T01:56:14.000,Noise - Street/Sidewalk,40.71807035293164,-73.992020365249
64226959,2025-03-01T01:39:55.000,Noise - Vehicle,40.72192151021462,-74.00193730174988
64223565,2025-03-01T01:02:01.000,Noise - Commercial,40.717872604455565,-73.99037540580335
64225866,2025-03-01T00:56:00.000,Noise - Commercial,40.72374669627988,-74.00466119629756
64229828,2025-03-01T00:54:30.000,Noise - Street/Sidewalk,40.71807035293164,-73.992020365249
64217803,2025-03-01T00:47:04.000,Noise - Street/Sidewalk,40.72879439753808,-74.000436569252
64217774,2025-03-01T00:42:51.000,Noise - Street/Sidewalk,40.72842385586966,-73.99967888886464
64222763,2025-03-01T00:26:02.000,Noise - Commercial,40.7189129617464,-73.99156572246149
64216743,2025-03-01T00:04:55.000,Noise - Commercial,40.72671109521736,-74.00276364952728
64220375,2025-02-28T23:58:48.000,Noise - Commercial,40.717872604455565,-73.99037540580335
64219202,2025-02-28T23:27:58.000,Noise - Commercial,40.7189129617464,-73.99156572246149
64217967,2025-02-28T23:06:39.000,Noise - Commercial,40.717872604455565,-73.99037540580335
64218202,2025-02-28T22:59:42.000,Noise - Street/Sidewalk,40.71814198847004,-73.99895384423061
64216745,2025-02-28T22:34:16.000,Noise - Commercial,40.7189129617464,-73.99156572246149
64222693,2025-02-28T21:57:43.000,Noise - Commercial,40.72720788095165,-74.00333733011755
64220345,2025-02-28T21:48:00.000,Noise - Commercial,40.7189129617464,-73.99156572246149
64221736,2025-02-28T03:21:17.000,Noise - Commercial,40.72974400498379,-74.00426112094296
64209763,2025-02-28T01:15:06.000,Noise - Commercial,40.721976009645886,-73.99025936869197
64213429,2025-02-28T01:14:15.000,Noise - Commercial,40.72175916328886,-73.99013674098215
64209051,2025-02-28T00:06:40.000,Noise - Commercial,40.72374669627988,-74.00466119629756
64206118,2025-02-28T00:02:57.000,Noise - Street/Sidewalk,40.7209086629608,-73.99668823840007
64207404,2025-02-27T23:45:05.000,Noise - Street/Sidewalk,40.72146309396011,-73.99634909518457
64207375,2025-02-27T23:12:09.000,Noise - Street/Sidewalk,40.72081227275736,-73.9907537769954
64209751,2025-02-27T23:08:11.000,Noise - Street/Sidewalk,40.71737617246886,-74.00274522549336
64212197,2025-02-27T21:38:34.000,Noise - Commercial,40.7189129617464,-73.99156572246149
64211332,2025-02-27T21:18:57.000,Noise - Commercial,40.718633144554346,-74.00608217802295
64206072,2025-02-27T18:11:36.000,Noise - Commercial,40.72772382694729,-73.99481898037325
64209724,2025-02-27T12:03:16.000,Noise - Commercial,40.72620324719819,-73.99517266985707
64203124,2025-02-27T01:24:54.000,Noise - Commercial,40.72939824022615,-74.00100664400853
64199487,2025-02-27T00:40:55.000,Noise - Commercial,40.72707618085859,-74.00018400378333
64194679,2025-02-26T23:01:15.000,Noise - Commercial,40.7189129617464,-73.99156572246149
64195873,2025-02-26T22:52:19.000,Noise - Commercial,40.72939824022615,-74.00100664400853
64198355,2025-02-26T22:41:16.000,Noise - Street/Sidewalk,40.7293378553788,-74.00103189937474
64202007,2025-02-26T22:06:33.000,Noise - Commercial,40.7189129617464,-73.99156572246149
64195836,2025-02-26T17:43:41.000,Noise - Commercial,40.717848033845705,-73.99211418472873
64198354,2025-02-26T17:11:16.000,Noise - Street/Sidewalk,40.72042832901015,-74.00335142086354
64189631,2025-02-25T21:55:25.000,Noise - Commercial,40.7228711403061,-73.99591248759855
64189601,2025-02-25T21:48:17.000,Noise - Commercial,40.72670555788133,-73.99568134698426
64186775,2025-02-25T21:35:44.000,Noise - Commercial,40.7228711403061,-73.99591248759855
64188182,2025-02-25T19:43:52.000,Noise - Commercial,40.71979159297347,-74.00040404257324
64192248,2025-02-25T19:18:00.000,Noise - Commercial,40.72678792827488,-74.00350327256554
64190603,2025-02-25T09:48:25.000,Noise - Vehicle,40.725947765289256,-74.00859391355074
64177094,2025-02-24T12:22:28.000,Noise - Street/Sidewalk,40.71943474452872,-74.00264790768674
64175324,2025-02-24T07:38:11.000,Noise - Vehicle,40.71946455378344,-73.99024169821536
64182438,2025-02-24T02:29:02.000,Noise - Street/Sidewalk,40.72146272472165,-74.00991732934838
64164141,2025-02-23T19:47:53.000,Noise - Commercial,40.71880866483587,-73.99161984770691
64168416,2025-02-23T17:25:03.000,Noise - Vehicle,40.725947765289256,-74.00859391355074
64164400,2025-02-23T17:15:22.000,Noise - Street/Sidewalk,40.7202938249859,-74.00370495401587
64164391,2025-02-23T15:41:49.000,Noise - Street/Sidewalk,40.72508339273339,-73.99532788678106
64168674,2025-02-23T13:32:15.000,Noise - Commercial,40.71756556218974,-73.9973088777433
64164149,2025-02-23T13:19:06.000,Noise - Commercial,40.71756556218974,-73.9973088777433
64171909,2025-02-23T12:55:50.000,Noise - Street/Sidewalk,40.720532569112805,-74.00502172781495
64172006,2025-02-23T04:32:23.000,Noise - Commercial,40.7229342174866,-73.9946389680679
64160841,2025-02-23T00:48:54.000,Noise - Commercial,40.72468799106482,-73.99239117503917
64155796,2025-02-23T00:11:44.000,Noise - Commercial,40.72671109521736,-74.00276364952728
64160744,2025-02-22T23:43:15.000,Noise - Street/Sidewalk,40.72380707815423,-74.00472974758733
64155784,2025-02-22T23:06:20.000,Noise - Commercial,40.717872604455565,-73.99037540580335
64155188,2025-02-22T22:38:46.000,Noise - Commercial,40.72720788095165,-74.00333733011755
64156000,2025-02-22T22:37:47.000,Noise - Street/Sidewalk,40.724956972491306,-73.99231898827651
64157702,2025-02-22T22:27:35.000,Noise - Commercial,40.717872604455565,-73.99037540580335
64158175,2025-02-22T21:53:07.000,Noise - Commercial,40.72277774801612,-73.99426017376898
64160699,2025-02-22T21:25:44.000,Noise - Commercial,40.72468799106482,-73.99239117503917
64155792,2025-02-22T21:05:37.000,Noise - Commercial,40.72468799106482,-73.99239117503917
64155661,2025-02-22T17:00:42.000,Noise - Vehicle,40.725947765289256,-74.00859391355074
64157140,2025-02-22T14:02:44.000,Noise - Street/Sidewalk,40.71943474452872,-74.00264790768674
64162861,2025-02-22T13:38:20.000,Noise - Vehicle,40.725947765289256,-74.00859391355074
64156929,2025-02-22T12:26:56.000,Noise - Commercial,40.7185204568837,-73.99150805286503
64157061,2025-02-22T12:25:18.000,Noise - Street/Sidewalk,40.718635767904615,-73.99194093342447
64155743,2025-02-22T09:45:49.000,Noise - Vehicle,40.725947765289256,-74.00859391355074
64156010,2025-02-22T01:51:52.000,Noise - Street/Sidewalk,40.71601142884728,-74.01204844340548
64147126,2025-02-22T00:17:33.000,Noise - Commercial,40.725802211233166,-73.9903706527378
64144805,2025-02-22T00:09:31.000,Noise - Commercial,40.72671109521736,-74.00276364952728
64144834,2025-02-21T23:26:30.000,Noise - Commercial,40.725802211233166,-73.9903706527378
64152355,2025-02-21T22:46:03.000,Noise - Commercial,40.717872604455565,-73.99037540580335
64151120,2025-02-21T22:34:07.000,Noise - Commercial,40.7189129617464,-73.99156572246149
64152262,2025-02-21T22:04:17.000,Noise - Street/Sidewalk,40.7189129617464,-73.99156572246149
64148056,2025-02-21T21:53:56.000,Noise - Commercial,40.717872604455565,-73.99037540580335
64151196,2025-02-21T21:38:29.000,Noise - Street/Sidewalk,40.7189129617464,-73.99156572246149
64147203,2025-02-21T20:25:39.000,Noise - Vehicle,40.72076560164813,-73.99062751832018
64149758,2025-02-21T12:17:51.000,Noise - Street/Sidewalk,40.71946219077994,-74.00270562885954
64149760,2025-02-21T08:21:08.000,Noise - Street/Sidewalk,40.71764758434044,-74.00900408770751
64142329,2025-02-20T23:40:36.000,Noise - Commercial,40.72292877855045,-73.99586558405704
64140790,2025-02-20T21:58:08.000,Noise - Commercial,40.72114747472924,-74.00262272256012
64135528,2025-02-20T21:40:07.000,Noise - Commercial,40.72108983371856,-74.00266961900404
64142362,2025-02-20T14:22:23.000,Noise - Street/Sidewalk,40.71943474452872,-74.00264790768674
64132518,2025-02-20T01:19:49.000,Noise - Commercial,40.72707618085859,-74.00018400378333
64124978,2025-02-20T01:00:19.000,Noise - Commercial,40.72287388416484,-73.99588723360148
64126672,2025-02-20T00:27:44.000,Noise - Vehicle,40.72003860013966,-73.99775611239289
64131038,2025-02-19T22:49:18.000,Noise - Commercial,40.71911350806538,-73.99452744332153
64124967,2025-02-19T19:36:03.000,Noise - Street/Sidewalk,40.72855822132612,-73.99456996366895
64120552,2025-02-19T00:28:23.000,Noise - Commercial,40.7190447067564,-73.99151880851599
64116183,2025-02-19T00:19:14.000,Noise - Commercial,40.72287388416484,-73.99588723360148
64110363,2025-02-18T22:40:38.000,Noise - Street/Sidewalk,40.7189129617464,-73.99156572246149
64110376,2025-02-18T21:50:48.000,Noise - Street/Sidewalk,40.7189129617464,-73.99156572246149
64110357,2025-02-18T14:12:58.000,Noise - Street/Sidewalk,40.71943474452872,-74.00264790768674
64118763,2025-02-18T05:20:04.000,Noise - Vehicle,40.72593953744873,-74.00850732395048
64111751,2025-02-18T02:52:36.000,Noise - Commercial,40.72225084389515,-74.00351385703756
64108364,2025-02-17T15:21:00.000,Noise - Street/Sidewalk,40.7269800530374,-74.00376305233803
64108211,2025-02-17T14:14:15.000,Noise - Street/Sidewalk,40.71943474452872,-74.00264790768674
64108165,2025-02-17T10:28:53.000,Noise - Street/Sidewalk,40.72516018252166,-73.9939641278576
64109361,2025-02-17T10:20:34.000,Noise - Street/Sidewalk,40.72520958815108,-73.99396412338288
64103494,2025-02-17T02:11:39.000,Noise - Street/Sidewalk,40.71934119938385,-73.99235571046434
64096503,2025-02-17T00:53:35.000,Noise - Street/Sidewalk,40.719508824331584,-73.99630951965288
64093550,2025-02-17T00:49:36.000,Noise - Street/Sidewalk,40.719508824331584,-73.99630951965288
64096377,2025-02-17T00:45:08.000,Noise - Street/Sidewalk,40.719508824331584,-73.99630951965288
64093498,2025-02-17T00:38:48.000,Noise - Street/Sidewalk,40.719508824331584,-73.99630951965288
64096379,2025-02-16T21:05:56.000,Noise - Street/Sidewalk,40.7189129617464,-73.99156572246149
64100221,2025-02-16T20:16:39.000,Noise - Commercial,40.722868369023296,-74.00477658093135
64095419,2025-02-16T19:50:14.000,Noise - Commercial,40.7228711403061,-73.99591248759855
64098295,2025-02-16T17:32:17.000,Noise - Commercial,40.721976009645886,-73.99025936869197
64096404,2025-02-16T17:21:45.000,Noise - Commercial,40.721976009645886,-73.99025936869197
64093320,2025-02-16T17:04:03.000,Noise - Commercial,40.72175916328886,-73.99013674098215
64094447,2025-02-16T08:22:03.000,Noise - Commercial,40.72877791962051,-74.00153340401842
64094530,2025-02-16T07:41:47.000,Noise - Commercial,40.72877791962051,-74.00153340401842
64099224,2025-02-16T06:39:01.000,Noise - Commercial,40.72877791962051,-74.00153340401842
64094531,2025-02-16T06:26:50.000,Noise - Commercial,40.72877791962051,-74.00153340401842
64096378,2025-02-16T03:50:06.000,Noise - Street/Sidewalk,40.719508824331584,-73.99630951965288
64099220,2025-02-16T03:45:53.000,Noise - Street/Sidewalk,40.719508824331584,-73.99630951965288
64094595,2025-02-16T03:22:47.000,Noise - Street/Sidewalk,40.71850974473824,-73.996735254498
64100208,2025-02-16T02:06:27.000,Noise - Commercial,40.71872911078678,-73.99224755670346
64098072,2025-02-16T01:38:46.000,Noise - Vehicle,40.72296421123846,-73.99137039423577
64086059,2025-02-16T00:44:52.000,Noise - Commercial,40.71800199374638,-73.99803756019594
64091639,2025-02-15T23:59:06.000,Noise - Commercial,40.72671109521736,-74.00276364952728
64086586,2025-02-15T23:50:42.000,Noise - Commercial,40.7189129617464,-73.99156572246149
64086756,2025-02-15T23:20:35.000,Noise - Street/Sidewalk,40.7189129617464,-73.99156572246149
64088736,2025-02-15T19:19:31.000,Noise - Commercial,40.72957654135774,-74.00508735430294
64092675,2025-02-15T14:04:07.000,Noise - Street/Sidewalk,40.72042832901015,-74.00335142086354
64085613,2025-02-15T13:54:26.000,Noise - Street/Sidewalk,40.72001388661449,-74.0027381190713
64086662,2025-02-15T11:48:53.000,Noise - Street/Sidewalk,40.72191875398071,-73.99747104567864
64085528,2025-02-15T05:42:19.000,Noise - Vehicle,40.725204248722505,-74.00136736225517
64087390,2025-02-15T02:11:25.000,Noise - Commercial,40.717872604455565,-73.99037540580335
64089754,2025-02-15T02:01:28.000,Noise - Street/Sidewalk,40.71807035293164,-73.992020365249
64089655,2025-02-15T02:00:59.000,Noise - Street/Sidewalk,40.71807035293164,-73.992020365249
64086661,2025-02-15T01:58:26.000,Noise - Street/Sidewalk,40.72944215683575,-74.0009453078998
64080688,2025-02-15T00:45:16.000,Noise - Street/Sidewalk,40.717872604455565,-73.99037540580335
64082961,2025-02-15T00:42:28.000,Noise - Commercial,40.717872604455565,-73.99037540580335
64083630,2025-02-15T00:12:15.000,Noise - Street/Sidewalk,40.72993620950281,-74.00128808176443
64077372,2025-02-14T23:54:06.000,Noise - Commercial,40.72228652364041,-74.00358240442132
64081066,2025-02-14T23:24:53.000,Noise - Commercial,40.72788313927833,-74.00014431844039
64075961,2025-02-14T22:35:39.000,Noise - Commercial,40.72747391687811,-73.992354777559
64079850,2025-02-14T18:51:43.000,Noise - Vehicle,40.72073539954818,-73.99050847262272
64077397,2025-02-14T11:30:10.000,Noise - Street/Sidewalk,40.71943474452872,-74.00264790768674
64078664,2025-02-14T03:12:34.000,Noise - Commercial,40.72929667966864,-74.00143960697945
64075029,2025-02-14T00:27:42.000,Noise - Commercial,40.722986417689576,-73.99584393430578
64074902,2025-02-13T17:47:45.000,Noise - Commercial,40.720496988982994,-73.9986615948105
64063061,2025-02-13T01:46:15.000,Noise - Commercial,40.72707618085859,-74.00018400378333
64064725,2025-02-12T22:11:10.000,Noise - Commercial,40.7189129617464,-73.99156572246149
64064848,2025-02-12T02:03:02.000,Noise - Street/Sidewalk,40.71812524637479,-73.99199510664727
64060885,2025-02-12T01:14:23.000,Noise - Commercial,40.72287388416484,-73.99588723360148
64063437,2025-02-12T00:46:07.000,Noise - Commercial,40.72287388416484,-73.99588723360148
64186969,2025-02-11T22:34:07.000,Noise - Street/Sidewalk,40.72329387693728,-73.99743130865858
64049773,2025-02-11T21:37:42.000,Noise - Commercial,40.71671448738067,-73.99271314001338
64052181,2025-02-11T19:50:57.000,Noise - Commercial,40.72642249491312,-73.9900025591503
64051080,2025-02-11T19:06:55.000,Noise - Street/Sidewalk,40.72042832901015,-74.00335142086354
64046315,2025-02-11T14:47:49.000,Noise - Street/Sidewalk,40.7256461219933,-74.00306305607438
64053368,2025-02-11T08:29:29.000,Noise - Commercial,40.722401793171166,-73.99610011492682
64039452,2025-02-11T00:22:12.000,Noise - Vehicle,40.722654132203765,-73.99249242222658
64040802,2025-02-10T23:43:05.000,Noise - Vehicle,40.722654132203765,-73.99249242222658
64043934,2025-02-10T23:18:12.000,Noise - Commercial,40.72788313927833,-74.00014431844039
64043937,2025-02-10T22:21:09.000,Noise - Commercial,40.7189129617464,-73.99156572246149
64039734,2025-02-10T19:08:50.000,Noise - Commercial,40.72633784075124,-74.00040769014021
64042605,2025-02-10T07:58:05.000,Noise - Street/Sidewalk,40.72747952977413,-74.00548045958418
64042123,2025-02-10T07:22:28.000,Noise - Vehicle,40.71946455378344,-73.99024169821536
64039820,2025-02-10T01:18:55.000,Noise - Commercial,40.72985936203482,-74.00059172315336
64030285,2025-02-09T23:11:54.000,Noise - Commercial,40.72199557880803,-73.99640318064876
64028172,2025-02-09T17:20:46.000,Noise - Commercial,40.71605840306777,-73.99145425673682
64030291,2025-02-09T17:14:30.000,Noise - Commercial,40.71605840306777,-73.99145425673682
64028222,2025-02-09T16:25:48.000,Noise - Commercial,40.72877791962051,-74.00153340401842
64033296,2025-02-09T06:12:49.000,Noise - Commercial,40.72877791962051,-74.00153340401842
64034169,2025-02-09T03:39:42.000,Noise - Commercial,40.71915479050901,-74.00209234333407
64022213,2025-02-09T01:07:19.000,Noise - Commercial,40.72671109521736,-74.00276364952728
64019348,2025-02-09T00:35:49.000,Noise - Commercial,40.71872911078678,-73.99224755670346
64022022,2025-02-09T00:15:25.000,Noise - Commercial,40.725802211233166,-73.9903706527378
64021203,2025-02-09T00:09:41.000,Noise - Vehicle,40.72740251523828,-74.00819722830495
64025979,2025-02-08T23:52:14.000,Noise - Commercial,40.71634109106208,-73.99115841892062
64023107,2025-02-08T23:17:53.000,Noise - Commercial,40.725802211233166,-73.9903706527378
64024148,2025-02-08T23:17:02.000,Noise - Commercial,40.72671109521736,-74.00276364952728
64026169,2025-02-08T23:09:14.000,Noise - Commercial,40.7189129617464,-73.99156572246149
64023262,2025-02-08T22:25:40.000,Noise - Commercial,40.72107039661541,-73.99234108175814
64025975,2025-02-08T22:18:19.000,Noise - Commercial,40.7178373094788,-73.99811692822324
64022323,2025-02-08T13:38:48.000,Noise - Street/Sidewalk,40.72687850633396,-73.99653280173904
64022325,2025-02-08T13:02:01.000,Noise - Street/Sidewalk,40.720532569112805,-74.00502172781495
64019578,2025-02-08T11:19:28.000,Noise - Street/Sidewalk,40.72265430670373,-73.99597743910044
64023379,2025-02-08T10:25:16.000,Noise - Street/Sidewalk,40.71844937460827,-74.0027019802938
64021382,2025-02-08T10:17:52.000,Noise - Street/Sidewalk,40.71844937460827,-74.0027019802938
64026151,2025-02-08T09:55:25.000,Noise - Commercial,40.72632684446577,-74.00203484248807
64021396,2025-02-08T02:23:13.000,Noise - Commercial,40.725802211233166,-73.9903706527378
64009502,2025-02-08T00:59:39.000,Noise - Commercial,40.717872604455565,-73.99037540580335
64012966,2025-02-08T00:41:33.000,Noise - Commercial,40.72374669627988,-74.00466119629756
64014564,2025-02-08T00:33:03.000,Noise - Commercial,40.71832026400699,-73.9943507437308
64009523,2025-02-08T00:27:47.000,Noise - Street/Sidewalk,40.7189129617464,-73.99156572246149
64014912,2025-02-08T00:25:52.000,Noise - Vehicle,40.72008249940296,-73.99701295793791
64010545,2025-02-08T00:22:27.000,Noise - Commercial,40.72287388416484,-73.99588723360148
64010471,2025-02-07T23:55:44.000,Noise - Commercial,40.7185204568837,-73.99150805286503
64018270,2025-02-07T23:34:09.000,Noise - Vehicle,40.71836938242169,-73.99009756072188
64018269,2025-02-07T23:31:50.000,Noise - Vehicle,40.71836938242169,-73.99009756072188
64014442,2025-02-07T22:51:50.000,Noise - Street/Sidewalk,40.72035421423702,-73.99643934476434
64015583,2025-02-07T22:37:55.000,Noise - Street/Sidewalk,40.7209387357298,-73.99379495367583
64013105,2025-02-07T22:13:38.000,Noise - Street/Sidewalk,40.71634109106208,-73.99115841892062
64014441,2025-02-07T16:18:05.000,Noise - Street/Sidewalk,40.72939824022615,-74.00100664400853
64010503,2025-02-07T16:06:49.000,Noise - Commercial,40.72939824022615,-74.00100664400853
64018322,2025-02-07T15:50:38.000,Noise - Commercial,40.72939824022615,-74.00100664400853
64013108,2025-02-07T15:01:25.000,Noise - Street/Sidewalk,40.719736693907606,-74.00102814320108
64018197,2025-02-07T13:37:26.000,Noise - Commercial,40.72939824022615,-74.00100664400853
64010536,2025-02-07T12:22:01.000,Noise - Street/Sidewalk,40.71943474452872,-74.00264790768674
64015850,2025-02-07T11:34:44.000,Noise - Vehicle,40.72243479432041,-73.99932175878209
64013023,2025-02-07T03:06:39.000,Noise - Vehicle,40.7256461219933,-74.00306305607438
64009294,2025-02-07T02:42:35.000,Noise - Commercial,40.72287388416484,-73.99588723360148
64004451,2025-02-06T21:46:31.000,Noise - Commercial,40.71800199374638,-73.99803756019594
64005722,2025-02-06T19:36:28.000,Noise - Commercial,40.71695314607578,-73.99081924500813
64008063,2025-02-06T18:44:56.000,Noise - Commercial,40.7185204568837,-73.99150805286503
64005687,2025-02-06T16:42:51.000,Noise - Commercial,40.71695314607578,-73.99081924500813
64005668,2025-02-06T13:30:46.000,Noise - Street/Sidewalk,40.72944213777912,-74.00229832493149
63991803,2025-02-06T01:50:01.000,Noise - Street/Sidewalk,40.71660462938471,-73.99171391593737
63991957,2025-02-06T00:02:03.000,Noise - Commercial,40.72287388416484,-73.99588723360148
63990480,2025-02-05T23:49:35.000,Noise - Commercial,40.72707618085859,-74.00018400378333
63995933,2025-02-05T23:09:37.000,Noise - Commercial,40.72698284261811,-74.0019590963611
63995325,2025-02-05T10:57:32.000,Noise - Vehicle,40.72559945287357,-73.99664110340599
63989148,2025-02-05T10:23:43.000,Noise - Commercial,40.72390871479163,-73.99804820949959
63978483,2025-02-04T22:23:25.000,Noise - Street/Sidewalk,40.71904771006535,-73.99647909687339
63986566,2025-02-04T10:34:31.000,Noise - Street/Sidewalk,40.72935707328829,-73.9999711356735
63982828,2025-02-04T06:40:16.000,Noise - Vehicle,40.723916508436496,-74.01026043039673
63968819,2025-02-03T23:21:23.000,Noise - Commercial,40.72199557880803,-73.99640318064876
63972750,2025-02-03T21:36:36.000,Noise - Commercial,40.72939824022615,-74.00100664400853
63975509,2025-02-03T18:39:38.000,Noise - Commercial,40.717848033845705,-73.99211418472873
63976847,2025-02-03T18:26:16.000,Noise - Commercial,40.7214739159611,-73.99296515261688
63975571,2025-02-03T15:01:36.000,Noise - Street/Sidewalk,40.720532569112805,-74.00502172781495
63961646,2025-02-03T00:12:23.000,Noise - Commercial,40.72287388416484,-73.99588723360148
63965577,2025-02-02T17:40:43.000,Noise - Commercial,40.71836938242169,-73.99009756072188
63962801,2025-02-02T17:36:58.000,Noise - Vehicle,40.71836938242169,-73.99009756072188
63963571,2025-02-02T16:26:48.000,Noise - Vehicle,40.72528659953186,-73.99992423577088
63963577,2025-02-02T13:56:52.000,Noise - Commercial,40.72277774801612,-73.99426017376898
63966700,2025-02-02T12:11:59.000,Noise - Street/Sidewalk,40.720532569112805,-74.00502172781495
63967191,2025-02-02T03:00:40.000,Noise - Vehicle,40.722047496202826,-73.99183950680036
63957103,2025-02-02T01:39:47.000,Noise - Street/Sidewalk,40.7189129617464,-73.99156572246149
63953442,2025-02-02T01:26:59.000,Noise - Commercial,40.72171284280231,-74.0043471905032
63953395,2025-02-02T00:26:58.000,Noise - Street/Sidewalk,40.72374669627988,-74.00466119629756
63952663,2025-02-02T00:06:10.000,Noise - Commercial,40.72973027769671,-74.00435492965178
63958598,2025-02-01T23:33:33.000,Noise - Street/Sidewalk,40.7189129617464,-73.99156572246149
63956695,2025-02-01T23:25:52.000,Noise - Commercial,40.725802211233166,-73.9903706527378
63952826,2025-02-01T22:35:11.000,Noise - Street/Sidewalk,40.7189129617464,-73.99156572246149
63954658,2025-02-01T22:03:37.000,Noise - Street/Sidewalk,40.72976603974209,-74.00069996421334
63957974,2025-02-01T18:02:39.000,Noise - Street/Sidewalk,40.72736123120196,-73.9903487798663
63952988,2025-02-01T16:48:56.000,Noise - Commercial,40.72314842994424,-74.00089471076167
63954816,2025-02-01T15:12:14.000,Noise - Commercial,40.72343925678026,-73.99472190501115
63955771,2025-02-01T13:36:36.000,Noise - Commercial,40.72343925678026,-73.99472190501115
63954656,2025-02-01T11:13:19.000,Noise - Street/Sidewalk,40.720532569112805,-74.00502172781495
63954906,2025-02-01T03:15:16.000,Noise - Commercial,40.72016177866853,-73.99092702930629
63951814,2025-02-01T01:57:53.000,Noise - Commercial,40.725802211233166,-73.9903706527378
63956489,2025-02-01T01:53:20.000,Noise - Commercial,40.72138072302072,-73.99554821049932
63948795,2025-02-01T01:32:53.000,Noise - Street/Sidewalk,40.72374669627988,-74.00466119629756
63941653,2025-02-01T00:34:19.000,Noise - Commercial,40.72321414039738,-74.00620525818007
63945388,2025-02-01T00:28:01.000,Noise - Street/Sidewalk,40.729702910209525,-74.000725219967
63948986,2025-02-01T00:11:02.000,Noise - Commercial,40.72016177866853,-73.99092702930629
63941736,2025-01-31T23:35:29.000,Noise - Commercial,40.72960684303375,-74.00083346055158
63945253,2025-01-31T23:02:47.000,Noise - Street/Sidewalk,40.7189129617464,-73.99156572246149
63947783,2025-01-31T22:47:36.000,Noise - Street/Sidewalk,40.7189129617464,-73.99156572246149
63945241,2025-01-31T22:19:39.000,Noise - Street/Sidewalk,40.720911068855344,-73.99056616894214
63947677,2025-01-31T21:17:10.000,Noise - Commercial,40.723433666430005,-73.99285310642439
63948973,2025-01-31T19:56:02.000,Noise - Commercial,40.72041734849304,-73.99659807389274
63947834,2025-01-31T17:43:54.000,Noise - Street/Sidewalk,40.72066164298419,-74.00300871343913
63942938,2025-01-31T17:03:27.000,Noise - Commercial,40.72877791962051,-74.00153340401842
63947753,2025-01-31T16:20:16.000,Noise - Commercial,40.72343925678026,-73.99472190501115
63941827,2025-01-31T15:25:13.000,Noise - Street/Sidewalk,40.71943474452872,-74.00264790768674
63948985,2025-01-31T15:18:13.000,Noise - Commercial,40.72343925678026,-73.99472190501115
63946596,2025-01-31T14:09:25.000,Noise - Commercial,40.72343925678026,-73.99472190501115
63950178,2025-01-31T12:17:46.000,Noise - Commercial,40.72343925678026,-73.99472190501115
63941709,2025-01-31T11:49:42.000,Noise - Commercial,40.71952535116663,-73.99955266893804
63942934,2025-01-31T03:34:35.000,Noise - Street/Sidewalk,40.72869259501349,-73.99245205387544
63945379,2025-01-31T03:31:28.000,Noise - Street/Sidewalk,40.72852791716964,-73.99256752839773
63944150,2025-01-31T02:46:33.000,Noise - Vehicle,40.72755889546011,-73.99086107921278
63933675,2025-01-30T22:02:08.000,Noise - Commercial,40.72877791962051,-74.00153340401842
63933888,2025-01-30T21:56:12.000,Noise - Street/Sidewalk,40.7189129617464,-73.99156572246149
63932391,2025-01-30T21:32:19.000,Noise - Commercial,40.72287388416484,-73.99588723360148
63935194,2025-01-30T15:05:51.000,Noise - Commercial,40.72343925678026,-73.99472190501115
63935048,2025-01-30T12:08:47.000,Noise - Commercial,40.72343925678026,-73.99472190501115
63933676,2025-01-30T10:42:25.000,Noise - Commercial,40.72343925678026,-73.99472190501115
63937748,2025-01-30T09:05:24.000,Noise - Commercial,40.72343925678026,-73.99472190501115
63935193,2025-01-30T08:09:26.000,Noise - Commercial,40.72877791962051,-74.00153340401842
63924894,2025-01-30T00:03:40.000,Noise - Commercial,40.72287388416484,-73.99588723360148
63921315,2025-01-29T23:33:50.000,Noise - Commercial,40.72698284261811,-74.0019590963611
63924737,2025-01-29T23:19:53.000,Noise - Vehicle,40.72160310374767,-73.99733757567812
63929933,2025-01-29T23:16:50.000,Noise - Street/Sidewalk,40.72969740422793,-74.00207824212194
63929827,2025-01-29T22:32:13.000,Noise - Commercial,40.72707618085859,-74.00018400378333
63929907,2025-01-29T21:34:33.000,Noise - Commercial,40.72957654135774,-74.00508735430294
63922535,2025-01-29T15:25:47.000,Noise - Street/Sidewalk,40.72056559762908,-74.00204188171735
63929828,2025-01-29T11:31:53.000,Noise - Commercial,40.71650611138299,-73.99894665521707
63921320,2025-01-29T10:07:56.000,Noise - Commercial,40.72343925678026,-73.99472190501115
63913571,2025-01-28T23:25:31.000,Noise - Street/Sidewalk,40.7189129617464,-73.99156572246149
63912492,2025-01-28T20:18:42.000,Noise - Commercial,40.71800199374638,-73.99803756019594
63915588,2025-01-28T13:16:21.000,Noise - Street/Sidewalk,40.71943474452872,-74.00264790768674
63899736,2025-01-27T22:13:20.000,Noise - Commercial,40.7178373094788,-73.99811692822324
63902440,2025-01-27T16:27:43.000,Noise - Street/Sidewalk,40.72042832901015,-74.00335142086354
63907807,2025-01-27T15:00:49.000,Noise - Street/Sidewalk,40.71834471985206,-74.00942264547112
63905184,2025-01-27T13:32:29.000,Noise - Street/Sidewalk,40.720532569112805,-74.00502172781495
63901101,2025-01-27T10:22:28.000,Noise - Commercial,40.72343925678026,-73.99472190501115
63898647,2025-01-27T01:03:33.000,Noise - Street/Sidewalk,40.7189129617464,-73.99156572246149
63896804,2025-01-26T22:33:01.000,Noise - Commercial,40.72199557880803,-73.99640318064876
63896805,2025-01-26T21:47:10.000,Noise - Commercial,40.723433666430005,-73.99285310642439
63898789,2025-01-26T16:17:53.000,Noise - Commercial,40.72277774801612,-73.99426017376898
63895801,2025-01-26T16:05:22.000,Noise - Commercial,40.72314842994424,-74.00089471076167
63898779,2025-01-26T14:02:51.000,Noise - Commercial,40.72678792827488,-74.00350327256554
63897920,2025-01-26T13:20:03.000,Noise - Street/Sidewalk,40.720532569112805,-74.00502172781495
63892168,2025-01-26T11:02:02.000,Noise - Street/Sidewalk,40.72042832901015,-74.00335142086354
63898852,2025-01-26T02:45:12.000,Noise - Street/Sidewalk,40.72128748697589,-74.00027057029604
63887894,2025-01-26T01:13:55.000,Noise - Commercial,40.72287388416484,-73.99588723360148
63887617,2025-01-26T00:40:11.000,Noise - Street/Sidewalk,40.719508824331584,-73.99630951965288
63891664,2025-01-26T00:19:16.000,Noise - Street/Sidewalk,40.729271919689566,-74.00390389517152
63890527,2025-01-25T23:57:28.000,Noise - Commercial,40.72960684303375,-74.00083346055158
63891513,2025-01-25T23:49:31.000,Noise - Commercial,40.71911350806538,-73.99452744332153
63890716,2025-01-25T23:44:54.000,Noise - Commercial,40.72960684303375,-74.00083346055158
63888693,2025-01-25T23:34:13.000,Noise - Commercial,40.72965899371875,-74.00078655646078
63887667,2025-01-25T23:31:17.000,Noise - Commercial,40.72993620950281,-74.00128808176443
63888371,2025-01-25T23:16:14.000,Noise - Street/Sidewalk,40.71929470436479,-73.99550145238646
63888323,2025-01-25T23:13:38.000,Noise - Street/Sidewalk,40.71929470436479,-73.99550145238646
63891440,2025-01-25T23:11:29.000,Noise - Street/Sidewalk,40.71929470436479,-73.99550145238646
63889849,2025-01-25T23:10:20.000,Noise - Street/Sidewalk,40.71929470436479,-73.99550145238646
63891707,2025-01-25T23:09:44.000,Noise - Street/Sidewalk,40.72225364108508,-73.99947688984427
63888269,2025-01-25T23:07:31.000,Noise - Commercial,40.72960684303375,-74.00083346055158
63890602,2025-01-25T23:05:10.000,Noise - Street/Sidewalk,40.719508824331584,-73.99630951965288
63888918,2025-01-25T22:21:21.000,Noise - Street/Sidewalk,40.719508824331584,-73.99630951965288
63891248,2025-01-25T22:20:55.000,Noise - Commercial,40.72016177866853,-73.99092702930629
63886922,2025-01-25T21:21:41.000,Noise - Commercial,40.72663152435985,-74.00118338898496
63886685,2025-01-25T21:18:22.000,Noise - Street/Sidewalk,40.7189129617464,-73.99156572246149
63888557,2025-01-25T19:05:17.000,Noise - Commercial,40.72277774801612,-73.99426017376898
63884486,2025-01-25T12:48:31.000,Noise - Street/Sidewalk,40.71919596229167,-74.0020706996822
63885267,2025-01-25T11:52:37.000,Noise - Street/Sidewalk,40.720532569112805,-74.00502172781495
63885498,2025-01-25T11:09:45.000,Noise - Commercial,40.72678792827488,-74.00350327256554
63882419,2025-01-25T07:47:31.000,Noise - Vehicle,40.72161682745682,-73.99733396750808
63883629,2025-01-25T00:43:14.000,Noise - Street/Sidewalk,40.71807035293164,-73.992020365249
63880974,2025-01-25T00:19:27.000,Noise - Commercial,40.72561320779861,-74.00202760502167
63882830,2025-01-25T00:18:51.000,Noise - Commercial,40.72561320779861,-74.00202760502167
63882462,2025-01-25T00:11:18.000,Noise - Commercial,40.71757930490459,-73.99830091307756
63882824,2025-01-25T00:07:18.000,Noise - Commercial,40.72561320779861,-74.00202760502167
63880985,2025-01-24T23:22:20.000,Noise - Commercial,40.72960684303375,-74.00083346055158
63881351,2025-01-24T21:43:49.000,Noise - Street/Sidewalk,40.7189129617464,-73.99156572246149
63872210,2025-01-24T20:50:16.000,Noise - Commercial,40.7185204568837,-73.99150805286503
63872652,2025-01-24T19:30:56.000,Noise - Commercial,40.7185204568837,-73.99150805286503
63875689,2025-01-24T16:51:14.000,Noise - Commercial,40.72877791962051,-74.00153340401842
63875532,2025-01-24T15:21:25.000,Noise - Commercial,40.72877791962051,-74.00153340401842
63874202,2025-01-24T14:03:29.000,Noise - Street/Sidewalk,40.71907793584285,-74.00216809809262
63877151,2025-01-24T12:59:17.000,Noise - Street/Sidewalk,40.72042832901015,-74.00335142086354
63871206,2025-01-24T12:44:15.000,Noise - Street/Sidewalk,40.72198191081811,-73.99970417339394
63858367,2025-01-23T23:37:05.000,Noise - Commercial,40.71872911078678,-73.99224755670346
63866190,2025-01-23T22:49:34.000,Noise - Commercial,40.71911350806538,-73.99452744332153
63867685,2025-01-23T13:40:54.000,Noise - Commercial,40.72243472904219,-73.99606403633898
63849808,2025-01-22T23:41:13.000,Noise - Commercial,40.72171284280231,-74.0043471905032
63847941,2025-01-22T22:49:31.000,Noise - Commercial,40.72707618085859,-74.00018400378333
63855114,2025-01-22T22:37:55.000,Noise - Commercial,40.72698284261811,-74.0019590963611
63837274,2025-01-21T23:32:27.000,Noise - Commercial,40.72287388416484,-73.99588723360148
63837313,2025-01-21T21:01:42.000,Noise - Commercial,40.72544304455767,-74.00119058353847
63837273,2025-01-21T16:16:23.000,Noise - Commercial,40.72877791962051,-74.00153340401842
63828406,2025-01-21T14:54:56.000,Noise - Commercial,40.72243472904219,-73.99606403633898
63818911,2025-01-20T23:15:29.000,Noise - Commercial,40.727350654273856,-74.00073962609699
63822414,2025-01-20T17:39:38.000,Noise - Vehicle,40.719519842440775,-73.99784992507324
63822529,2025-01-20T14:53:40.000,Noise - Street/Sidewalk,40.71822120507325,-74.00942984288504
63817798,2025-01-19T22:02:07.000,Noise - Commercial,40.7189129617464,-73.99156572246149
63814825,2025-01-19T21:14:33.000,Noise - Commercial,40.7189129617464,-73.99156572246149
63814831,2025-01-19T20:51:37.000,Noise - Commercial,40.7230796590956,-73.9940184318016
63813811,2025-01-19T14:24:17.000,Noise - Street/Sidewalk,40.71819649122551,-73.99043668545524
63815966,2025-01-19T11:31:02.000,Noise - Street/Sidewalk,40.720532569112805,-74.00502172781495
63817858,2025-01-19T03:57:27.000,Noise - Street/Sidewalk,40.71751305406181,-73.99053418330956
63812809,2025-01-19T01:50:21.000,Noise - Commercial,40.719519842440775,-73.99784992507324
63814881,2025-01-19T01:48:59.000,Noise - Street/Sidewalk,40.71807035293164,-73.992020365249
63808111,2025-01-19T00:43:45.000,Noise - Commercial,40.72960684303375,-74.00083346055158
63803111,2025-01-19T00:39:01.000,Noise - Commercial,40.72671109521736,-74.00276364952728
63806111,2025-01-19T00:32:41.000,Noise - Vehicle,40.722047496202826,-73.99183950680036
63804073,2025-01-19T00:29:17.000,Noise - Commercial,40.7185204568837,-73.99150805286503
63805859,2025-01-19T00:23:31.000,Noise - Commercial,40.72960684303375,-74.00083346055158
63805975,2025-01-19T00:21:34.000,Noise - Commercial,40.727350654273856,-74.00073962609699
63808913,2025-01-19T00:21:32.000,Noise - Commercial,40.72671109521736,-74.00276364952728
63806872,2025-01-19T00:18:46.000,Noise - Commercial,40.72960684303375,-74.00083346055158
63804919,2025-01-19T00:06:02.000,Noise - Commercial,40.72965899371875,-74.00078655646078
63804859,2025-01-18T23:49:58.000,Noise - Commercial,40.72641463677292,-74.00365117608368
63806870,2025-01-18T23:08:58.000,Noise - Commercial,40.71713183380457,-73.99550520574768
63810050,2025-01-18T23:06:03.000,Noise - Vehicle,40.72976603974209,-74.00069996421334
63807985,2025-01-18T23:00:11.000,Noise - Commercial,40.7230796590956,-73.9940184318016
63805858,2025-01-18T22:37:19.000,Noise - Commercial,40.71665139695253,-73.99335886310185
63804096,2025-01-18T21:03:22.000,Noise - Commercial,40.7185204568837,-73.99150805286503
63803243,2025-01-18T20:14:05.000,Noise - Street/Sidewalk,40.723433666430005,-73.99285310642439
63808978,2025-01-18T18:46:29.000,Noise - Street/Sidewalk,40.71615752873594,-73.99918474426056
63806995,2025-01-18T18:27:51.000,Noise - Vehicle,40.71836938242169,-73.99009756072188
63804129,2025-01-18T12:30:40.000,Noise - Street/Sidewalk,40.7199150504184,-74.00363638989617
63806990,2025-01-18T02:38:53.000,Noise - Street/Sidewalk,40.72032677980751,-73.99689389777535
63794868,2025-01-18T01:23:53.000,Noise - Commercial,40.71807035293164,-73.992020365249
63794337,2025-01-18T00:16:39.000,Noise - Vehicle,40.72167715819506,-73.99558065932354
63795549,2025-01-17T23:09:19.000,Noise - Commercial,40.72960684303375,-74.00083346055158
63794158,2025-01-17T23:03:44.000,Noise - Commercial,40.72960684303375,-74.00083346055158
63796803,2025-01-17T22:59:38.000,Noise - Commercial,40.72960684303375,-74.00083346055158
63798112,2025-01-17T22:45:36.000,Noise - Commercial,40.717872604455565,-73.99037540580335
63794292,2025-01-17T21:58:56.000,Noise - Street/Sidewalk,40.72976603974209,-74.00069996421334
63792947,2025-01-17T18:44:41.000,Noise - Commercial,40.72877791962051,-74.00153340401842
63795550,2025-01-17T16:26:56.000,Noise - Commercial,40.72243472904219,-73.99606403633898
63793112,2025-01-17T15:51:49.000,Noise - Street/Sidewalk,40.72912917825421,-74.00430076994172
63802116,2025-01-17T15:11:21.000,Noise - Street/Sidewalk,40.71974488576682,-74.00329005864857
63795442,2025-01-17T15:03:29.000,Noise - Commercial,40.72877791962051,-74.00153340401842
63796921,2025-01-17T09:51:35.000,Noise - Vehicle,40.72281898977476,-73.99590888311022
63791595,2025-01-17T00:06:08.000,Noise - Commercial,40.72698284261811,-74.0019590963611
63791648,2025-01-16T23:41:12.000,Noise - Vehicle,40.72736163486088,-73.99956704806702
63784716,2025-01-16T23:33:38.000,Noise - Commercial,40.72698284261811,-74.0019590963611
63790390,2025-01-16T22:50:46.000,Noise - Street/Sidewalk,40.7189129617464,-73.99156572246149
63784741,2025-01-16T21:53:01.000,Noise - Commercial,40.71962374090637,-73.9901370570044
63790244,2025-01-16T21:50:14.000,Noise - Commercial,40.72877791962051,-74.00153340401842
63783501,2025-01-16T21:38:32.000,Noise - Vehicle,40.71836938242169,-73.99009756072188
63782005,2025-01-16T21:29:50.000,Noise - Commercial,40.72671109521736,-74.00276364952728
63790478,2025-01-16T20:15:04.000,Noise - Street/Sidewalk,40.728522667450505,-73.99986289616588
63782185,2025-01-16T19:07:29.000,Noise - Street/Sidewalk,40.728522667450505,-73.99986289616588
63790421,2025-01-16T13:39:12.000,Noise - Street/Sidewalk,40.720532569112805,-74.00502172781495
63782043,2025-01-16T11:16:35.000,Noise - Commercial,40.72343925678026,-73.99472190501115
63778000,2025-01-15T23:40:24.000,Noise - Commercial,40.72698284261811,-74.0019590963611
63770961,2025-01-15T23:36:25.000,Noise - Commercial,40.72707618085859,-74.00018400378333
63772380,2025-01-15T23:23:29.000,Noise - Commercial,40.72132042408795,-74.00026696282403
63775093,2025-01-15T23:20:17.000,Noise - Commercial,40.72110083805984,-74.00113999965467
63781304,2025-01-15T20:58:43.000,Noise - Vehicle,40.72152304099083,-74.01068215306907
63770942,2025-01-15T13:48:47.000,Noise - Commercial,40.72877791962051,-74.00153340401842
63770954,2025-01-15T11:51:33.000,Noise - Commercial,40.72077412466321,-73.99537869493847
63767101,2025-01-14T22:54:34.000,Noise - Street/Sidewalk,40.729702910209525,-74.000725219967
63762912,2025-01-14T22:50:06.000,Noise - Commercial,40.72135884748572,-73.9990980980475
63764278,2025-01-14T22:38:55.000,Noise - Commercial,40.72999084905698,-73.99222099001472
63765731,2025-01-14T06:21:57.000,Noise - Commercial,40.71930285737562,-74.00624096898686
63763072,2025-01-14T02:35:40.000,Noise - Street/Sidewalk,40.72942277371907,-74.00632490178522
63755108,2025-01-13T23:41:42.000,Noise - Commercial,40.71631908276552,-74.00947286179263
63751878,2025-01-13T16:45:42.000,Noise - Street/Sidewalk,40.72980721143065,-74.00063862753768
63750317,2025-01-13T10:04:26.000,Noise - Street/Sidewalk,40.71601701964443,-74.01103839517805
63739369,2025-01-13T00:39:15.000,Noise - Commercial,40.72126552879683,-74.00031386144
63736913,2025-01-13T00:13:58.000,Noise - Street/Sidewalk,40.729650759574,-74.00076851608002
63737889,2025-01-12T18:53:04.000,Noise - Commercial,40.71934677547529,-74.00620489811028
63740735,2025-01-12T11:30:47.000,Noise - Commercial,40.71934677547529,-74.00620489811028
63740867,2025-01-12T02:17:39.000,Noise - Commercial,40.7281548671045,-73.99915212570546
63735132,2025-01-12T02:04:52.000,Noise - Commercial,40.724043176722695,-74.00331552511867
63736460,2025-01-12T02:00:54.000,Noise - Commercial,40.724043176722695,-74.00331552511867
63731370,2025-01-12T01:47:00.000,Noise - Commercial,40.72877791962051,-74.00153340401842
63734428,2025-01-12T01:39:09.000,Noise - Commercial,40.72887124234849,-74.00145402984666
63730343,2025-01-12T01:29:33.000,Noise - Commercial,40.72957654135774,-74.00508735430294
63732170,2025-01-12T00:22:13.000,Noise - Commercial,40.725890167283104,-73.99198695823036
63734754,2025-01-11T23:52:31.000,Noise - Commercial,40.717082429244456,-73.9955340680902
63734811,2025-01-11T23:41:24.000,Noise - Commercial,40.72960684303375,-74.00083346055158
63729052,2025-01-11T23:22:32.000,Noise - Commercial,40.72376871922796,-74.00260478702621
63733250,2025-01-11T23:17:29.000,Noise - Commercial,40.72204464790691,-73.9904902479372
63723977,2025-01-11T22:36:57.000,Noise - Commercial,40.719519842440775,-73.99784992507324
63723982,2025-01-11T17:26:34.000,Noise - Commercial,40.72877791962051,-74.00153340401842
63729443,2025-01-11T13:52:20.000,Noise - Street/Sidewalk,40.71943474452872,-74.00264790768674
63730557,2025-01-11T13:14:13.000,Noise - Street/Sidewalk,40.71653629026845,-73.99794741968182
63730152,2025-01-11T13:12:57.000,Noise - Street/Sidewalk,40.71653629026845,-73.99794741968182
63727771,2025-01-11T12:22:55.000,Noise - Street/Sidewalk,40.72010175134552,-74.00016594682916
63730710,2025-01-11T12:16:00.000,Noise - Commercial,40.720016663742975,-74.00020923703917
63730714,2025-01-11T10:04:40.000,Noise - Vehicle,40.725947765289256,-74.00859391355074
63731796,2025-01-11T05:06:17.000,Noise - Commercial,40.72210267979245,-73.99957790517526
63724599,2025-01-11T03:45:38.000,Noise - Vehicle,40.721921241901896,-73.99190445974854
63720569,2025-01-11T01:46:57.000,Noise - Street/Sidewalk,40.71660462938471,-73.99171391593737
63715320,2025-01-11T00:54:56.000,Noise - Commercial,40.72671109521736,-74.00276364952728
63711367,2025-01-10T18:33:21.000,Noise - Commercial,40.72811369512217,-73.99906914283899
63719295,2025-01-10T14:31:40.000,Noise - Commercial,40.72877791962051,-74.00153340401842
63707251,2025-01-10T14:03:05.000,Noise - Commercial,40.72390871479163,-73.99804820949959
63709648,2025-01-10T13:15:43.000,Noise - Street/Sidewalk,40.71653629026845,-73.99794741968182
63707710,2025-01-10T12:30:34.000,Noise - Street/Sidewalk,40.71653629026845,-73.99794741968182
63707685,2025-01-10T11:17:02.000,Noise - Street/Sidewalk,40.71831765729455,-74.00035713687637
63715408,2025-01-10T10:47:06.000,Noise - Commercial,40.72243472904219,-73.99606403633898
63707220,2025-01-10T04:39:10.000,Noise - Commercial,40.72374669627988,-74.00466119629756
63709211,2025-01-10T00:23:35.000,Noise - Commercial,40.72278580895784,-73.99146421714836
63882496,2025-01-09T22:29:56.000,Noise - Street/Sidewalk,40.7189129617464,-73.99156572246149
63704996,2025-01-09T17:57:18.000,Noise - Commercial,40.717848033845705,-73.99211418472873
63697233,2025-01-09T06:59:37.000,Noise - Vehicle,40.725947765289256,-74.00859391355074
63699365,2025-01-09T00:23:30.000,Noise - Commercial,40.72133665263459,-73.9925611151642
63704997,2025-01-08T23:00:37.000,Noise - Commercial,40.72374669627988,-74.00466119629756
63701493,2025-01-08T22:59:47.000,Noise - Street/Sidewalk,40.72374669627988,-74.00466119629756
63881665,2025-01-08T22:18:01.000,Noise - Commercial,40.72374669627988,-74.00466119629756
63883158,2025-01-08T22:14:28.000,Noise - Commercial,40.72374669627988,-74.00466119629756
63678688,2025-01-08T13:57:19.000,Noise - Street/Sidewalk,40.71653629026845,-73.99794741968182
63688429,2025-01-08T11:49:36.000,Noise - Commercial,40.72132042408795,-74.00026696282403
63674428,2025-01-07T23:05:55.000,Noise - Commercial,40.72287388416484,-73.99588723360148
63670801,2025-01-07T09:09:49.000,Noise - Street/Sidewalk,40.72404869535175,-73.99792914953709
63669006,2025-01-07T09:00:16.000,Noise - Street/Sidewalk,40.72439727386019,-73.99763330137758
63665077,2025-01-07T08:54:38.000,Noise - Street/Sidewalk,40.723941631158965,-73.9970705089292
63655863,2025-01-07T00:51:40.000,Noise - Vehicle,40.71836938242169,-73.99009756072188
63652124,2025-01-07T00:34:50.000,Noise - Vehicle,40.71836938242169,-73.99009756072188
63661841,2025-01-06T22:38:55.000,Noise - Street/Sidewalk,40.71966258700926,-74.00082972867828
63652237,2025-01-06T21:58:05.000,Noise - Vehicle,40.7228711403061,-73.99591248759855
63659721,2025-01-06T18:14:36.000,Noise - Street/Sidewalk,40.71918772833643,-74.00205266197493
63657252,2025-01-06T17:21:35.000,Noise - Commercial,40.717848033845705,-73.99211418472873
63658434,2025-01-06T02:37:21.000,Noise - Vehicle,40.72740280392538,-74.0008442567909
63645652,2025-01-05T16:45:50.000,Noise - Vehicle,40.725947765289256,-74.00859391355074
63636813,2025-01-05T12:27:32.000,Noise - Commercial,40.7214739159611,-73.99296515261688
63636812,2025-01-05T10:45:33.000,Noise - Commercial,40.72243472904219,-73.99606403633898
63624721,2025-01-05T01:34:08.000,Noise - Street/Sidewalk,40.717872604455565,-73.99037540580335
63632917,2025-01-04T22:52:47.000,Noise - Commercial,40.71763145486084,-73.99826844509361
63623722,2025-01-04T22:24:36.000,Noise - Street/Sidewalk,40.71665139695253,-73.99335886310185
63631388,2025-01-04T22:05:16.000,Noise - Street/Sidewalk,40.7189129617464,-73.99156572246149
63625161,2025-01-04T15:25:14.000,Noise - Commercial,40.72877791962051,-74.00153340401842
63628788,2025-01-04T15:20:51.000,Noise - Vehicle,40.725947765289256,-74.00859391355074
63634511,2025-01-04T15:17:29.000,Noise - Street/Sidewalk,40.72506976243219,-73.99945161307824
63631376,2025-01-04T13:29:02.000,Noise - Street/Sidewalk,40.72506976243219,-73.99945161307824
63628280,2025-01-04T13:10:42.000,Noise - Street/Sidewalk,40.724377985199006,-73.99520887978339
63631473,2025-01-04T13:06:56.000,Noise - Street/Sidewalk,40.72487205289696,-73.99549025250734
63629930,2025-01-04T13:05:08.000,Noise - Street/Sidewalk,40.72453720277777,-73.99576085865695
63623653,2025-01-04T13:02:42.000,Noise - Street/Sidewalk,40.72472932997947,-73.99560571145413
63633482,2025-01-04T07:25:07.000,Noise - Vehicle,40.725947765289256,-74.00859391355074
63631389,2025-01-04T02:15:06.000,Noise - Street/Sidewalk,40.71823228797847,-73.99193737477364
63628370,2025-01-04T02:11:31.000,Noise - Street/Sidewalk,40.717872604455565,-73.99037540580335
63615794,2025-01-03T22:13:20.000,Noise - Street/Sidewalk,40.7189129617464,-73.99156572246149
63618367,2025-01-03T21:06:53.000,Noise - Commercial,40.72765255363123,-74.00245701294611
63612717,2025-01-03T17:36:58.000,Noise - Street/Sidewalk,40.71915479050901,-74.00209234333407
63622001,2025-01-03T17:06:29.000,Noise - Street/Sidewalk,40.71692039694916,-73.99359692255867
63621255,2025-01-03T13:08:30.000,Noise - Vehicle,40.725947765289256,-74.00859391355074
63611308,2025-01-03T11:51:36.000,Noise - Street/Sidewalk,40.7230796590956,-73.9940184318016
63617292,2025-01-03T11:48:23.000,Noise - Street/Sidewalk,40.72235500110373,-73.99326088787544
63614395,2025-01-03T11:47:47.000,Noise - Street/Sidewalk,40.72272284740783,-73.99415194804773
63612839,2025-01-03T11:47:40.000,Noise - Street/Sidewalk,40.72272284740783,-73.99415194804773
63617383,2025-01-03T11:44:16.000,Noise - Street/Sidewalk,40.72272284740783,-73.99415194804773
63620278,2025-01-03T11:43:07.000,Noise - Street/Sidewalk,40.72272284740783,-73.99415194804773
63611341,2025-01-03T11:40:29.000,Noise - Street/Sidewalk,40.72300555100459,-73.99402565384698
63620374,2025-01-03T11:38:16.000,Noise - Street/Sidewalk,40.72227820577961,-73.99433597760135
63614296,2025-01-03T11:28:53.000,Noise - Street/Sidewalk,40.72300555100459,-73.99402565384698
63621258,2025-01-03T07:31:57.000,Noise - Vehicle,40.72609869067127,-74.00906656325246
63618249,2025-01-03T07:23:08.000,Noise - Vehicle,40.725947765289256,-74.00859391355074
63600568,2025-01-03T00:49:10.000,Noise - Vehicle,40.72904101430865,-73.99025833599084
63599901,2025-01-02T23:27:36.000,Noise - Vehicle,40.71836938242169,-73.99009756072188
63609276,2025-01-02T22:37:00.000,Noise - Vehicle,40.71836938242169,-73.99009756072188
63610345,2025-01-02T21:40:35.000,Noise - Street/Sidewalk,40.7189129617464,-73.99156572246149
63597146,2025-01-02T12:45:20.000,Noise - Street/Sidewalk,40.72309628297492,-73.9998989843479
63609969,2025-01-02T12:30:27.000,Noise - Street/Sidewalk,40.72316764338864,-73.99912332750901
63606303,2025-01-02T12:25:33.000,Noise - Street/Sidewalk,40.72302216843563,-73.99881306740762
63603711,2025-01-02T01:03:50.000,Noise - Commercial,40.72832504382953,-73.99945880225974
63590840,2025-01-02T00:50:25.000,Noise - Commercial,40.72171284280231,-74.0043471905032
63586430,2025-01-02T00:00:52.000,Noise - Street/Sidewalk,40.72160310374767,-73.99733757567812
63590126,2025-01-01T19:10:28.000,Noise - Vehicle,40.72321414039738,-74.00620525818007
63587460,2025-01-01T19:01:23.000,Noise - Commercial,40.72977968853115,-74.00421421839664
63587461,2025-01-01T18:36:30.000,Noise - Commercial,40.72977968853115,-74.00421421839664
63587557,2025-01-01T15:07:18.000,Noise - Street/Sidewalk,40.72976603974209,-74.00069996421334
63594917,2025-01-01T07:12:28.000,Noise - Street/Sidewalk,40.71944000880001,-73.99232683909959
63592607,2025-01-01T04:18:39.000,Noise - Vehicle,40.71751305406181,-73.99053418330956
63579019,2025-01-01T00:42:21.000,Noise - Commercial,40.717872604455565,-73.99037540580335
63584117,2025-01-01T00:35:23.000,Noise - Commercial,40.72228652364041,-74.00358240442132
63573954,2025-01-01T00:25:45.000,Noise - Commercial,40.72671109521736,-74.00276364952728
63580720,2025-01-01T00:14:40.000,Noise - Commercial,40.72788302506925,-73.99486947945023
63572401,2025-01-01T00:03:42.000,Noise - Commercial,40.72721057692157,-73.99527001085171
