tree_id,status,latitude,longitude,tree_dbh,spc_common
191988,Alive,40.72663958,-73.99936836,6,willow oak
196373,Alive,40.71680539,-73.99157275,13,London planetree
196372,Alive,40.71688341,-73.99153287,12,London planetree
196374,Alive,40.71669718,-73.99162805,13,London planetree
179828,Alive,40.72180184,-73.99119881,1,red maple
201410,Alive,40.72311463,-73.9903307,3,ginkgo
179834,Alive,40.72206573,-73.99110017,19,ginkgo
191989,Alive,40.72666328,-73.99941653,5,willow oak
145055,Alive,40.71751014,-73.99597274,1,Sophora
201419,Alive,40.72232476,-73.99073674,7,honeylocust
179547,Alive,40.71991019,-73.99005439,4,honeylocust
192057,Alive,40.72813901,-74.00239005,8,northern red oak
191891,Alive,40.72457568,-73.99390133,6,Japanese zelkova
192662,Alive,40.71794533,-73.99102583,8,northern red oak
196370,Alive,40.71696143,-73.991493,16,London planetree
192672,Alive,40.71875645,-73.99061002,6,pin oak
209608,Alive,40.72551012,-74.00027277,7,ginkgo
192613,Alive,40.71789414,-73.99105107,8,northern red oak
73131,Alive,40.72824277,-73.99403662,2,black locust
201412,Alive,40.72295615,-73.99041218,14,honeylocust
201414,Alive,40.72269797,-73.99054489,4,ginkgo
201413,Alive,40.72288457,-73.99044897,18,honeylocust
73247,Alive,40.72658437,-73.99887375,3,golden raintree
192664,Alive,40.71805912,-73.9909675,7,pin oak
196402,Alive,40.71605719,-73.99195197,17,London planetree
209603,Alive,40.72607101,-74.00141398,8,Sophora
201415,Alive,40.72262895,-73.99058037,6,Sophora
144165,Alive,40.72343984,-73.994671,11,golden raintree
202335,Alive,40.72706628,-73.9913149,19,Callery pear
177829,Alive,40.72203666,-74.00053654,4,American linden
211690,Alive,40.72960397,-74.00453604,13,honeylocust
177827,Alive,40.72199801,-74.00045769,4,American linden
177828,Alive,40.72201912,-74.00050075,4,American linden
211691,Alive,40.72957256,-74.0046361,9,honeylocust
211688,Alive,40.72970427,-74.00421652,7,Japanese zelkova
179912,Alive,40.72113401,-73.99215403,8,ginkgo
202089,Alive,40.72721354,-73.99134246,12,Chinese elm
201418,Alive,40.72237077,-73.99071308,3,cherry
202047,Alive,40.72726708,-73.99026683,14,ginkgo
202049,Alive,40.72743911,-73.99067363,7,honeylocust
179812,Alive,40.72065028,-73.99178983,21,London planetree
202336,Alive,40.72700354,-73.99123688,15,Callery pear
202337,Alive,40.72695827,-73.99112961,19,Callery pear
209604,Alive,40.72604885,-74.0013688,8,Sophora
202048,Alive,40.72734976,-73.99046234,4,katsura tree
196858,Alive,40.71654034,-73.99177917,4,Sophora
196379,Alive,40.71648203,-73.991738,15,London planetree
202085,Alive,40.72755729,-73.99120012,10,Chinese elm
192438,Alive,40.71928233,-73.99062855,11,littleleaf linden
202086,Alive,40.72746746,-73.99124991,9,Chinese elm
177826,Alive,40.72196977,-74.00040007,7,Chinese elm
202088,Alive,40.72730876,-73.99130776,10,Chinese elm
196859,Alive,40.7165803,-73.99175898,3,cherry
201416,Alive,40.72257271,-73.99060928,4,cherry
202087,Alive,40.72737488,-73.99128365,11,Chinese elm
192612,Alive,40.71793249,-73.99103138,3,Oklahoma redbud
202050,Alive,40.72750578,-73.99083131,6,Callery pear
202051,Alive,40.72755378,-73.99094483,20,Callery pear
202052,Alive,40.72759379,-73.99103944,6,Callery pear
196860,Alive,40.71661668,-73.99174059,5,pin oak
196864,Alive,40.7170294,-73.99153199,4,pin oak
196863,Alive,40.71692103,-73.99158676,13,London planetree
196865,Alive,40.71706885,-73.99151205,3,cherry
196868,Alive,40.71718234,-73.99145469,13,London planetree
196866,Alive,40.71711035,-73.99149108,13,London planetree
196870,Alive,40.71725586,-73.99141753,9,London planetree
202340,Alive,40.72676653,-73.9906753,4,Callery pear
202342,Alive,40.72671726,-73.99055857,9,Sophora
202344,Alive,40.72662806,-73.99034718,9,Japanese zelkova
196861,Alive,40.71668636,-73.99170537,14,London planetree
196862,Alive,40.71682624,-73.99163467,13,London planetree
191978,Alive,40.72627399,-73.99860887,5,sawtooth oak
191979,Alive,40.72630944,-73.998681,6,sawtooth oak
191981,Alive,40.72641222,-73.99889009,6,sawtooth oak
192005,Alive,40.72715289,-74.00039569,6,sawtooth oak
179809,Alive,40.7205048,-73.9918645,5,Sophora
202341,Alive,40.72674256,-73.99061851,13,Sophora
202343,Alive,40.72668664,-73.990486,9,Sophora
191934,Alive,40.72594887,-73.99794696,6,sweetgum
179548,Alive,40.71982972,-73.99009593,4,purple-leaf plum
196371,Alive,40.71692843,-73.99150986,4,cherry
201505,Alive,40.72197679,-73.99040561,9,honeylocust
209607,Alive,40.7255632,-74.00038146,11,cherry
201504,Alive,40.72200465,-73.99049975,8,honeylocust
192021,Alive,40.72773925,-74.00158,15,Chinese elm
228303,Alive,40.7277964,-74.00203428,11,Japanese zelkova
228306,Alive,40.72766733,-74.00176848,12,honeylocust
196377,Alive,40.71657541,-73.99169028,7,eastern redbud
202345,Alive,40.72651208,-73.99007239,15,Sophora
230300,Alive,40.7295172,-74.00669523,24,ginkgo
228320,Alive,40.72704724,-74.00050336,5,honeylocust
144164,Alive,40.72351011,-73.99464006,8,golden raintree
228322,Alive,40.72697539,-74.00035691,5,honeylocust
118532,Alive,40.7210023,-73.99130916,7,black locust
191982,Alive,40.72644365,-73.99895403,4,Schumard's oak
191933,Alive,40.72592597,-73.99790026,7,Callery pear
230785,Alive,40.72197306,-74.00522119,4,Japanese zelkova
192437,Alive,40.71944497,-73.99115888,7,littleleaf linden
202338,Alive,40.72691033,-73.99101603,13,Sophora
191935,Alive,40.72600985,-73.99807128,5,sweetgum
192014,Alive,40.72734429,-74.00078093,8,sawtooth oak
196380,Alive,40.71644443,-73.99175722,3,cherry
196382,Alive,40.71637996,-73.99179016,3,cherry
192017,Alive,40.72746993,-74.00103589,6,sawtooth oak
192015,Alive,40.727381,-74.00085542,8,sawtooth oak
228305,Alive,40.72769952,-74.00183478,11,honeylocust
228321,Alive,40.7270096,-74.00042665,5,honeylocust
230784,Alive,40.72197182,-74.00522041,3,Japanese zelkova
196381,Alive,40.71641092,-73.99177434,14,London planetree
196383,Alive,40.71633468,-73.9918133,15,London planetree
191980,Alive,40.72638228,-73.99882918,6,sawtooth oak
228340,Alive,40.72576505,-73.99983336,3,London planetree
228323,Alive,40.72693775,-74.0002802,9,honeylocust
228325,Alive,40.72687721,-74.0001568,8,honeylocust
228324,Alive,40.726908,-74.00021956,6,honeylocust
231046,Alive,40.71862251,-74.00511182,11,pin oak
228333,Alive,40.72618374,-73.99875385,6,Callery pear
228332,Alive,40.72622171,-73.99883028,4,Callery pear
202339,Alive,40.7268371,-73.99084251,8,Sophora
234299,Alive,40.71649064,-74.00976264,5,Callery pear
192016,Alive,40.72741069,-74.00091568,6,sawtooth oak
192018,Alive,40.72750097,-74.00109888,6,sawtooth oak
228334,Alive,40.72614652,-73.99867894,5,Callery pear
192024,Alive,40.72785802,-74.00182105,10,Sophora
192026,Alive,40.72793621,-74.00197973,12,Sophora
231033,Alive,40.72039668,-74.00585206,4,Japanese zelkova
228335,Alive,40.7261084,-73.99860221,3,northern red oak
228286,Alive,40.72733931,-74.0027795,9,Japanese zelkova
228288,Alive,40.72747726,-74.00266665,11,Japanese zelkova
209606,Alive,40.72559211,-74.00044067,8,cherry
192023,Alive,40.72780669,-74.00171688,12,Sophora
234301,Alive,40.71639977,-74.00956253,11,Callery pear
234302,Alive,40.71637192,-74.0095012,19,Callery pear
234304,Alive,40.71631538,-74.00937668,11,Callery pear
228330,Alive,40.72629645,-73.99898071,6,Callery pear
234300,Alive,40.71643198,-74.00963347,18,Callery pear
234279,Alive,40.71821847,-74.00864525,4,honeylocust
233862,Alive,40.71800897,-74.00921321,7,Sophora
230884,Alive,40.72138902,-74.00538363,6,Japanese zelkova
233863,Alive,40.71802402,-74.0093463,7,Sophora
196869,Alive,40.71722153,-73.99143488,6,eastern redbud
230867,Alive,40.72091371,-74.00510655,8,littleleaf linden
228337,Alive,40.72593907,-73.99968678,4,London planetree
201501,Alive,40.7220783,-73.99074855,8,littleleaf linden
228339,Alive,40.72580503,-73.99979968,3,London planetree
227762,Alive,40.72755721,-74.00269084,13,American elm
230863,Alive,40.72131419,-74.0051711,6,littleleaf linden
230864,Alive,40.72111385,-74.00510428,13,littleleaf linden
230866,Alive,40.72102541,-74.00512456,7,littleleaf linden
228336,Alive,40.72617779,-73.99948569,2,London planetree
228338,Alive,40.72587829,-73.99973797,4,London planetree
230865,Alive,40.72110795,-74.00513786,9,littleleaf linden
228329,Alive,40.726485,-73.99936171,2,littleleaf linden
230305,Alive,40.7294612,-74.00608411,18,ginkgo
230306,Alive,40.72945226,-74.00598668,8,honeylocust
228282,Alive,40.72705221,-74.00301436,11,honeylocust
228284,Alive,40.72722256,-74.00287501,5,honeylocust
228318,Alive,40.72726281,-74.00092711,4,honeylocust
228331,Alive,40.72625893,-73.99890519,7,Callery pear
234297,Alive,40.71656505,-74.00992651,6,Callery pear
192025,Alive,40.727891,-74.00188798,5,sawtooth oak
228319,Alive,40.72722548,-74.000851,4,honeylocust
228326,Alive,40.72662595,-73.99964749,12,honeylocust
136732,Alive,40.72415661,-73.99068436,14,hardy rubber tree
230307,Alive,40.72944629,-74.00592148,16,ginkgo
230883,Alive,40.72134585,-74.00541527,5,Callery pear
230885,Alive,40.72141713,-74.00541968,6,Callery pear
191937,Alive,40.72607574,-73.99820561,6,sawtooth oak
235402,Alive,40.72595709,-73.99830945,6,green ash
234298,Alive,40.71652707,-74.00984287,5,Callery pear
192020,Alive,40.72756529,-74.00122939,6,sawtooth oak
230886,Alive,40.72148814,-74.00542408,5,Callery pear
191936,Alive,40.72604183,-73.99813648,7,sawtooth oak
191938,Alive,40.72610935,-73.99827414,6,sawtooth oak
201503,Alive,40.72203053,-73.99058717,5,littleleaf linden
235396,Alive,40.72571748,-73.99781111,5,green ash
230881,Alive,40.72111115,-74.00540074,6,Callery pear
227754,Alive,40.72793861,-74.00289578,16,London planetree
196867,Alive,40.71714468,-73.99147373,3,cherry
230783,Alive,40.72192578,-74.00518594,4,pin oak
230811,Alive,40.72107517,-74.00498515,3,American linden
232076,Alive,40.72463305,-73.99042304,5,ginkgo
230303,Alive,40.72947964,-74.00628543,21,ginkgo
228283,Alive,40.72712585,-74.00295412,16,honeylocust
230302,Alive,40.72949816,-74.00648746,12,honeylocust
245083,Alive,40.72930158,-74.00710314,5,Callery pear
245085,Alive,40.72907489,-74.00713941,6,Callery pear
238530,Alive,40.72037783,-73.99638774,18,Callery pear
229671,Alive,40.72888815,-74.00781842,11,Callery pear
228327,Alive,40.72657653,-73.99954728,10,honeylocust
228317,Alive,40.72731828,-74.00104023,12,honeylocust
229675,Alive,40.72893442,-74.00831187,15,Callery pear
227766,Alive,40.72732363,-74.00316688,17,honeylocust
230301,Alive,40.72950715,-74.00658561,27,ginkgo
227767,Alive,40.72721251,-74.00321235,3,honeylocust
228316,Alive,40.72736333,-74.00113211,14,honeylocust
227757,Alive,40.72767744,-74.00287906,7,pin oak
245086,Alive,40.72897135,-74.00715598,5,Callery pear
229668,Alive,40.72885589,-74.00747429,12,Callery pear
228285,Alive,40.72728035,-74.00282773,14,Japanese zelkova
232075,Alive,40.72452234,-73.99050282,4,Japanese zelkova
227763,Alive,40.72756592,-74.00278104,12,Japanese zelkova
173095,Alive,40.72230062,-74.00624663,4,Kentucky coffeetree
227768,Alive,40.72698054,-74.00314033,13,London planetree
191929,Alive,40.72553295,-73.99711683,5,Japanese zelkova
231100,Alive,40.72043429,-74.00623024,4,Japanese zelkova
229669,Alive,40.72886616,-74.00758387,11,Callery pear
229670,Alive,40.72887825,-74.00771278,13,Callery pear
229672,Alive,40.72889856,-74.00792943,8,Callery pear
229674,Alive,40.7289228,-74.00818797,11,Callery pear
245048,Alive,40.72999239,-74.00699552,8,mulberry
246279,Alive,40.72349746,-74.00496789,12,Callery pear
230882,Alive,40.72130567,-74.00537847,6,Japanese zelkova
228328,Alive,40.72652696,-73.99944678,5,littleleaf linden
246241,Alive,40.72565527,-74.00833326,4,pin oak
246234,Alive,40.7246624,-74.00850905,4,pin oak
246240,Alive,40.72561447,-74.00834048,5,pin oak
227758,Alive,40.72767037,-74.00279588,4,pin oak
245084,Alive,40.72919804,-74.00711971,9,Callery pear
236628,Alive,40.72529908,-74.00022839,9,Japanese zelkova
246239,Alive,40.72503235,-74.00844355,3,northern red oak
228304,Alive,40.72775904,-74.00195734,11,Japanese zelkova
246340,Alive,40.72615854,-74.00759999,7,Callery pear
246167,Alive,40.72813511,-74.00760821,11,Callery pear
246384,Alive,40.72702563,-74.00364913,8,Callery pear
246121,Alive,40.72724247,-74.00593951,3,Japanese zelkova
236595,Alive,40.72494848,-74.00039308,6,Callery pear
236597,Alive,40.72488844,-74.00044378,11,Callery pear
246237,Alive,40.72483922,-74.00847774,5,northern red oak
211498,Alive,40.72918194,-74.0042588,15,Japanese zelkova
246238,Alive,40.72496707,-74.00845511,3,northern red oak
211499,Alive,40.729207,-74.00417793,12,Japanese zelkova
246236,Alive,40.72477121,-74.00848978,5,northern red oak
246166,Alive,40.72812529,-74.00750365,10,Callery pear
246280,Alive,40.72343973,-74.00499117,6,Callery pear
236594,Alive,40.72498889,-74.00035895,12,Callery pear
238298,Alive,40.71959373,-73.99530578,4,ginkgo
246041,Alive,40.72373733,-74.00752701,11,cherry
238172,Alive,40.71944631,-73.99548058,2,ginkgo
235458,Alive,40.72498024,-73.99920306,4,ginkgo
211497,Alive,40.72911711,-74.00446796,12,honeylocust
236596,Alive,40.7249277,-74.00041063,12,Callery pear
246296,Alive,40.72871101,-74.00872448,3,pin oak
246119,Alive,40.72722656,-74.00577269,3,Japanese zelkova
246309,Alive,40.72626432,-74.00580432,4,London planetree
246298,Alive,40.72848882,-74.00876147,3,pin oak
211633,Alive,40.72962893,-74.00388717,5,pin oak
211495,Alive,40.7290384,-74.00472191,11,honeylocust
246120,Alive,40.72723434,-74.00585431,3,Japanese zelkova
211496,Alive,40.72908852,-74.00456018,16,honeylocust
245050,Alive,40.729787,-74.00702891,11,American linden
235470,Alive,40.72488568,-73.99921853,5,northern red oak
245177,Alive,40.72721509,-74.00274956,13,honeylocust
245176,Alive,40.7274516,-74.00255265,11,honeylocust
245178,Alive,40.72711955,-74.0028291,10,honeylocust
232077,Alive,40.7247221,-73.99035886,11,ginkgo
201502,Alive,40.72205441,-73.99066786,6,golden raintree
246244,Alive,40.72344533,-74.00605036,4,Chinese elm
245175,Alive,40.72782261,-74.00224376,9,Japanese zelkova
246297,Alive,40.72863913,-74.00873645,3,northern red oak
238299,Alive,40.71943151,-73.99537336,13,ginkgo
228348,Alive,40.72549829,-74.00046104,4,Japanese zelkova
238300,Alive,40.71931455,-73.99542207,10,ginkgo
245179,Alive,40.72700686,-74.00292292,10,honeylocust
246170,Alive,40.72795309,-74.00320218,6,American linden
246044,Alive,40.72501831,-74.00535024,4,northern red oak
246307,Alive,40.72613888,-74.00582327,3,Japanese zelkova
246308,Alive,40.72619315,-74.00581507,3,Japanese zelkova
230304,Alive,40.72946953,-74.0061751,17,Sophora
236546,Alive,40.72630508,-73.99924542,3,London planetree
246168,Alive,40.72822244,-74.00315495,15,American elm
236549,Alive,40.72569473,-73.99976215,3,London planetree
192022,Alive,40.72776253,-74.00162724,9,Sophora
246171,Alive,40.72786603,-74.00321745,16,American elm
211634,Alive,40.72969007,-74.00392309,4,honeylocust
246386,Alive,40.72706028,-74.0040194,12,ginkgo
246248,Alive,40.72718337,-74.00346687,7,ginkgo
246283,Alive,40.72319911,-74.00508821,11,American elm
245180,Alive,40.72692663,-74.00298971,15,honeylocust
246387,Alive,40.7270696,-74.00411895,13,ginkgo
245985,Alive,40.72487622,-74.00491037,4,American linden
231955,Alive,40.71974535,-73.99413364,9,honeylocust
236623,Alive,40.7242809,-74.00108878,7,honeylocust
246154,Alive,40.72511434,-74.00747415,4,ginkgo
231956,Alive,40.72000137,-73.99402521,9,American linden
236624,Alive,40.72433632,-74.00104196,6,honeylocust
246152,Alive,40.72505772,-74.0068639,8,honeylocust
246249,Alive,40.7271183,-74.00349315,5,ginkgo
192019,Alive,40.72753321,-74.00116429,6,sawtooth oak
246153,Alive,40.72510557,-74.0073796,3,ginkgo
234303,Alive,40.71634534,-74.00944266,12,Callery pear
228287,Alive,40.72739757,-74.00273185,10,Japanese zelkova
231034,Alive,40.7203869,-74.0057606,4,Japanese zelkova
246282,Alive,40.72326366,-74.00506218,14,American elm
245052,Alive,40.72964154,-74.00705256,12,London planetree
233868,Alive,40.71802361,-74.01023687,6,Callery pear
233867,Alive,40.71801453,-74.01015622,7,Callery pear
233869,Alive,40.7180321,-74.01031216,9,Callery pear
228346,Alive,40.72539362,-74.0002454,6,Callery pear
234290,Alive,40.71633408,-74.00925644,15,Callery pear
230032,Alive,40.729512,-74.00781641,9,Callery pear
246058,Alive,40.72449977,-74.00664003,16,tree of heaven
229468,Alive,40.72981631,-74.00509551,3,sawtooth oak
246046,Alive,40.72500057,-74.0051579,3,sweetgum
228990,Alive,40.72948944,-74.00307204,2,willow oak
246084,Alive,40.72441209,-74.00477138,17,American elm
246079,Alive,40.72474876,-74.00472267,13,American elm
246080,Alive,40.72467946,-74.00473269,14,American elm
230031,Alive,40.72946143,-74.00727276,11,Callery pear
246057,Alive,40.72450644,-74.00671528,4,Sophora
211771,Alive,40.72911534,-74.00423759,8,littleleaf linden
235459,Alive,40.72491783,-73.99907565,8,Callery pear
236547,Alive,40.72604894,-73.99946227,9,Sophora
246281,Alive,40.72333398,-74.00503382,7,American elm
246081,Alive,40.72461234,-74.0047424,12,American elm
246043,Alive,40.72366441,-74.00754439,11,black cherry
228988,Alive,40.72938215,-74.00342133,16,London planetree
229467,Alive,40.72989183,-74.00505421,3,sawtooth oak
246051,Alive,40.72510861,-74.00466691,10,Callery pear
246047,Alive,40.72498977,-74.00504079,3,sweetgum
246242,Alive,40.72570968,-74.00832362,6,northern red oak
246243,Alive,40.72338818,-74.00606026,3,northern red oak
246245,Alive,40.72349159,-74.00604234,3,northern red oak
245983,Alive,40.7248971,-74.00513963,3,Japanese zelkova
234291,Alive,40.71645626,-74.00924643,4,Japanese zelkova
246045,Alive,40.72500837,-74.00524243,4,northern red oak
246246,Alive,40.72355417,-74.0060315,3,northern red oak
228995,Alive,40.72965355,-74.0024231,10,northern red oak
246053,Alive,40.72538648,-74.00462829,3,honeylocust
229361,Alive,40.72998834,-74.00474049,5,honeylocust
228996,Alive,40.72964489,-74.00238906,2,honeylocust
211767,Alive,40.72896336,-74.00472657,8,ginkgo
229360,Alive,40.72988496,-74.00479894,3,honeylocust
228993,Alive,40.72959939,-74.00271406,10,ginkgo
246052,Alive,40.72524372,-74.00464813,3,honeylocust
211766,Alive,40.72890148,-74.00492563,10,ginkgo
235455,Alive,40.72593857,-73.99847843,5,green ash
245274,Alive,40.72526918,-74.00356254,7,honeylocust
246082,Alive,40.72454359,-74.00475235,12,American elm
228994,Alive,40.72963371,-74.00260231,4,Amur maple
211773,Alive,40.72920213,-74.00395837,6,littleleaf linden
228987,Alive,40.72935811,-74.00349961,11,London planetree
245984,Alive,40.72489018,-74.00506369,2,littleleaf linden
230033,Alive,40.72952159,-74.00791955,10,Callery pear
228347,Alive,40.72545282,-74.00036736,3,Callery pear
246169,Alive,40.72815442,-74.00316688,5,Callery pear
211769,Alive,40.7290325,-74.00450412,3,ginkgo
211770,Alive,40.72905326,-74.00443732,3,ginkgo
211768,Alive,40.72900592,-74.00458963,3,ginkgo
234283,Alive,40.71772419,-74.00887302,7,ginkgo
229359,Alive,40.72979823,-74.00484798,4,London planetree
207991,Alive,40.71602204,-73.99979088,5,ginkgo
207992,Alive,40.71604524,-73.99985785,4,ginkgo
228307,Alive,40.7276341,-74.00170005,9,honeylocust
211775,Alive,40.7292555,-74.00378669,7,ginkgo
228308,Alive,40.72759216,-74.00161368,12,honeylocust
207993,Alive,40.71606742,-73.99992187,4,ginkgo
201296,Alive,40.72341608,-73.99078013,8,honeylocust
246416,Alive,40.72762999,-74.00558335,2,ginkgo
201297,Alive,40.7233138,-73.99043952,7,honeylocust
211500,Alive,40.72924242,-74.00406366,9,ginkgo
246235,Alive,40.72471681,-74.00849942,5,northern red oak
246277,Alive,40.72509746,-74.00620087,3,Japanese zelkova
254351,Alive,40.72802825,-73.99018613,11,Callery pear
229469,Alive,40.72975093,-74.00513126,2,sawtooth oak
229470,Alive,40.72965057,-74.00518613,3,sawtooth oak
234281,Alive,40.7180068,-74.00817273,4,Norway maple
211774,Alive,40.72922767,-74.00387621,9,Callery pear
228989,Alive,40.72941915,-74.00330088,4,sugar maple
228992,Alive,40.72956835,-74.0028151,4,littleleaf linden
234280,Alive,40.71807684,-74.00832909,5,Norway maple
246274,Alive,40.72513037,-74.00654741,4,London planetree
254190,Alive,40.72741355,-73.99033872,16,Sophora
255492,Alive,40.71650614,-74.01278175,4,honeylocust
235548,Alive,40.72489406,-73.99949847,7,Chinese elm
246005,Alive,40.72372778,-74.00635503,17,littleleaf linden
192658,Alive,40.71776505,-73.99111825,3,swamp white oak
211772,Alive,40.72917556,-74.00404387,9,Callery pear
254188,Alive,40.72729237,-73.99004997,8,Sophora
246414,Alive,40.72735541,-74.00562502,3,Sophora
255515,Alive,40.71603827,-74.01195819,11,pin oak
236626,Alive,40.72518595,-74.00032399,6,cherry
73249,Alive,40.72652555,-73.99875446,3,Amur maackia
245051,Alive,40.72971999,-74.00703981,8,littleleaf linden
255489,Alive,40.71670958,-74.01274042,4,honeylocust
236548,Alive,40.72581126,-73.99966349,4,cherry
228082,Alive,40.72602241,-74.00152434,5,Sophora
255490,Alive,40.71664177,-74.0127542,4,honeylocust
235370,Alive,40.72361937,-73.99950525,6,sawtooth oak
254192,Alive,40.72756084,-73.9906897,15,Sophora
228079,Alive,40.72588457,-74.00124022,4,Sophora
254193,Alive,40.72762076,-73.99083249,17,pin oak
254194,Alive,40.72767697,-73.99096644,5,pin oak
254350,Alive,40.72805791,-73.99025651,8,Callery pear
246229,Alive,40.72859267,-74.0085662,3,green ash
246230,Alive,40.72863244,-74.00855971,3,green ash
238531,Alive,40.72029801,-73.99618817,5,Sophora
235392,Alive,40.72558939,-73.99783488,14,green ash
234286,Alive,40.7176143,-74.01051287,10,Sophora
246389,Alive,40.72708662,-74.00430086,17,London planetree
254349,Alive,40.72812799,-73.99042285,15,London planetree
246393,Alive,40.72713576,-74.00482582,12,London planetree
246395,Alive,40.72715171,-74.00499627,12,London planetree
246276,Alive,40.72510263,-74.00625528,4,Japanese zelkova
234284,Alive,40.71795938,-74.01042242,7,Callery pear
246231,Alive,40.72867385,-74.00855295,3,green ash
255512,Alive,40.71615522,-74.01221723,12,Japanese zelkova
255547,Alive,40.71620266,-74.01107523,6,northern red oak
227764,Alive,40.7275781,-74.00290739,14,Japanese zelkova
255508,Alive,40.71636769,-74.01268785,5,Japanese zelkova
255514,Alive,40.71607441,-74.01203823,3,northern red oak
246394,Alive,40.727144,-74.00491391,8,ginkgo
255510,Alive,40.71624682,-74.01242012,4,Japanese zelkova
246514,Alive,40.72526671,-74.0091263,4,ginkgo
246516,Alive,40.72516877,-74.00914354,4,ginkgo
246515,Alive,40.7252123,-74.00913588,3,ginkgo
246513,Alive,40.72532112,-74.00911672,4,ginkgo
235457,Alive,40.72514222,-73.99915591,2,littleleaf linden
246006,Alive,40.72373472,-74.00642661,3,littleleaf linden
238638,Alive,40.72099397,-73.99627912,2,pin oak
246385,Alive,40.7270391,-74.00379308,15,ginkgo
238639,Alive,40.72102137,-73.99635944,2,pin oak
246390,Alive,40.72710023,-74.00444624,5,American elm
246388,Alive,40.72707985,-74.00422852,6,American elm
246509,Alive,40.72565302,-74.00905829,5,Japanese zelkova
255513,Alive,40.71612007,-74.01213936,15,Japanese zelkova
246508,Alive,40.72572103,-74.00904632,7,Japanese zelkova
246391,Alive,40.72710667,-74.004515,14,London planetree
228078,Alive,40.72645903,-74.0021956,22,London planetree
255511,Alive,40.71621923,-74.01235901,4,Japanese zelkova
246511,Alive,40.72550339,-74.00908463,8,Japanese zelkova
246720,Alive,40.72494052,-74.00936473,3,Japanese zelkova
246404,Alive,40.72376464,-74.00546731,8,Callery pear
246225,Alive,40.72842761,-74.00859312,3,green ash
246227,Alive,40.72851232,-74.0085793,3,green ash
236625,Alive,40.72448408,-74.00091709,5,ginkgo
246223,Alive,40.7283448,-74.00860663,3,green ash
236627,Alive,40.72524367,-74.00027521,8,cherry
246512,Alive,40.72544898,-74.00909421,7,Japanese zelkova
246405,Alive,40.72377215,-74.0055457,3,northern red oak
246722,Alive,40.72511189,-74.00933439,5,northern red oak
254189,Alive,40.72735362,-73.99019592,13,Japanese zelkova
173096,Alive,40.72196136,-74.00629531,4,Kentucky coffeetree
196378,Alive,40.71653217,-73.99171237,4,Kentucky coffeetree
236550,Alive,40.72564743,-73.9998022,4,London planetree
211632,Alive,40.72944149,-74.00377706,4,cherry
246407,Alive,40.72378729,-74.00570355,6,Callery pear
238637,Alive,40.7209249,-73.99607667,3,northern red oak
246406,Alive,40.72377964,-74.00562373,5,Callery pear
238461,Alive,40.72004767,-73.99587402,11,honeylocust
246726,Alive,40.7254617,-74.00927245,7,Callery pear
246725,Alive,40.72534446,-74.00929321,7,Callery pear
254191,Alive,40.72747413,-73.99048309,15,Sophora
246392,Alive,40.72711813,-74.00463746,22,Sophora
246727,Alive,40.72552372,-74.00926147,5,Callery pear
246232,Alive,40.72871552,-74.00854616,3,green ash
246402,Alive,40.72731266,-74.00539664,3,Sophora
228080,Alive,40.72596648,-74.00140905,7,Sophora
238548,Alive,40.72047587,-73.99596863,3,American elm
246408,Alive,40.72379491,-74.00578301,4,Callery pear
236663,Alive,40.72957691,-74.01038898,9,honeylocust
246409,Alive,40.72380318,-74.00586927,19,Callery pear
246226,Alive,40.72846738,-74.00858663,3,green ash
238409,Alive,40.71991681,-73.99433914,20,London planetree
246415,Alive,40.72741267,-74.00561633,2,Sophora
246224,Alive,40.72838784,-74.00859961,3,green ash
238408,Alive,40.71972165,-73.99441816,8,honeylocust
228081,Alive,40.72598979,-74.00145711,6,Sophora
238636,Alive,40.72087886,-73.99594171,4,honeylocust
255465,Alive,40.71641152,-74.01140069,12,pin oak
246721,Alive,40.72498893,-74.00935616,3,Japanese zelkova
246417,Alive,40.72767143,-74.00557706,2,ginkgo
192654,Alive,40.71762134,-73.99119192,2,swamp white oak
179827,Alive,40.72176761,-73.99125318,5,Japanese tree lilac
246826,Alive,40.72361787,-74.00532066,2,white oak
268350,Alive,40.72153173,-73.99466994,13,Sophora
268363,Alive,40.72252322,-73.99427818,4,pin oak
235393,Alive,40.72563604,-73.99779549,7,green ash
192655,Alive,40.71765586,-73.99117422,5,eastern redbud
246724,Alive,40.72524735,-74.00931041,19,Sophora
268359,Alive,40.72218309,-73.99441257,4,Japanese zelkova
255464,Alive,40.71636621,-74.01130138,12,pin oak
268362,Alive,40.72245015,-73.99430705,4,pin oak
268784,Alive,40.72282281,-74.00347851,13,littleleaf linden
271841,Alive,40.72667786,-74.00105979,6,littleleaf linden
268783,Alive,40.72304986,-74.00328759,6,littleleaf linden
192661,Alive,40.71790621,-73.99104589,5,eastern redbud
268358,Alive,40.72211842,-73.99443812,9,Chinese elm
255553,Alive,40.71607013,-74.01091675,11,honeylocust
255554,Alive,40.71600851,-74.01093304,10,honeylocust
268360,Alive,40.72225248,-73.99438515,8,Chinese elm
268782,Alive,40.72310489,-74.00324132,12,Japanese zelkova
274956,Alive,40.72069473,-74.01013459,12,honeylocust
268954,Alive,40.72288974,-73.99490479,7,honeylocust
268957,Alive,40.72264669,-73.99500001,7,honeylocust
269413,Alive,40.72153248,-74.00438993,8,Chinese elm
262634,Alive,40.71808479,-74.00901233,3,Japanese zelkova
271840,Alive,40.72656861,-74.00114997,9,honeylocust
274949,Alive,40.72043332,-74.0102214,10,honeylocust
274944,Alive,40.72032009,-74.01024071,11,honeylocust
268960,Alive,40.72236156,-73.99511172,8,honeylocust
268958,Alive,40.72256936,-73.99503031,9,ginkgo
274959,Alive,40.7208564,-74.01012058,5,honeylocust
246278,Alive,40.72509236,-74.00614717,5,Japanese zelkova
274961,Alive,40.72092172,-74.01014112,9,honeylocust
274955,Alive,40.72067214,-74.01013851,13,honeylocust
274957,Alive,40.72071759,-74.01013063,14,honeylocust
274964,Alive,40.72098843,-74.01013001,11,honeylocust
274946,Alive,40.72036527,-74.01023301,8,honeylocust
268955,Alive,40.7228224,-73.99493117,7,honeylocust
274960,Alive,40.72089939,-74.01014484,5,honeylocust
246359,Alive,40.72307683,-74.00536952,9,Callery pear
276111,Alive,40.72309519,-74.00793129,8,Callery pear
277191,Alive,40.72568439,-74.00201109,7,Callery pear
275806,Alive,40.72217317,-74.00677011,11,Callery pear
275805,Alive,40.72210483,-74.0067782,12,Callery pear
274947,Alive,40.72038813,-74.01022911,14,honeylocust
274954,Alive,40.72067558,-74.01014171,11,honeylocust
267774,Alive,40.72665493,-74.0027957,5,Callery pear
268959,Alive,40.72250623,-73.99505504,3,ginkgo
271843,Alive,40.72683081,-74.00093356,9,honeylocust
274948,Alive,40.72041045,-74.0102253,3,honeylocust
274943,Alive,40.72027656,-74.01021824,12,honeylocust
274958,Alive,40.7208372,-74.01010132,15,honeylocust
274950,Alive,40.72045564,-74.01021759,10,honeylocust
274963,Alive,40.72096583,-74.01013377,9,honeylocust
246228,Alive,40.72855454,-74.00857241,3,green ash
276110,Alive,40.72299991,-74.00794738,4,crab apple
274962,Alive,40.72094405,-74.0101374,9,honeylocust
274966,Alive,40.72107693,-74.01011527,5,honeylocust
274971,Alive,40.72118994,-74.01009645,13,honeylocust
271842,Alive,40.7267713,-74.00098267,7,honeylocust
274952,Alive,40.72062059,-74.01018945,12,honeylocust
274967,Alive,40.72109981,-74.01011146,12,honeylocust
274965,Alive,40.72105406,-74.01011908,9,honeylocust
230154,Alive,40.72964132,-74.00803604,7,honeylocust
230152,Alive,40.72965698,-74.00820509,8,honeylocust
230155,Alive,40.72963202,-74.00793575,8,honeylocust
276109,Alive,40.72288884,-74.00796614,4,crab apple
274945,Alive,40.72034295,-74.01023681,11,honeylocust
268961,Alive,40.72227475,-73.99514573,7,honeylocust
230153,Alive,40.72964895,-74.00811841,8,honeylocust
274951,Alive,40.7204785,-74.01021369,13,honeylocust
274970,Alive,40.72116706,-74.01010026,4,honeylocust
274953,Alive,40.72066051,-74.01016368,15,honeylocust
274968,Alive,40.72112213,-74.01010774,5,honeylocust
235456,Alive,40.7252132,-73.99909553,6,green ash
246050,Alive,40.72503928,-74.00467655,14,green ash
268160,Alive,40.72190231,-73.99357364,6,Callery pear
246403,Alive,40.72371452,-74.00494471,27,London planetree
234285,Alive,40.71788967,-74.0104407,7,Callery pear
246360,Alive,40.72308218,-74.005425,3,pin oak
268364,Alive,40.72261259,-73.99424286,3,pin oak
268660,Alive,40.72228916,-74.00490854,18,London planetree
268661,Alive,40.72236101,-74.00484729,20,London planetree
276112,Alive,40.72323185,-74.0079082,19,willow oak
268659,Alive,40.72221915,-74.00496821,23,London planetree
255509,Alive,40.7163247,-74.01259261,5,Japanese zelkova
260488,Alive,40.72204205,-74.011553,9,honeylocust
268162,Alive,40.72129842,-73.99380018,4,northern red oak
275807,Alive,40.72223058,-74.00676332,9,crab apple
260489,Alive,40.72210457,-74.01154156,9,honeylocust
262633,Alive,40.7168745,-74.00653721,6,honeylocust
260485,Alive,40.72178651,-74.01159978,9,honeylocust
260486,Alive,40.7218436,-74.01158933,4,honeylocust
246510,Alive,40.7255714,-74.00907266,6,Japanese zelkova
273806,Alive,40.72151848,-74.01153667,5,honeylocust
269276,Alive,40.72194954,-73.99538816,4,honeylocust
267772,Alive,40.72675904,-74.00300882,13,honeylocust
262632,Alive,40.71678442,-74.00660772,8,ginkgo
277184,Alive,40.72511925,-74.00251873,22,ginkgo
275912,Alive,40.72197488,-74.01066692,4,American linden
274570,Alive,40.71901293,-74.01041487,4,ginkgo
277188,Alive,40.72546406,-74.00223371,24,pin oak
275913,Alive,40.7218976,-74.01068031,2,pin oak
269275,Alive,40.72184216,-73.99542997,6,honeylocust
268707,Alive,40.72327832,-74.00325193,2,pin oak
246827,Alive,40.72361257,-74.00526591,2,white oak
246829,Alive,40.72359697,-74.00510486,2,white oak
269277,Alive,40.72202638,-73.99535825,4,honeylocust
269278,Alive,40.72221745,-73.99528386,4,honeylocust
267773,Alive,40.72671485,-74.00291835,13,honeylocust
277183,Alive,40.725037,-74.00258672,22,ginkgo
246048,Alive,40.72497563,-74.0048875,3,sweetgum
246828,Alive,40.72360737,-74.00521222,2,white oak
246723,Alive,40.72518424,-74.00932158,19,Sophora
268671,Alive,40.72288429,-74.00467456,9,honeylocust
254235,Alive,40.72785287,-73.99098307,12,Sophora
254236,Alive,40.7280902,-73.99080913,14,Sophora
273810,Alive,40.72149365,-74.01127025,7,honeylocust
275036,Alive,40.72153085,-74.01008342,4,ginkgo
273807,Alive,40.72151174,-74.01146433,4,honeylocust
268965,Alive,40.72200566,-73.99525115,13,Sophora
260487,Alive,40.72196593,-74.01156694,3,littleleaf linden
268964,Alive,40.7220709,-73.99522559,21,Sophora
274572,Alive,40.71906877,-74.01040577,2,Turkish hazelnut
269274,Alive,40.72177426,-73.9954564,5,honeylocust
275911,Alive,40.72205543,-74.01065295,4,American linden
273808,Alive,40.72150386,-74.01137983,7,honeylocust
159066,Alive,40.72440868,-74.00459636,14,Siberian elm
159068,Alive,40.7245433,-74.0045421,10,Siberian elm
27538,Alive,40.72900404,-74.00239107,13,Siberian elm
252664,Alive,40.72337732,-74.00847966,3,black oak
246123,Alive,40.72294123,-74.00667518,2,Chinese elm
246128,Alive,40.7231904,-74.0070209,3,Chinese elm
273809,Alive,40.72149879,-74.0113254,6,honeylocust
282270,Alive,40.71780072,-74.01247522,2,Japanese zelkova
268662,Alive,40.72258493,-74.00461556,9,ginkgo
278738,Alive,40.71729936,-73.99917278,4,ginkgo
267776,Alive,40.72652532,-74.00253036,11,black locust
252719,Alive,40.72504437,-73.9901199,9,honeylocust
252720,Alive,40.72499633,-73.99015484,7,Callery pear
246124,Alive,40.72299598,-74.00675113,14,silver linden
275037,Alive,40.72154037,-74.01017638,4,ginkgo
269359,Alive,40.72309736,-73.99518975,10,Chinese elm
282271,Alive,40.71789594,-74.01245166,3,Japanese zelkova
275804,Alive,40.72203376,-74.00678661,9,Callery pear
268663,Alive,40.72227147,-73.99619118,6,Callery pear
246129,Alive,40.7232206,-74.00706281,3,Chinese elm
272073,Alive,40.7200961,-74.0037292,5,ginkgo
268666,Alive,40.72253597,-73.99608699,8,Callery pear
278728,Alive,40.71739085,-73.99892148,7,Japanese zelkova
246122,Alive,40.72290537,-74.00662541,10,Chinese elm
268667,Alive,40.72262063,-73.99605364,7,Callery pear
246126,Alive,40.72310357,-74.00690042,3,Chinese elm
282272,Alive,40.71796634,-74.01243424,2,Japanese zelkova
246125,Alive,40.72306393,-74.00684542,3,Chinese elm
272408,Alive,40.71915341,-74.00474668,8,Japanese zelkova
282276,Alive,40.71810174,-74.01240073,2,Japanese zelkova
272405,Alive,40.71933345,-74.00460536,8,Japanese zelkova
272409,Alive,40.71909497,-74.00479255,4,Japanese zelkova
268158,Alive,40.72209815,-73.99350017,11,honeylocust
277189,Alive,40.72550077,-74.00220336,15,pin oak
269360,Alive,40.72312512,-73.99525615,8,Chinese elm
268706,Alive,40.72329845,-74.00335986,7,pin oak
272074,Alive,40.7202489,-74.00361096,6,ginkgo
252718,Alive,40.7250888,-73.99008759,8,honeylocust
275914,Alive,40.72184154,-74.01069003,2,pin oak
269374,Alive,40.72275424,-74.00335532,11,pin oak
278814,Alive,40.71832378,-73.99858235,4,ginkgo
269283,Alive,40.72290327,-73.99501684,10,honeylocust
269372,Alive,40.72254401,-74.00353393,5,pin oak
278813,Alive,40.71834769,-73.99865128,4,ginkgo
276271,Alive,40.72293679,-74.01068872,3,American linden
275098,Alive,40.72329895,-74.00881368,4,pin oak
277223,Alive,40.72518246,-74.00311615,10,honeylocust
278815,Alive,40.71830101,-73.9985167,4,ginkgo
278730,Alive,40.71730721,-73.99922863,4,ginkgo
268664,Alive,40.72237453,-73.99615058,6,honeylocust
275096,Alive,40.72332097,-74.00903548,5,American linden
272113,Alive,40.71869145,-74.00634594,10,honeylocust
282275,Alive,40.71807366,-74.01244255,9,honeylocust
278736,Alive,40.71727638,-73.99910726,6,ginkgo
278729,Alive,40.71732036,-73.99924704,6,ginkgo
278737,Alive,40.71728557,-73.99913347,4,ginkgo
272111,Alive,40.71860053,-74.00615177,9,honeylocust
269371,Alive,40.72247763,-74.00359033,4,pin oak
277190,Alive,40.72555932,-74.00215496,27,pin oak
275196,Alive,40.7223038,-74.00806618,8,honeylocust
277225,Alive,40.72507381,-74.00283134,23,ginkgo
252717,Alive,40.72514163,-73.99004917,10,honeylocust
277224,Alive,40.72510156,-74.00295119,14,honeylocust
277226,Alive,40.72502087,-74.00272339,15,ginkgo
278762,Alive,40.71732903,-74.00058994,7,American linden
282279,Alive,40.71823877,-74.01236682,7,honeylocust
282277,Alive,40.71814002,-74.01242613,8,honeylocust
179829,Alive,40.72184789,-73.99121197,3,Japanese tree lilac
275206,Alive,40.72160419,-74.01086189,2,pin oak
282282,Alive,40.71835068,-74.012374,7,honeylocust
272112,Alive,40.71865175,-74.00626114,7,honeylocust
277222,Alive,40.72521548,-74.00318347,2,honeylocust
268785,Alive,40.72274004,-74.00354811,10,littleleaf linden
282267,Alive,40.71748907,-74.0125435,9,honeylocust
269358,Alive,40.72306219,-73.99510565,8,Chinese elm
268647,Alive,40.72248019,-74.00510034,4,London planetree
278763,Alive,40.71736908,-74.00055847,10,American linden
272114,Alive,40.71872569,-74.00641906,11,honeylocust
278764,Alive,40.71741384,-74.0005233,9,American linden
275209,Alive,40.7216375,-74.0112178,3,honeylocust
275210,Alive,40.7216497,-74.01134814,2,honeylocust
275212,Alive,40.72166545,-74.01151643,5,honeylocust
275093,Alive,40.72335208,-74.00934886,4,northern red oak
272131,Alive,40.72015554,-73.99830466,4,honeylocust
246127,Alive,40.72316397,-74.00698423,3,Chinese elm
273696,Alive,40.72043394,-74.01191407,7,honeylocust
230308,Alive,40.72943723,-74.00582262,12,honeylocust
268649,Alive,40.7222896,-74.00517924,3,sawtooth oak
273703,Alive,40.72101314,-74.01178784,6,honeylocust
275095,Alive,40.72333127,-74.00913923,3,northern red oak
230309,Alive,40.7294308,-74.00575241,8,honeylocust
272406,Alive,40.71927312,-74.00465271,10,Japanese zelkova
286296,Alive,40.71806048,-74.01062709,8,Japanese zelkova
274571,Alive,40.71904099,-74.0104103,4,Japanese snowbell
271882,Alive,40.72684966,-74.0010463,9,Chinese elm
274231,Alive,40.7219038,-74.00973079,3,shingle oak
30625,Alive,40.72562744,-73.9949946,2,shingle oak
272404,Alive,40.7193933,-74.00455838,5,Japanese zelkova
278761,Alive,40.71727014,-74.00063621,8,American linden
282273,Alive,40.7180038,-74.01245984,10,honeylocust
268786,Alive,40.7225701,-74.00369101,3,dawn redwood
282268,Alive,40.71755081,-74.01253008,9,honeylocust
246007,Alive,40.72382346,-74.00734279,3,littleleaf linden
269252,Alive,40.72220627,-74.00400031,9,littleleaf linden
282269,Alive,40.71773473,-74.01250922,10,honeylocust
272130,Alive,40.72020185,-73.99826458,4,honeylocust
269375,Alive,40.7228446,-74.00327855,5,pin oak
282280,Alive,40.71827192,-74.01239349,2,honeylocust
278722,Alive,40.71670645,-74.0008832,10,honeylocust
271942,Alive,40.72197399,-73.99849012,4,honeylocust
273697,Alive,40.72052167,-74.01189495,3,honeylocust
268804,Alive,40.72274393,-73.99433895,4,northern red oak
269280,Alive,40.72251746,-73.99516706,6,littleleaf linden
272298,Alive,40.71996117,-74.00365808,5,Japanese zelkova
268704,Alive,40.72349996,-74.0044903,6,black oak
267639,Alive,40.72727256,-74.0017697,7,ginkgo
267640,Alive,40.72719718,-74.00183172,4,ginkgo
286295,Alive,40.71799371,-74.01060818,3,Japanese zelkova
269293,Alive,40.7223317,-74.00354689,18,Japanese zelkova
271987,Alive,40.72355571,-73.99668969,6,Japanese zelkova
271884,Alive,40.72673416,-74.00114238,11,Chinese elm
276089,Alive,40.72247587,-74.0104436,4,Japanese zelkova
269279,Alive,40.7224522,-73.99519247,5,littleleaf linden
267775,Alive,40.72656239,-74.00260626,9,black locust
276381,Alive,40.72287849,-74.01010897,11,Callery pear
276380,Alive,40.72289226,-74.01024704,5,Callery pear
268159,Alive,40.7220348,-73.99352393,8,Callery pear
268962,Alive,40.72220663,-73.99517242,6,littleleaf linden
268353,Alive,40.72172677,-73.99459287,18,Sophora
268355,Alive,40.72186503,-73.99453824,11,Sophora
274719,Alive,40.72279776,-74.00928966,9,Chinese elm
268352,Alive,40.72166105,-73.99461884,17,Sophora
268354,Alive,40.72180089,-73.99456359,14,Sophora
268665,Alive,40.72246393,-73.99611537,8,Callery pear
268668,Alive,40.72271055,-73.99601823,8,Callery pear
273705,Alive,40.72119835,-74.01174748,6,Sophora
274577,Alive,40.71921286,-74.01038228,5,Sophora
268351,Alive,40.72159639,-73.99464439,11,Sophora
268356,Alive,40.72192969,-73.99451269,18,Sophora
269248,Alive,40.72198042,-74.00419233,8,Callery pear
269049,Alive,40.7215825,-73.99527998,11,Sophora
269244,Alive,40.72172552,-74.00440905,9,Callery pear
268967,Alive,40.72186678,-73.99530556,13,Sophora
268969,Alive,40.72173579,-73.99535688,16,Sophora
269052,Alive,40.72148666,-73.99504706,15,Sophora
269054,Alive,40.72142189,-73.99488967,16,Sophora
268968,Alive,40.72180207,-73.99533091,13,Sophora
269050,Alive,40.72154985,-73.99520065,15,Sophora
269247,Alive,40.72186472,-74.0042907,10,Callery pear
271948,Alive,40.72083732,-74.00492076,14,Callery pear
271941,Alive,40.72165084,-73.99876209,7,Callery pear
269051,Alive,40.72151852,-73.99512449,12,Sophora
269053,Alive,40.72145453,-73.994969,13,Sophora
274573,Alive,40.71909764,-74.01040106,7,Sophora
271940,Alive,40.72159213,-73.9988115,7,Callery pear
269282,Alive,40.72281643,-73.99505066,9,white oak
274580,Alive,40.71940517,-74.01035093,8,Sophora
272129,Alive,40.72069011,-73.99784195,4,honeylocust
273698,Alive,40.72057366,-74.01188362,9,honeylocust
273700,Alive,40.7206947,-74.01185724,10,honeylocust
275266,Alive,40.72199909,-74.00796469,5,honeylocust
276334,Alive,40.72296271,-74.01036306,5,ginkgo
267638,Alive,40.7273484,-74.0017073,7,ginkgo
267641,Alive,40.72707992,-74.0019282,6,ginkgo
278721,Alive,40.71664892,-74.00092538,12,honeylocust
273706,Alive,40.7212655,-74.01173284,7,honeylocust
273707,Alive,40.7213183,-74.01172133,6,honeylocust
276188,Alive,40.72402973,-74.01116947,4,honeylocust
276190,Alive,40.72387837,-74.01119511,4,honeylocust
273701,Alive,40.72086394,-74.01182036,9,honeylocust
273699,Alive,40.72063377,-74.01187052,8,honeylocust
230310,Alive,40.7294239,-74.00567718,3,honeylocust
273708,Alive,40.72137056,-74.01170995,5,honeylocust
273702,Alive,40.72091972,-74.0118082,7,honeylocust
273709,Alive,40.72143122,-74.01169673,7,honeylocust
276333,Alive,40.72307316,-74.01034355,6,ginkgo
271945,Alive,40.7223258,-73.99819402,3,honeylocust
276189,Alive,40.72396113,-74.01118109,3,honeylocust
276289,Alive,40.72367447,-74.01037461,4,southern red oak
271943,Alive,40.7221247,-73.99836328,4,honeylocust
276234,Alive,40.72353162,-74.01114048,6,honeylocust
268956,Alive,40.72271613,-73.9949728,10,honeylocust
275208,Alive,40.7216176,-74.01100511,2,pin oak
246303,Alive,40.72610891,-74.00966241,2,eastern redcedar
273813,Alive,40.72147859,-74.01110876,6,honeylocust
276187,Alive,40.72347406,-74.01127594,8,honeylocust
274317,Alive,40.72259808,-74.00851076,6,littleleaf linden
274574,Alive,40.7191257,-74.01039649,4,ginkgo
274591,Alive,40.71992816,-74.01026567,11,honeylocust
252644,Alive,40.7234416,-74.00807321,2,pin oak
276481,Alive,40.72339639,-74.00980327,7,ginkgo
269281,Alive,40.72277011,-73.99506869,5,white oak
273816,Alive,40.7214632,-74.01094368,7,honeylocust
274569,Alive,40.71898542,-74.01041935,2,common hackberry
273817,Alive,40.72140704,-74.01034138,9,honeylocust
271947,Alive,40.72104624,-74.00475439,8,honeylocust
275211,Alive,40.72165754,-74.01143193,2,pin oak
276235,Alive,40.72352476,-74.01107253,6,honeylocust
275267,Alive,40.72194085,-74.00736346,7,willow oak
275207,Alive,40.72161076,-74.01093207,2,pin oak
274713,Alive,40.7227113,-74.00841093,5,pin oak
267642,Alive,40.72696149,-74.00202564,6,pin oak
274714,Alive,40.72272468,-74.00854689,4,pin oak
276108,Alive,40.72278266,-74.00798408,10,Callery pear
271985,Alive,40.72281566,-73.99701279,10,Callery pear
271988,Alive,40.7236288,-73.996627,5,Japanese zelkova
282284,Alive,40.71842,-74.01235684,2,Japanese zelkova
267643,Alive,40.72690566,-74.00207158,5,Japanese zelkova
286292,Alive,40.71793078,-74.01062318,8,Japanese zelkova
282278,Alive,40.71816918,-74.01238404,2,Japanese zelkova
282281,Alive,40.7183116,-74.0123488,2,Japanese zelkova
286289,Alive,40.71754789,-74.0107493,6,Japanese zelkova
286290,Alive,40.71784172,-74.01067924,5,Japanese zelkova
286298,Alive,40.71818471,-74.01059747,9,Japanese zelkova
286291,Alive,40.71783707,-74.01064552,3,Japanese zelkova
272002,Alive,40.72471427,-73.99573214,2,Japanese zelkova
271984,Alive,40.72274939,-73.99703879,4,Callery pear
286294,Alive,40.71799836,-74.0106419,9,Japanese zelkova
277206,Alive,40.72672181,-74.00209283,5,Japanese zelkova
271887,Alive,40.72626799,-74.00153021,9,Callery pear
282283,Alive,40.71838011,-74.01233184,2,Japanese zelkova
274227,Alive,40.7216286,-74.00978036,4,northern red oak
276191,Alive,40.72380923,-74.01120683,3,honeylocust
274576,Alive,40.71918072,-74.01038752,4,ginkgo
276236,Alive,40.72351833,-74.01100887,6,honeylocust
273814,Alive,40.72147345,-74.01105361,7,honeylocust
277186,Alive,40.72534184,-74.00233473,9,honeylocust
273819,Alive,40.72139676,-74.0102311,13,honeylocust
277185,Alive,40.72522753,-74.00242922,4,ginkgo
276192,Alive,40.72375043,-74.01121679,7,honeylocust
276185,Alive,40.72316367,-74.01133839,9,honeylocust
269249,Alive,40.72202697,-74.00415276,10,Japanese zelkova
273812,Alive,40.72148353,-74.01116175,7,honeylocust
276184,Alive,40.72306437,-74.01135837,7,honeylocust
276480,Alive,40.72338673,-74.00971106,8,ginkgo
277203,Alive,40.72713841,-74.00175185,4,ginkgo
274716,Alive,40.72275868,-74.00889252,7,ginkgo
244682,Alive,40.72893027,-74.00695724,18,willow oak
274715,Alive,40.72273439,-74.00864564,5,honeylocust
269376,Alive,40.72289624,-74.00323468,6,pin oak
271886,Alive,40.72632458,-74.00148313,7,Callery pear
272085,Alive,40.71989547,-74.00388635,5,kousa dogwood
272013,Alive,40.72342805,-73.99598654,7,American linden
274712,Alive,40.72269996,-74.00829573,8,Callery pear
271885,Alive,40.7263974,-74.00142254,8,Callery pear
244684,Alive,40.72926986,-74.00690408,33,willow oak
273815,Alive,40.72146837,-74.01099918,7,honeylocust
277205,Alive,40.72693663,-74.001917,7,ginkgo
269379,Alive,40.72314949,-74.00300773,14,honeylocust
276186,Alive,40.72341491,-74.01128784,9,honeylocust
269377,Alive,40.7229428,-74.00319512,11,ginkgo
276504,Alive,40.7233105,-74.00962612,8,ginkgo
273818,Alive,40.72140184,-74.01028552,10,honeylocust
268806,Alive,40.72293001,-73.99478251,10,Sophora
274588,Alive,40.7196999,-74.01030288,10,Sophora
274584,Alive,40.71957983,-74.01028792,11,Sophora
272110,Alive,40.72088103,-73.99796531,5,Sophora
268131,Alive,40.72362037,-73.99294915,17,London planetree
268130,Alive,40.72374533,-73.9929042,18,London planetree
267721,Alive,40.7263784,-74.00249749,13,London planetree
268966,Alive,40.72194043,-73.99527671,11,Sophora
268133,Alive,40.72270331,-73.99327903,11,London planetree
271888,Alive,40.72621835,-74.0015715,9,Callery pear
276339,Alive,40.72387057,-74.01022158,8,Callery pear
267739,Alive,40.72536751,-74.003489,9,sassafras
272001,Alive,40.72453835,-73.99587403,4,littleleaf linden
271883,Alive,40.72679307,-74.00109338,8,Chinese elm
274586,Alive,40.7196482,-74.01027678,11,Sophora
268517,Alive,40.72320653,-73.99389728,5,pin oak
230745,Alive,40.72216162,-74.00512925,27,London planetree
268132,Alive,40.72301888,-73.99316552,3,London planetree
271899,Alive,40.72183475,-74.00611085,5,kousa dogwood
273512,Alive,40.7200123,-74.00986374,2,Callery pear
277213,Alive,40.72610035,-74.00260144,9,golden raintree
271397,Alive,40.72548599,-74.00122993,3,pin oak
274592,Alive,40.71995082,-74.01022744,12,Sophora
267733,Alive,40.72552836,-74.00320255,8,silver linden
271903,Alive,40.72180178,-74.00576361,5,kousa dogwood
271398,Alive,40.72542024,-74.00128496,4,pin oak
277214,Alive,40.72603349,-74.00265687,9,golden raintree
268648,Alive,40.72237442,-74.00514413,3,sawtooth oak
271400,Alive,40.72494561,-74.0016822,4,pin oak
274583,Alive,40.71956098,-74.01032553,9,Sophora
271804,Alive,40.72429297,-74.003039,13,littleleaf linden
277212,Alive,40.72634691,-74.00239705,16,London planetree
274593,Alive,40.71997119,-74.01025866,7,Sophora
286293,Alive,40.71793544,-74.0106569,10,Japanese zelkova
286297,Alive,40.71812719,-74.01061118,9,Japanese zelkova
274587,Alive,40.71969614,-74.01026896,13,Sophora
268705,Alive,40.72347285,-74.00434748,5,white oak
272076,Alive,40.72032875,-74.00382249,4,honeylocust
272078,Alive,40.72018978,-74.00392893,6,honeylocust
267728,Alive,40.72581759,-74.00296266,12,Callery pear
271904,Alive,40.72179308,-74.00567196,4,kousa dogwood
271401,Alive,40.72487755,-74.00173917,4,pin oak
271902,Alive,40.72180831,-74.00583234,4,kousa dogwood
274581,Alive,40.71942702,-74.01031283,9,Sophora
268520,Alive,40.72347268,-73.99378784,5,Japanese zelkova
244683,Alive,40.72918701,-74.00691705,16,northern red oak
268669,Alive,40.72317435,-73.99583554,5,Callery pear
267722,Alive,40.72630319,-74.00255987,12,London planetree
276293,Alive,40.72394961,-74.01032717,4,swamp white oak
273513,Alive,40.72000282,-74.0097635,2,Callery pear
268521,Alive,40.7235125,-73.99377147,5,hedge maple
267735,Alive,40.72540069,-74.00330844,9,littleleaf linden
271938,Alive,40.7237367,-73.99673438,8,Sophora
246130,Alive,40.72332253,-74.00720424,13,littleleaf linden
272234,Alive,40.72047625,-74.00476684,5,littleleaf linden
274718,Alive,40.72278868,-74.00919735,8,Japanese zelkova
268522,Alive,40.72357903,-73.99374411,6,littleleaf linden
275175,Alive,40.7231285,-74.00813105,12,London planetree
228077,Alive,40.72621123,-74.00169343,12,swamp white oak
267723,Alive,40.72623217,-74.00261879,10,honeylocust
271367,Alive,40.72652207,-74.00034895,10,honeylocust
286299,Alive,40.71826006,-74.0105795,9,Japanese zelkova
271416,Alive,40.72314012,-73.99750591,2,ginkgo
238372,Alive,40.71916802,-73.99463559,6,golden raintree
271366,Alive,40.72673347,-74.00017004,12,honeylocust
271402,Alive,40.72480161,-74.00180273,10,honeylocust
286300,Alive,40.7183238,-74.01056431,8,Japanese zelkova
267724,Alive,40.72617181,-74.00266885,8,honeylocust
276143,Alive,40.72271632,-74.01143634,6,honeylocust
286303,Alive,40.71848199,-74.01049176,9,Japanese zelkova
286308,Alive,40.71866435,-74.01048311,8,Japanese zelkova
286288,Alive,40.71744148,-74.01077467,6,honeylocust
286301,Alive,40.71839104,-74.01054827,8,Japanese zelkova
271540,Alive,40.72143913,-74.00336631,9,northern red oak
286304,Alive,40.71852067,-74.01051737,11,Japanese zelkova
271415,Alive,40.72335684,-73.99732056,5,ginkgo
244832,Alive,40.72973287,-74.00827407,8,Japanese zelkova
286305,Alive,40.71854708,-74.01047624,9,Japanese zelkova
267729,Alive,40.72576559,-74.00300578,10,ginkgo
271369,Alive,40.72638545,-74.00046458,10,honeylocust
286306,Alive,40.71858657,-74.01050165,10,Japanese zelkova
271413,Alive,40.72371297,-73.99701597,10,Japanese zelkova
271937,Alive,40.72376429,-73.9968009,8,Sophora
272077,Alive,40.72027326,-74.00386499,4,honeylocust
274246,Alive,40.72251106,-74.00962782,8,honeylocust
272075,Alive,40.72040938,-74.00376074,4,honeylocust
276144,Alive,40.72267114,-74.01144404,7,honeylocust
271726,Alive,40.72418657,-74.00130654,10,ginkgo
244722,Alive,40.72959939,-74.00681727,5,ginkgo
286302,Alive,40.71844776,-74.01053475,10,Japanese zelkova
276142,Alive,40.72276858,-74.01142744,6,honeylocust
271368,Alive,40.72646299,-74.00039896,11,honeylocust
269251,Alive,40.72216018,-74.0040395,8,littleleaf linden
274318,Alive,40.72258534,-74.00838124,7,littleleaf linden
273596,Alive,40.72095423,-74.00850905,3,honeylocust
278817,Alive,40.71826268,-73.99880219,7,honeylocust
271898,Alive,40.72184135,-74.0061803,6,kousa dogwood
271801,Alive,40.72459522,-74.00278301,9,Callery pear
277747,Alive,40.71745551,-74.01332705,6,Callery pear
268161,Alive,40.72142881,-73.99375127,4,littleleaf linden
271565,Alive,40.72387533,-74.004466,14,tree of heaven
276128,Alive,40.72283021,-74.01086117,5,Callery pear
273511,Alive,40.72002226,-74.00996899,2,Callery pear
271395,Alive,40.72559712,-74.00113691,8,Callery pear
246131,Alive,40.72341314,-74.00732996,13,littleleaf linden
277215,Alive,40.7259643,-74.00271422,7,littleleaf linden
271803,Alive,40.72433866,-74.00300031,13,littleleaf linden
277746,Alive,40.71741762,-74.01324334,7,Callery pear
271396,Alive,40.72554341,-74.00118187,10,Callery pear
272018,Alive,40.72269736,-73.99686151,7,littleleaf linden
276129,Alive,40.72283873,-74.01095284,4,Callery pear
271768,Alive,40.72476781,-74.00370972,10,Callery pear
282274,Alive,40.71803566,-74.01241708,2,Japanese zelkova
272407,Alive,40.71921373,-74.00469933,7,Japanese zelkova
276127,Alive,40.72282196,-74.01077236,5,Callery pear
277748,Alive,40.7174948,-74.01341385,10,Callery pear
271373,Alive,40.72588905,-74.0008847,5,pin oak
277749,Alive,40.71753494,-74.01350252,7,Callery pear
277750,Alive,40.71757395,-74.01358871,7,Callery pear
282213,Alive,40.71689607,-74.01211393,4,pin oak
271370,Alive,40.72614545,-74.00066771,5,pin oak
271326,Alive,40.72357633,-74.00265579,2,pin oak
271325,Alive,40.72351086,-74.00271141,3,pin oak
282214,Alive,40.71693796,-74.01220542,4,pin oak
282211,Alive,40.71677961,-74.01185954,3,pin oak
282215,Alive,40.71699499,-74.01232998,8,pin oak
271788,Alive,40.72513051,-74.00328221,6,cherry
282210,Alive,40.71673376,-74.0117594,6,pin oak
282285,Alive,40.71845507,-74.01234817,9,honeylocust
282216,Alive,40.71705273,-74.01245609,2,pin oak
267730,Alive,40.7257187,-74.00304467,10,ginkgo
282207,Alive,40.71651384,-74.01127907,14,pin oak
271516,Alive,40.72438984,-74.00214827,3,pin oak
278818,Alive,40.71818629,-73.99884978,6,honeylocust
282209,Alive,40.71669102,-74.01166605,11,pin oak
286307,Alive,40.71861541,-74.01045995,9,Japanese zelkova
271417,Alive,40.72308169,-73.99755589,2,ginkgo
278819,Alive,40.71811684,-73.99889304,10,honeylocust
282212,Alive,40.71685362,-74.0120212,7,pin oak
271424,Alive,40.72248951,-74.00247151,1,American elm
244723,Alive,40.72966042,-74.0068075,7,ginkgo
273527,Alive,40.71934108,-74.01210623,8,honeylocust
273526,Alive,40.71929602,-74.01215018,8,honeylocust
278816,Alive,40.71832469,-73.99876356,10,honeylocust
273529,Alive,40.71941267,-74.01209152,8,honeylocust
271789,Alive,40.72509175,-74.00320345,10,honeylocust
273704,Alive,40.72105863,-74.01177793,7,honeylocust
273530,Alive,40.71945141,-74.01211825,7,honeylocust
271343,Alive,40.72563131,-74.00090074,11,honeylocust
277751,Alive,40.71761661,-74.01368295,6,Callery pear
275097,Alive,40.7233084,-74.00890884,4,pin oak
271562,Alive,40.72371444,-74.00460005,11,American elm
273534,Alive,40.71998157,-74.01200931,8,honeylocust
274844,Alive,40.72292553,-74.00955663,11,Chinese elm
273528,Alive,40.71937901,-74.01213313,8,honeylocust
271790,Alive,40.72505388,-74.0031265,13,honeylocust
273535,Alive,40.72004882,-74.01199549,9,honeylocust
271338,Alive,40.72510291,-74.0013561,10,honeylocust
282208,Alive,40.71664856,-74.01157333,7,pin oak
273524,Alive,40.71924884,-74.01215987,9,honeylocust
277207,Alive,40.72655964,-74.00222555,6,Callery pear
273458,Alive,40.71997527,-74.01006953,2,Callery pear
268716,Alive,40.72229515,-73.99607432,2,kousa dogwood
273595,Alive,40.72086718,-74.00852446,3,honeylocust
271563,Alive,40.7237673,-74.00455601,9,honeylocust
273597,Alive,40.72114464,-74.00847535,3,honeylocust
273531,Alive,40.71948101,-74.01207748,8,honeylocust
244726,Alive,40.72987948,-74.00677242,11,ginkgo
268523,Alive,40.723633,-73.99372192,2,ginkgo
273525,Alive,40.71927003,-74.01212083,8,honeylocust
271792,Alive,40.72495073,-74.00291687,15,honeylocust
271341,Alive,40.72550598,-74.00100874,10,ginkgo
278724,Alive,40.71686606,-74.00076616,4,sawtooth oak
271533,Alive,40.72392809,-74.00405451,4,Japanese zelkova
271534,Alive,40.72395779,-74.00411518,4,Japanese zelkova
273633,Alive,40.72021664,-74.01040371,5,honeylocust
271808,Alive,40.72565513,-74.00190719,6,American linden
273869,Alive,40.72208177,-74.00884817,2,maple
271802,Alive,40.72443279,-74.00292058,13,littleleaf linden
271791,Alive,40.72499575,-74.00300836,15,honeylocust
244725,Alive,40.72980319,-74.00678464,14,ginkgo
272019,Alive,40.72263424,-73.99688631,8,littleleaf linden
272020,Alive,40.72253274,-73.9969262,8,littleleaf linden
271839,Alive,40.72646028,-74.00123937,10,honeylocust
273569,Alive,40.72075943,-74.00954406,25,tree of heaven
271342,Alive,40.72556429,-74.0009585,4,honeylocust
273532,Alive,40.71955907,-74.01209613,3,honeylocust
271337,Alive,40.72496335,-74.00147638,8,honeylocust
271810,Alive,40.72582136,-74.00177076,6,Kentucky coffeetree
271752,Alive,40.72335916,-74.00186847,7,kousa dogwood
271372,Alive,40.72597952,-74.00080814,4,pin oak
274847,Alive,40.72316043,-74.00951386,7,northern red oak
267732,Alive,40.72557153,-74.00316674,10,littleleaf linden
244724,Alive,40.72973126,-74.00679615,20,ginkgo
271771,Alive,40.7249895,-74.00352117,21,honeylocust
274846,Alive,40.7230544,-74.00953317,9,Chinese elm
274848,Alive,40.72327897,-74.00949227,7,northern red oak
268713,Alive,40.72284141,-73.99585871,5,honeylocust
274845,Alive,40.7229848,-74.00954584,5,Japanese zelkova
268714,Alive,40.72258379,-73.99596039,4,honeylocust
268715,Alive,40.72241344,-73.99602763,2,kousa dogwood
268516,Alive,40.72302893,-73.99397031,8,littleleaf linden
271769,Alive,40.72483879,-74.00364935,4,Japanese zelkova
273456,Alive,40.71981188,-74.01009662,3,Callery pear
271651,Alive,40.72266659,-74.00245832,9,Callery pear
267731,Alive,40.7256681,-74.00308665,9,littleleaf linden
244727,Alive,40.7299525,-74.00676073,26,ginkgo
271805,Alive,40.72378907,-74.00346579,11,Amur maple
275178,Alive,40.72282915,-74.00818278,5,honeylocust
271838,Alive,40.72639752,-74.00129117,12,honeylocust
271835,Alive,40.7262083,-74.00144734,6,Sophora
271836,Alive,40.72626828,-74.00139784,5,Sophora
271772,Alive,40.72510011,-74.00342709,14,honeylocust
271566,Alive,40.7239254,-74.00442427,12,American elm
278797,Alive,40.71809378,-73.99902407,4,honeylocust
271344,Alive,40.7258487,-74.00073973,13,honeylocust
277502,Alive,40.71628544,-74.01277743,5,honeylocust
271347,Alive,40.72667027,-74.00004044,13,honeylocust
271812,Alive,40.72596478,-74.00165305,6,honeylocust
273460,Alive,40.71891171,-74.01069658,5,American linden
268963,Alive,40.72214823,-73.9951953,8,littleleaf linden
268163,Alive,40.7212298,-73.99382593,4,littleleaf linden
271837,Alive,40.72633011,-74.00134681,5,Sophora
271939,Alive,40.72154405,-73.99885197,5,Callery pear
277694,Alive,40.71681134,-74.01376866,8,honeylocust
269270,Alive,40.72426227,-73.99610108,4,honeylocust
277507,Alive,40.71603945,-74.01223438,5,honeylocust
277692,Alive,40.71668504,-74.01349049,10,honeylocust
271419,Alive,40.72296206,-73.99765821,2,ginkgo
271418,Alive,40.72302187,-73.99760705,2,ginkgo
277693,Alive,40.7167759,-74.0136906,10,honeylocust
271345,Alive,40.72592288,-74.00067659,11,honeylocust
277504,Alive,40.71621496,-74.01262183,5,honeylocust
271818,Alive,40.72421499,-74.00323599,4,honeylocust
273638,Alive,40.72034823,-74.01179126,8,honeylocust
274579,Alive,40.71935811,-74.01032407,11,Sophora
268718,Alive,40.72211639,-73.99614487,5,Callery pear
271751,Alive,40.72329318,-74.00192437,2,kousa dogwood
273457,Alive,40.71988922,-74.01008379,3,Callery pear
273573,Alive,40.72067982,-74.00869477,18,Callery pear
271770,Alive,40.72488995,-74.00360584,14,Callery pear
271806,Alive,40.72518903,-74.00228974,4,Callery pear
277187,Alive,40.72540225,-74.00228479,9,honeylocust
271946,Alive,40.72112137,-74.00469457,10,honeylocust
273811,Alive,40.7214886,-74.01121618,7,honeylocust
277506,Alive,40.71607455,-74.01231187,6,honeylocust
271756,Alive,40.72368535,-74.00159205,5,honeylocust
273571,Alive,40.72069788,-74.0088874,18,Callery pear
271652,Alive,40.7227634,-74.00237605,9,London planetree
269268,Alive,40.72435529,-73.99602444,4,honeylocust
277503,Alive,40.71625034,-74.01269994,5,honeylocust
269272,Alive,40.72416273,-73.99618309,3,honeylocust
277508,Alive,40.71600435,-74.01215689,5,honeylocust
269271,Alive,40.72421715,-73.99613825,4,honeylocust
269269,Alive,40.72430878,-73.99606276,4,honeylocust
269273,Alive,40.72411156,-73.99622524,4,honeylocust
271755,Alive,40.72361015,-74.00165578,7,honeylocust
273634,Alive,40.72022452,-74.01048677,5,honeylocust
268670,Alive,40.72328109,-73.99579349,5,Callery pear
272014,Alive,40.72337448,-73.9958581,9,ginkgo
272299,Alive,40.71993547,-74.00360262,4,sawtooth oak
273570,Alive,40.72070647,-74.00897906,3,Callery pear
229358,Alive,40.7297478,-74.00487649,2,maple
273635,Alive,40.72023634,-74.01061134,5,honeylocust
273637,Alive,40.72033669,-74.01166955,13,honeylocust
273523,Alive,40.7201179,-74.00980692,3,littleleaf linden
271767,Alive,40.72450834,-74.0039304,12,Japanese zelkova
271576,Alive,40.72360609,-74.00011526,7,ginkgo
277777,Alive,40.71663179,-74.01366859,10,honeylocust
271520,Alive,40.72386489,-74.00259539,14,honeylocust
273572,Alive,40.72069029,-74.00880648,3,Callery pear
271324,Alive,40.72341543,-74.00279248,5,cherry
271809,Alive,40.72571566,-74.00185751,5,cherry
271807,Alive,40.72526819,-74.00222477,7,Sophora
273437,Alive,40.71901973,-74.01022844,13,American elm
159070,Alive,40.72467556,-74.0044888,11,Siberian elm
271523,Alive,40.72364238,-74.00278491,10,Callery pear
268526,Alive,40.72402593,-73.99356034,3,cherry
278723,Alive,40.71676397,-74.00084101,3,sawtooth oak
272235,Alive,40.72050719,-74.00483415,7,littleleaf linden
274575,Alive,40.71915403,-74.01039187,3,Japanese snowbell
274717,Alive,40.7227658,-74.00896479,8,littleleaf linden
271399,Alive,40.72533782,-74.00135394,15,littleleaf linden
255473,Alive,40.71691396,-74.01245194,4,honeylocust
277742,Alive,40.71730941,-74.01396532,4,littleleaf linden
271521,Alive,40.72378059,-74.00266719,12,honeylocust
274247,Alive,40.72258449,-74.00961466,9,honeylocust
271761,Alive,40.72415023,-74.00423497,3,Japanese zelkova
255471,Alive,40.71676184,-74.01211966,10,honeylocust
273439,Alive,40.71915366,-74.01020567,5,Japanese zelkova
273440,Alive,40.71925492,-74.01018846,6,Japanese zelkova
273438,Alive,40.71909377,-74.01021585,2,Japanese zelkova
271541,Alive,40.72134894,-74.00344343,5,English oak
271517,Alive,40.72430577,-74.00221988,3,pin oak
274590,Alive,40.71989499,-74.01023655,11,Sophora
302991,Alive,40.72980793,-74.00975637,3,pin oak
277697,Alive,40.71691599,-74.01399914,9,honeylocust
275850,Alive,40.72161377,-74.0099174,4,ginkgo
255470,Alive,40.71672717,-74.01204393,10,honeylocust
228074,Alive,40.72682834,-74.00294624,12,honeylocust
314983,Alive,40.72608932,-73.99123417,4,honeylocust
277696,Alive,40.71688364,-74.01392789,9,honeylocust
267734,Alive,40.72548054,-74.00324221,15,littleleaf linden
271759,Alive,40.72465287,-74.00203281,12,honeylocust
271760,Alive,40.72468198,-74.00209227,13,honeylocust
277769,Alive,40.71738869,-74.01350562,5,Callery pear
297592,Alive,40.72659485,-73.99055896,4,Japanese zelkova
255466,Alive,40.71645642,-74.01149907,9,pin oak
314979,Alive,40.72590464,-73.99079658,7,Japanese zelkova
314978,Alive,40.7257635,-73.99046216,11,Japanese zelkova
282289,Alive,40.7186253,-74.01227116,2,Japanese zelkova
271403,Alive,40.72473678,-74.00185699,13,honeylocust
277695,Alive,40.71684088,-74.01383371,9,honeylocust
228072,Alive,40.72662497,-74.0025322,13,honeylocust
228073,Alive,40.7266671,-74.00261798,9,honeylocust
277485,Alive,40.71612376,-74.01287248,4,honeylocust
268519,Alive,40.72340562,-73.99381542,4,'Schubert' chokecherry
297595,Alive,40.72680879,-73.99106475,12,ginkgo
297594,Alive,40.72669221,-73.99078915,10,ginkgo
297591,Alive,40.726454,-73.99022598,3,ginkgo
255467,Alive,40.71650117,-74.01159713,13,pin oak
277486,Alive,40.71619011,-74.01286048,4,honeylocust
255468,Alive,40.71654649,-74.01169644,13,pin oak
271404,Alive,40.72467195,-74.00191125,10,honeylocust
277484,Alive,40.71605687,-74.01288457,4,honeylocust
275961,Alive,40.71964884,-74.00617628,5,American linden
297593,Alive,40.72665727,-73.99070653,9,ginkgo
314984,Alive,40.7261226,-73.99131304,4,honeylocust
276070,Alive,40.7225167,-74.00976886,3,Callery pear
277768,Alive,40.71742654,-74.01358936,8,Callery pear
276069,Alive,40.72243347,-74.00978361,9,Callery pear
277770,Alive,40.71730738,-74.01332574,88,Callery pear
277767,Alive,40.71747,-74.0136855,8,Callery pear
314982,Alive,40.72604072,-73.99111901,6,Callery pear
271515,Alive,40.72444697,-74.00209961,6,cherry
276126,Alive,40.72281364,-74.01068283,6,Callery pear
244831,Alive,40.7298733,-74.00823674,10,Japanese zelkova
277744,Alive,40.71743313,-74.01386752,9,littleleaf linden
297590,Alive,40.72642652,-73.99016102,5,littleleaf linden
275962,Alive,40.71966114,-74.00629059,8,littleleaf linden
282294,Alive,40.71883785,-74.01221856,4,Japanese zelkova
282291,Alive,40.7186957,-74.01225374,2,Japanese zelkova
282293,Alive,40.71876718,-74.01223605,3,Japanese zelkova
310719,Alive,40.72467374,-74.00947332,25,northern red oak
273536,Alive,40.72011391,-74.01198211,8,honeylocust
271758,Alive,40.72382146,-74.00147671,3,purple-leaf plum
282303,Alive,40.71879052,-74.01099442,11,littleleaf linden
282290,Alive,40.71866492,-74.01229623,8,honeylocust
282286,Alive,40.71848477,-74.01230594,8,honeylocust
277743,Alive,40.71736257,-74.0139233,6,littleleaf linden
302994,Alive,40.72985505,-74.01024642,3,northern red oak
282292,Alive,40.71873613,-74.01227861,10,honeylocust
282287,Alive,40.7185549,-74.01228859,9,honeylocust
282288,Alive,40.71859398,-74.01231379,2,honeylocust
276051,Alive,40.72229606,-74.01101263,4,ginkgo
276102,Alive,40.72240501,-74.01059212,4,ginkgo
276048,Alive,40.72232891,-74.01137153,5,honeylocust
276049,Alive,40.72232058,-74.01128056,5,honeylocust
271564,Alive,40.72382015,-74.00451197,11,American elm
159079,Alive,40.72539904,-74.00419722,13,Siberian elm
314513,Alive,40.72538688,-73.99132385,14,London planetree
282306,Alive,40.71874943,-74.01060858,10,littleleaf linden
276291,Alive,40.72381163,-74.01035096,4,swamp white oak
277745,Alive,40.7174877,-74.01382438,8,littleleaf linden
271336,Alive,40.72430617,-74.00203582,4,cherry
278798,Alive,40.71831899,-73.99888212,6,honeylocust
276053,Alive,40.72227829,-74.0108185,6,ginkgo
228991,Alive,40.7295402,-74.00290677,4,swamp white oak
276292,Alive,40.72388103,-74.01033899,4,swamp white oak
276050,Alive,40.72230721,-74.01113442,4,ginkgo
276052,Alive,40.72228642,-74.01090733,6,ginkgo
282302,Alive,40.71877425,-74.01108885,10,littleleaf linden
271727,Alive,40.72421934,-74.00137663,8,ginkgo
314511,Alive,40.72546977,-73.99152168,14,Callery pear
276054,Alive,40.7222701,-74.01072895,6,ginkgo
282304,Alive,40.71877823,-74.01087903,11,littleleaf linden
271729,Alive,40.72439379,-74.00174979,4,ginkgo
271728,Alive,40.72430297,-74.00155552,11,Japanese zelkova
271757,Alive,40.72376378,-74.00152558,5,London planetree
273461,Alive,40.71894107,-74.01097566,4,Sophora
314985,Alive,40.72615589,-73.99139192,4,honeylocust
271327,Alive,40.72364272,-74.0025994,8,honeylocust
314986,Alive,40.72618931,-73.99147111,5,honeylocust
276006,Alive,40.72220694,-74.01124489,2,northern red oak
271414,Alive,40.72343966,-73.99724972,4,dawn redwood
271328,Alive,40.72374185,-74.00251519,9,honeylocust
272086,Alive,40.71902557,-74.00457551,4,black cherry
271986,Alive,40.72302081,-73.99693232,4,Turkish hazelnut
271811,Alive,40.72587631,-74.00172566,6,Kentucky coffeetree
310723,Alive,40.72489222,-74.00978269,6,honeylocust
310724,Alive,40.72493694,-74.00984423,6,honeylocust
276002,Alive,40.72216401,-74.01080476,3,northern red oak
271764,Alive,40.7243544,-74.00406132,10,golden raintree
310721,Alive,40.72477831,-74.00962139,10,honeylocust
271339,Alive,40.72518876,-74.00128212,4,pin oak
310720,Alive,40.72473032,-74.00955344,12,honeylocust
310743,Alive,40.72502176,-74.01049511,8,honeylocust
310742,Alive,40.72501353,-74.01041066,8,honeylocust
310722,Alive,40.72482555,-74.00968829,6,honeylocust
277192,Alive,40.72577733,-74.00193426,11,golden raintree
271944,Alive,40.72222964,-73.99827495,3,golden raintree
273568,Alive,40.72077742,-74.00973598,6,golden raintree
276388,Alive,40.72354185,-74.01013506,4,golden raintree
267644,Alive,40.72673535,-74.00221171,14,black locust
314514,Alive,40.72535298,-73.99124295,18,Sophora
273567,Alive,40.72078467,-74.00981332,6,golden raintree
314510,Alive,40.72558232,-73.9917903,18,Sophora
276005,Alive,40.72219208,-74.01109246,4,ginkgo
314515,Alive,40.72527711,-73.99106186,17,Sophora
276004,Alive,40.72218147,-74.01098367,2,northern red oak
271766,Alive,40.72446225,-74.0039696,3,golden raintree
271519,Alive,40.72391879,-74.00254948,9,golden raintree
159076,Alive,40.72513689,-74.00430288,11,Siberian elm
276001,Alive,40.72215501,-74.01071243,4,ginkgo
276003,Alive,40.72217274,-74.01089421,4,ginkgo
314980,Alive,40.72596655,-73.99094328,6,Japanese zelkova
310827,Alive,40.72456357,-74.01105484,9,honeylocust
274175,Alive,40.72089245,-74.0099111,7,golden raintree
276390,Alive,40.72351603,-74.00988044,4,golden raintree
273514,Alive,40.71997424,-74.00946135,3,Schumard's oak
273578,Alive,40.72015319,-74.0113453,2,northern red oak
310826,Alive,40.72462563,-74.01104176,11,honeylocust
310829,Alive,40.72443511,-74.01108192,9,honeylocust
271340,Alive,40.72545135,-74.00105582,7,golden raintree
276290,Alive,40.72374305,-74.01036279,4,swamp white oak
273574,Alive,40.72019834,-74.01182032,3,pin oak
276294,Alive,40.72401873,-74.01031524,4,swamp white oak
271371,Alive,40.72606375,-74.00073685,3,swamp white oak
159067,Alive,40.7244756,-74.00456939,5,magnolia
246339,Alive,40.72603674,-74.00761937,10,shingle oak
274232,Alive,40.72197994,-74.00971708,3,shingle oak
268634,Alive,40.72208833,-73.9964989,7,Sophora
310828,Alive,40.72450097,-74.01106803,9,honeylocust
310424,Alive,40.72567737,-74.01079238,4,cherry
276389,Alive,40.72352713,-74.00998987,5,golden raintree
246042,Alive,40.72370222,-74.00753538,7,Japanese tree lilac
273885,Alive,40.72201739,-74.00930279,3,scarlet oak
271335,Alive,40.72424116,-74.00209104,4,pin oak
314715,Alive,40.72483321,-73.99000999,11,honeylocust
310574,Alive,40.72433474,-74.00931074,5,honeylocust
314840,Alive,40.72514303,-73.99031329,4,honeylocust
314518,Alive,40.72511265,-73.99066936,12,honeylocust
310575,Alive,40.72421857,-74.00933115,8,honeylocust
314842,Alive,40.72530386,-73.99019608,7,ginkgo
310617,Alive,40.72443625,-74.009132,6,honeylocust
314512,Alive,40.72542369,-73.9914117,9,Callery pear
72522,Alive,40.71761689,-73.99189312,6,Japanese maple
271331,Alive,40.7240383,-74.00226336,3,Callery pear
310345,Alive,40.72513098,-74.01029533,7,cherry
310430,Alive,40.72543087,-74.01043943,7,cherry
310347,Alive,40.72515703,-74.01054664,8,cherry
255472,Alive,40.71679736,-74.01219724,4,littleleaf linden
310344,Alive,40.72512387,-74.0102267,7,cherry
310346,Alive,40.72514947,-74.01047371,7,cherry
276170,Alive,40.72411453,-74.01042133,4,swamp white oak
271330,Alive,40.72393457,-74.00235149,5,Callery pear
274720,Alive,40.72280677,-74.00938126,5,swamp white oak
310493,Alive,40.72462699,-74.01020626,8,honeylocust
310525,Alive,40.72430462,-74.01013151,10,honeylocust
314265,Alive,40.72615991,-73.99171856,3,honeylocust
314266,Alive,40.72609197,-73.99174213,4,honeylocust
276253,Alive,40.72363738,-74.01105872,4,swamp white oak
276257,Alive,40.7235868,-74.0105726,5,swamp white oak
302993,Alive,40.72983158,-74.01000229,3,swamp white oak
276172,Alive,40.72413169,-74.01059666,4,swamp white oak
310616,Alive,40.72447681,-74.00918833,2,cherry
310429,Alive,40.72546317,-74.01048568,4,cherry
314267,Alive,40.72600041,-73.9917739,4,honeylocust
314268,Alive,40.72584516,-73.99182777,17,London planetree
310426,Alive,40.7256228,-74.01071424,5,northern red oak
271762,Alive,40.72421291,-74.00418166,12,silver maple
271763,Alive,40.72429356,-74.00411307,11,golden raintree
271765,Alive,40.72441247,-74.00401194,9,golden raintree
267726,Alive,40.72602604,-74.00278976,13,black locust
310343,Alive,40.7251175,-74.01016521,8,cherry
273575,Alive,40.7201783,-74.01160948,15,Sophora
267645,Alive,40.72664462,-74.00228636,12,black locust
271518,Alive,40.72396302,-74.00251181,7,golden raintree
271532,Alive,40.7236462,-74.00347663,12,golden raintree
267727,Alive,40.725968,-74.00283789,8,black locust
255546,Alive,40.71612162,-74.01109635,5,Japanese hornbeam
275197,Alive,40.72223043,-74.00807988,6,golden raintree
315143,Alive,40.72590422,-73.99051064,7,honeylocust
276382,Alive,40.72286093,-74.00993297,5,shingle oak
315142,Alive,40.72593238,-73.99057757,4,ginkgo
315144,Alive,40.7257645,-73.99017848,12,honeylocust
310524,Alive,40.72474361,-74.01005336,4,cherry
271857,Alive,40.72199689,-74.00012162,5,swamp white oak
314239,Alive,40.72675686,-73.99150697,10,Callery pear
276258,Alive,40.72357787,-74.01048681,4,swamp white oak
310375,Alive,40.72556949,-74.01088302,8,cherry
315138,Alive,40.72617915,-73.99116421,10,Callery pear
310427,Alive,40.7255931,-74.01067172,3,northern red oak
315139,Alive,40.72615072,-73.99109664,7,Callery pear
315140,Alive,40.72610464,-73.99098708,8,honeylocust
315141,Alive,40.72607011,-73.99090499,6,honeylocust
310548,Alive,40.72410661,-74.00918479,3,honeylocust
310547,Alive,40.72411466,-74.00926745,4,honeylocust
310549,Alive,40.72408922,-74.00900622,5,honeylocust
314841,Alive,40.72521264,-73.99026256,5,honeylocust
314517,Alive,40.72515052,-73.99075975,17,Sophora
273577,Alive,40.72016057,-74.01142298,3,dawn redwood
310492,Alive,40.72475217,-74.01018467,6,Sophora
275909,Alive,40.71977654,-74.00631493,6,white ash
276254,Alive,40.72361469,-74.01084068,4,swamp white oak
276256,Alive,40.7235961,-74.01066196,4,swamp white oak
276171,Alive,40.72412335,-74.0105115,3,swamp white oak
314519,Alive,40.72505068,-73.99052147,24,Sophora
271524,Alive,40.72357834,-74.00283945,3,dawn redwood
269373,Alive,40.72261962,-74.00346969,2,'Schubert' chokecherry
314516,Alive,40.72519025,-73.99085455,19,Sophora
255469,Alive,40.71668911,-74.01196078,6,littleleaf linden
310619,Alive,40.72426758,-74.00889773,4,honeylocust
310620,Alive,40.72419476,-74.00879658,4,honeylocust
271329,Alive,40.72387694,-74.00240044,8,maple
273576,Alive,40.72016898,-74.01151139,2,dawn redwood
314269,Alive,40.72571141,-73.99187419,14,Sophora
271522,Alive,40.72370273,-74.00273351,7,dawn redwood
271753,Alive,40.72348511,-74.00176173,7,Siberian elm
310374,Alive,40.72544236,-74.01090962,6,cherry
271538,Alive,40.72180127,-74.00305668,6,Siberian elm
273533,Alive,40.71990998,-74.01202402,5,golden raintree
267725,Alive,40.72608546,-74.00274047,16,black locust
271819,Alive,40.72414515,-74.00329466,8,golden raintree
310618,Alive,40.72438248,-74.00905731,5,honeylocust
274228,Alive,40.72170638,-74.00976635,4,shingle oak
274230,Alive,40.72183962,-74.00974235,4,shingle oak
271332,Alive,40.72409778,-74.00221284,5,'Schubert' chokecherry
271334,Alive,40.72419506,-74.0021302,6,'Schubert' chokecherry
274721,Alive,40.72281409,-74.00945568,6,shingle oak
269250,Alive,40.72207306,-74.00411357,11,golden raintree
88808,Alive,40.72051101,-74.00805196,4,Chinese chestnut
271346,Alive,40.72605697,-74.00056246,18,golden raintree
269245,Alive,40.72177208,-74.00436947,4,golden raintree
269246,Alive,40.72181817,-74.00433028,12,golden raintree
275094,Alive,40.72334426,-74.00927016,4,shingle oak
310373,Alive,40.72538977,-74.01092062,5,swamp white oak
159078,Alive,40.7252702,-74.00424915,12,Siberian elm
255545,Alive,40.71603116,-74.01111992,5,Japanese hornbeam
398797,Alive,40.72240392,-74.00540544,3,Sophora
398787,Alive,40.72281554,-74.005244,4,honeylocust
159072,Alive,40.72480782,-74.0044355,13,Siberian elm
398791,Alive,40.72265466,-74.00534286,3,purple-leaf plum
398794,Alive,40.72255068,-74.00534788,3,Sophora
159074,Alive,40.72500306,-74.00435681,12,Siberian elm
398790,Alive,40.72268456,-74.00529538,2,honeylocust
398793,Alive,40.72259154,-74.00536762,3,pin oak
398786,Alive,40.72285193,-74.0052655,2,pin oak
274229,Alive,40.72177164,-74.0097546,4,shingle oak
398789,Alive,40.72272094,-74.00531687,2,pin oak
398799,Alive,40.72231984,-74.00547418,10,Chinese elm
398800,Alive,40.72227767,-74.00545496,11,Chinese elm
398801,Alive,40.72225514,-74.00549956,12,Chinese elm
72523,Alive,40.71754142,-73.99164217,4,Japanese hornbeam
393731,Alive,40.71816826,-73.99685514,3,ginkgo
271539,Alive,40.72168761,-74.00315386,8,Siberian elm
398480,Alive,40.72478636,-74.00763827,4,Japanese zelkova
398481,Alive,40.72472977,-74.00764821,4,Japanese zelkova
398479,Alive,40.72493926,-74.00761143,5,Japanese zelkova
433035,Alive,40.72636787,-74.00442655,12,honeylocust
433233,Alive,40.72257092,-74.01172836,7,Japanese zelkova
433232,Alive,40.72250535,-74.01174232,8,Japanese zelkova
433031,Alive,40.7264085,-74.004866,9,honeylocust
433034,Alive,40.7263783,-74.00453936,11,honeylocust
436051,Alive,40.71611141,-73.99499783,3,ginkgo
422474,Alive,40.7267054,-73.99911983,13,American linden
433036,Alive,40.72635581,-74.00429618,9,ginkgo
432184,Alive,40.72424509,-74.0042866,12,honeylocust
433033,Alive,40.72639628,-74.00473384,8,Callery pear
431419,Alive,40.72185813,-74.00789244,3,pin oak
431420,Alive,40.72190325,-74.00795453,3,pin oak
433037,Alive,40.72633915,-74.00418013,4,Callery pear
433326,Alive,40.72480272,-74.01128163,7,Japanese zelkova
431414,Alive,40.72177351,-74.00727129,9,London planetree
431416,Alive,40.72179245,-74.00746414,8,London planetree
431412,Alive,40.72175492,-74.00708201,7,London planetree
437704,Alive,40.7234207,-73.99126486,8,Callery pear
431415,Alive,40.72178303,-74.00736825,8,London planetree
431417,Alive,40.72181171,-74.00766021,10,London planetree
431418,Alive,40.72181972,-74.00774178,9,London planetree
433327,Alive,40.72486242,-74.01126968,6,Japanese zelkova
433328,Alive,40.72492048,-74.01125804,6,Japanese zelkova
433324,Alive,40.7246817,-74.01130588,5,Japanese zelkova
433106,Alive,40.72458472,-74.0075136,7,Sophora
433484,Alive,40.72494747,-74.01118912,7,Japanese zelkova
433032,Alive,40.72640234,-74.00479938,17,Sophora
433321,Alive,40.72449719,-74.01134284,6,Japanese zelkova
433323,Alive,40.72462147,-74.01131795,6,Japanese zelkova
433325,Alive,40.72474004,-74.01129419,7,Japanese zelkova
433488,Alive,40.72469238,-74.01124231,6,Japanese zelkova
433322,Alive,40.72455851,-74.01133056,6,Japanese zelkova
433486,Alive,40.72482359,-74.01121495,6,Japanese zelkova
437705,Alive,40.7233685,-73.99129148,6,Callery pear
432851,Alive,40.72852041,-74.00395474,8,pin oak
433489,Alive,40.7246406,-74.0112531,6,Japanese zelkova
433485,Alive,40.72488648,-74.01120184,7,Japanese zelkova
433487,Alive,40.72476612,-74.01122693,7,Japanese zelkova
436966,Alive,40.72111721,-73.99050293,6,honeylocust
433809,Alive,40.72652167,-74.01069078,7,honeylocust
436971,Alive,40.72162251,-73.99024593,11,honeylocust
435853,Alive,40.71776613,-73.99282251,5,Sophora
433817,Alive,40.72711937,-74.01063047,10,honeylocust
433813,Alive,40.72680465,-74.01066223,10,honeylocust
436049,Alive,40.71643445,-73.99483155,5,Sophora
433814,Alive,40.72685309,-74.01065734,10,honeylocust
433815,Alive,40.7269839,-74.01064414,9,honeylocust
432849,Alive,40.72848688,-74.00360537,11,honeylocust
433808,Alive,40.72634652,-74.01070846,8,honeylocust
433107,Alive,40.72456181,-74.00727231,6,Sophora
436965,Alive,40.72099178,-73.99056673,6,honeylocust
436967,Alive,40.72120782,-73.99045684,11,honeylocust
433819,Alive,40.72820994,-74.01052041,7,honeylocust
433818,Alive,40.72717875,-74.01062447,9,honeylocust
433820,Alive,40.72884924,-74.0104559,7,honeylocust
433822,Alive,40.72896938,-74.01044377,7,honeylocust
436048,Alive,40.71687813,-73.99460318,21,Sophora
433812,Alive,40.72675073,-74.01066767,10,honeylocust
433329,Alive,40.72498235,-74.01124565,7,Japanese zelkova
433821,Alive,40.72890069,-74.01045071,7,honeylocust
435919,Alive,40.71779008,-73.99246076,6,golden raintree
432008,Alive,40.72273209,-74.00559573,30,London planetree
436972,Alive,40.72170135,-73.99020583,5,honeylocust
433269,Alive,40.72400291,-74.01143173,6,Japanese zelkova
431669,Alive,40.72054456,-74.00695616,28,London planetree
431670,Alive,40.7205969,-74.00708342,14,honeylocust
435918,Alive,40.7178432,-73.99263486,5,golden raintree
276505,Alive,40.7232534,-74.00963641,4,Amur maackia
431668,Alive,40.72054342,-74.00693449,13,honeylocust
445708,Alive,40.72430759,-74.00564568,2,American linden
432727,Alive,40.72903837,-74.00261721,12,American elm
314843,Alive,40.72538404,-73.99013765,15,Amur maackia
432186,Alive,40.72435461,-74.00419363,11,ginkgo
433492,Alive,40.72445491,-74.01129181,7,Japanese zelkova
435854,Alive,40.71779182,-73.99290692,5,golden raintree
432720,Alive,40.72942427,-74.00247508,25,London planetree
432195,Alive,40.72504679,-74.00360607,8,London planetree
432717,Alive,40.7295153,-74.00239664,13,American elm
432716,Alive,40.72958055,-74.00236647,2,honeylocust
432194,Alive,40.72494557,-74.003692,6,ginkgo
432185,Alive,40.72429305,-74.00424589,7,ginkgo
432788,Alive,40.72923602,-74.00366071,4,red maple
432377,Alive,40.72686003,-73.99683686,11,pin oak
432189,Alive,40.72455705,-74.00402179,10,London planetree
432725,Alive,40.72918207,-74.00255075,19,American elm
432726,Alive,40.72916742,-74.00259386,27,London planetree
432371,Alive,40.72628831,-73.99732049,15,pin oak
432737,Alive,40.72880288,-74.0032935,4,hedge maple
432197,Alive,40.72516416,-74.00350645,6,honeylocust
431667,Alive,40.72052092,-74.0067646,25,London planetree
432923,Alive,40.72782116,-74.00734026,7,Callery pear
432376,Alive,40.72680833,-73.9968806,10,pin oak
432190,Alive,40.72463637,-74.00395446,6,Callery pear
432927,Alive,40.72748818,-74.00739322,12,Callery pear
432739,Alive,40.72892321,-74.00335853,9,ginkgo
436968,Alive,40.72131431,-73.99040268,6,golden raintree
433596,Alive,40.72542097,-74.01110421,2,Japanese zelkova
432795,Alive,40.72861525,-74.00327462,10,Callery pear
445481,Alive,40.72180264,-74.00836269,3,American elm
432724,Alive,40.72922257,-74.00256836,11,American elm
432719,Alive,40.72944721,-74.00242814,2,honeylocust
432922,Alive,40.72787756,-74.00733129,10,Callery pear
432718,Alive,40.72948641,-74.00244634,11,American elm
433595,Alive,40.72537236,-74.01111365,6,Japanese zelkova
432741,Alive,40.7290344,-74.00341862,3,ginkgo
432728,Alive,40.72891927,-74.00267229,15,American elm
432732,Alive,40.72865517,-74.00279442,13,American elm
432926,Alive,40.72754431,-74.00738429,13,Callery pear
432793,Alive,40.72871683,-74.00335205,9,Callery pear
432794,Alive,40.7286495,-74.00332915,9,Callery pear
436052,Alive,40.7160378,-73.99503572,5,Sophora
432736,Alive,40.72872804,-74.00322548,11,littleleaf linden
436964,Alive,40.7208986,-73.99061412,11,Sophora
432372,Alive,40.72639033,-73.99723419,10,pin oak
445709,Alive,40.72428923,-74.0054589,2,sweetgum
431208,Alive,40.72103348,-74.00825709,7,Sophora
432852,Alive,40.72853013,-74.00405604,6,pin oak
435917,Alive,40.7178667,-73.99271187,2,Sophora
432375,Alive,40.72675732,-73.99692375,13,pin oak
452641,Alive,40.71607745,-73.99202119,6,pin oak
432796,Alive,40.72860931,-74.00321134,4,pin oak
432721,Alive,40.72938092,-74.00245879,11,American elm
432723,Alive,40.72924913,-74.00251974,11,American elm
432730,Alive,40.72878748,-74.00273323,11,American elm
436050,Alive,40.71624431,-73.99492943,5,Sophora
432854,Alive,40.72855555,-74.00432093,3,sweetgum
431207,Alive,40.72101026,-74.00829573,6,Sophora
432370,Alive,40.72608289,-73.99749426,8,pin oak
437651,Alive,40.72446728,-73.99313472,6,American linden
452575,Alive,40.71922033,-73.99099086,10,honeylocust
452573,Alive,40.7191586,-73.99078398,5,honeylocust
431209,Alive,40.72108535,-74.00828258,7,Sophora
433268,Alive,40.7240768,-74.01141767,6,Japanese zelkova
433483,Alive,40.725025,-74.01117296,6,Japanese zelkova
433490,Alive,40.72457825,-74.0112661,7,Japanese zelkova
433598,Alive,40.72551301,-74.01108631,3,Japanese zelkova
433491,Alive,40.72451861,-74.01127853,8,Japanese zelkova
432799,Alive,40.72848103,-74.00300714,17,northern red oak
432850,Alive,40.72849908,-74.00373244,4,Japanese zelkova
432735,Alive,40.72867201,-74.00311447,10,Japanese zelkova
432191,Alive,40.72473875,-74.00386756,6,littleleaf linden
432798,Alive,40.72851634,-74.00306334,25,northern red oak
432734,Alive,40.72863393,-74.00303641,7,Japanese zelkova
432740,Alive,40.72897779,-74.00338802,14,littleleaf linden
445480,Alive,40.72184456,-74.00835557,2,Japanese zelkova
273887,Alive,40.72203859,-74.00954289,3,shingle oak
432374,Alive,40.72659483,-73.9970612,9,pin oak
432196,Alive,40.72510282,-74.00355851,7,Callery pear
432925,Alive,40.72760017,-74.00737541,8,Callery pear
431550,Alive,40.72058866,-74.00676905,12,London planetree
431546,Alive,40.72100421,-74.00667226,6,London planetree
452847,Alive,40.72416443,-74.00592086,18,Callery pear
452848,Alive,40.72421616,-74.00591212,15,Callery pear
452846,Alive,40.72404656,-74.00594079,19,Callery pear
445711,Alive,40.72425306,-74.00509072,7,Callery pear
445712,Alive,40.72423885,-74.00494617,11,Callery pear
452844,Alive,40.7238775,-74.00596937,16,Callery pear
432924,Alive,40.7277653,-74.00734915,12,Callery pear
431780,Alive,40.72063315,-74.00757173,19,London planetree
431782,Alive,40.72066082,-74.00781689,22,London planetree
445710,Alive,40.7242654,-74.00521631,10,Callery pear
432792,Alive,40.72884138,-74.00342609,4,littleleaf linden
445707,Alive,40.72432024,-74.00577449,2,silver linden
431206,Alive,40.72097716,-74.00826695,7,Sophora
431781,Alive,40.72064624,-74.00768771,24,London planetree
431783,Alive,40.72067496,-74.00794214,25,London planetree
432729,Alive,40.72885247,-74.00270318,4,Callery pear
432791,Alive,40.7289119,-74.00346802,6,Callery pear
432733,Alive,40.72858652,-74.00293922,10,scarlet oak
432789,Alive,40.72912673,-74.00359573,6,littleleaf linden
431779,Alive,40.72055524,-74.00736042,8,honeylocust
431784,Alive,40.7206233,-74.00804605,5,honeylocust
432742,Alive,40.72909685,-74.00345237,5,littleleaf linden
432743,Alive,40.72916489,-74.00348914,10,littleleaf linden
432188,Alive,40.72449249,-74.00407659,7,littleleaf linden
432848,Alive,40.72846764,-74.00340491,9,Callery pear
452849,Alive,40.72427387,-74.00590236,22,Callery pear
452845,Alive,40.72393685,-74.00595934,15,Callery pear
437652,Alive,40.72436041,-73.99275316,17,tree of heaven
445288,Alive,40.71860431,-74.00667752,8,Callery pear
273888,Alive,40.72204701,-74.00963822,4,shingle oak
268361,Alive,40.72232398,-73.9943569,7,Japanese hornbeam
273459,Alive,40.71890295,-74.01061331,5,shingle oak
453025,Alive,40.72410365,-74.00472047,11,Callery pear
453027,Alive,40.7239416,-74.00478388,7,Callery pear
453166,Alive,40.72637535,-74.00223368,7,Japanese zelkova
452938,Alive,40.72441617,-74.00571831,3,Japanese zelkova
438572,Alive,40.72110742,-73.99850058,3,swamp white oak
273886,Alive,40.72203188,-74.00946692,3,shingle oak
271754,Alive,40.72354371,-74.00171208,11,Siberian elm
433597,Alive,40.72546713,-74.01109523,6,Japanese zelkova
452944,Alive,40.72435268,-74.00502521,5,Callery pear
432715,Alive,40.72961717,-74.00238587,2,honeylocust
432722,Alive,40.72931386,-74.0024898,5,honeylocust
452943,Alive,40.72436019,-74.00510724,3,Japanese zelkova
452945,Alive,40.72434444,-74.00493531,3,Japanese zelkova
453028,Alive,40.72387399,-74.00481034,14,American elm
433236,Alive,40.72274785,-74.01169068,6,Japanese zelkova
433234,Alive,40.72263486,-74.01171474,7,Japanese zelkova
453026,Alive,40.7240484,-74.00474209,5,Callery pear
452939,Alive,40.72441157,-74.00566816,11,cherry
452941,Alive,40.72438608,-74.00538985,17,Callery pear
453029,Alive,40.72380823,-74.00483607,11,littleleaf linden
432738,Alive,40.72886432,-74.0033267,4,Norway maple
432797,Alive,40.72857855,-74.00316238,4,pin oak
433235,Alive,40.72269583,-74.01170176,6,Japanese zelkova
433237,Alive,40.72280393,-74.01167873,6,Japanese zelkova
432731,Alive,40.7287199,-74.00276449,9,common hackberry
432853,Alive,40.72854545,-74.00421569,7,sweetgum
432855,Alive,40.72858121,-74.00458833,3,sweetgum
431547,Alive,40.72075893,-74.00679994,7,Sophora
431549,Alive,40.72069006,-74.00681164,7,Sophora
431548,Alive,40.72072627,-74.00680549,7,Sophora
452940,Alive,40.72440534,-74.00560011,2,littleleaf linden
436973,Alive,40.72177763,-73.99016703,15,honeylocust
432790,Alive,40.72907596,-74.00356555,5,littleleaf linden
452942,Alive,40.72437036,-74.00521828,3,Japanese zelkova
453167,Alive,40.72616123,-74.00179785,7,honeylocust
471119,Alive,40.72108625,-73.99245473,9,Sophora
136914,Alive,40.72203754,-73.99003471,3,eastern cottonwood
481152,Alive,40.72138596,-73.99702041,4,American linden
481153,Alive,40.72141175,-73.99709773,8,honeylocust
481282,Alive,40.7271055,-73.99658624,5,Callery pear
481285,Alive,40.72732243,-73.9964033,5,Callery pear
481151,Alive,40.72129427,-73.99674552,18,honeylocust
481154,Alive,40.72143621,-73.99717108,10,honeylocust
481289,Alive,40.72769944,-73.99608534,6,Callery pear
432193,Alive,40.72487824,-74.00374915,10,green ash
481288,Alive,40.72761166,-73.99615937,4,littleleaf linden
481287,Alive,40.72755991,-73.99620302,4,Callery pear
481290,Alive,40.72782373,-73.99598052,3,cherry
481284,Alive,40.72727091,-73.99644675,12,Callery pear
481291,Alive,40.72797227,-73.99585524,10,Callery pear
481292,Alive,40.7280656,-73.99577653,4,Callery pear
481283,Alive,40.72719375,-73.99651182,1,cherry
471783,Alive,40.72406088,-73.99019358,4,Japanese zelkova
481182,Alive,40.72352653,-73.99972182,6,ginkgo
471782,Alive,40.72402416,-73.99010649,4,littleleaf linden
471784,Alive,40.72415134,-73.99040817,16,American elm
432192,Alive,40.72480169,-74.00381413,8,green ash
471120,Alive,40.72034442,-73.99283894,2,Sophora
432187,Alive,40.72444661,-74.00411554,6,American hornbeam
310528,Alive,40.72419475,-74.00992356,8,silver birch
481286,Alive,40.72742084,-73.9963203,16,Callery pear
432847,Alive,40.72845916,-74.00331649,4,Kentucky coffeetree
521118,Alive,40.71985978,-73.99253064,13,American elm
521116,Alive,40.71990718,-73.99268833,12,American elm
521120,Alive,40.71979603,-73.9923186,8,American linden
436969,Alive,40.72137677,-73.99037091,5,American hornbeam
436970,Alive,40.721451,-73.99033316,4,American hornbeam
521117,Alive,40.71988499,-73.99261452,11,American linden
529666,Alive,40.71948219,-74.01237924,4,honeylocust
529656,Alive,40.72011142,-74.01224167,4,honeylocust
529668,Alive,40.7193571,-74.01240659,4,honeylocust
529681,Alive,40.71950211,-74.01232256,4,honeylocust
529682,Alive,40.71956713,-74.01230867,3,honeylocust
529662,Alive,40.71974049,-74.01232277,3,honeylocust
529678,Alive,40.71931085,-74.01236344,4,honeylocust
529680,Alive,40.71943709,-74.01233646,4,honeylocust
529663,Alive,40.71967713,-74.01233662,3,honeylocust
529659,Alive,40.71993056,-74.01228121,4,honeylocust
529770,Alive,40.72381336,-74.01143298,7,Japanese zelkova
529769,Alive,40.72369073,-74.01145775,5,Japanese zelkova
529766,Alive,40.72350191,-74.0114959,6,Japanese zelkova
529768,Alive,40.72362671,-74.01147069,7,Japanese zelkova
529775,Alive,40.72405697,-74.01138376,7,Japanese zelkova
529776,Alive,40.72409512,-74.01141073,5,Japanese zelkova
529773,Alive,40.72399512,-74.01139626,6,Japanese zelkova
529764,Alive,40.72329465,-74.01153778,6,Japanese zelkova
529771,Alive,40.72387467,-74.01142059,7,Japanese zelkova
529763,Alive,40.72323605,-74.01154962,6,Japanese zelkova
529679,Alive,40.71937153,-74.01235047,3,honeylocust
529849,Alive,40.7277108,-74.01083173,5,pin oak
529767,Alive,40.72356431,-74.0114833,6,Japanese zelkova
529777,Alive,40.72411883,-74.01137126,7,Japanese zelkova
529765,Alive,40.72344169,-74.01150807,6,Japanese zelkova
529774,Alive,40.72402458,-74.01142498,5,Japanese zelkova
520788,Alive,40.72837806,-73.99551114,8,willow oak
529823,Alive,40.72611107,-74.01098833,6,Japanese zelkova
529824,Alive,40.72622343,-74.01097147,5,Japanese zelkova
529827,Alive,40.72639687,-74.01094544,6,Japanese zelkova
529826,Alive,40.72633578,-74.01095461,6,Japanese zelkova
529821,Alive,40.72592618,-74.01101607,7,Japanese zelkova
529822,Alive,40.72601672,-74.01100249,6,Japanese zelkova
452576,Alive,40.71925281,-73.99109967,2,Kentucky coffeetree
521292,Alive,40.71910049,-73.99002264,7,American elm
520790,Alive,40.72849856,-73.99540926,7,willow oak
522111,Alive,40.71600275,-74.01316787,5,honeylocust
522688,Alive,40.71746685,-74.01278919,5,honeylocust
522697,Alive,40.71826474,-74.01259977,4,honeylocust
522110,Alive,40.71607785,-74.01314819,5,honeylocust
522701,Alive,40.71851054,-74.01254142,4,honeylocust
520789,Alive,40.72843577,-73.99546234,8,willow oak
522689,Alive,40.71755275,-74.0127688,4,honeylocust
522690,Alive,40.71776073,-74.01271943,3,honeylocust
522699,Alive,40.71838386,-74.0125715,4,honeylocust
522694,Alive,40.71800031,-74.01266255,4,honeylocust
522698,Alive,40.71832012,-74.01258663,4,honeylocust
522693,Alive,40.71793981,-74.01267692,3,honeylocust
522700,Alive,40.71844733,-74.01255643,4,honeylocust
529665,Alive,40.71954933,-74.01236456,10,Sophora
529684,Alive,40.71969447,-74.01228146,10,Sophora
521119,Alive,40.71981741,-73.99238973,11,littleleaf linden
522107,Alive,40.7162757,-74.01309636,5,American linden
522702,Alive,40.71856996,-74.01252732,4,honeylocust
522695,Alive,40.71814158,-74.01262902,4,honeylocust
522703,Alive,40.71863344,-74.01251225,3,honeylocust
529828,Alive,40.72652122,-74.01092678,5,Japanese zelkova
529825,Alive,40.72628942,-74.01096157,6,Japanese zelkova
522127,Alive,40.72333622,-73.99000899,6,Callery pear
529657,Alive,40.72005348,-74.01225434,10,Sophora
529670,Alive,40.71922064,-74.01243642,10,Sophora
529661,Alive,40.71980384,-74.01230892,10,Sophora
529660,Alive,40.71986774,-74.01229495,9,Sophora
529685,Alive,40.71976274,-74.01226687,9,Sophora
529664,Alive,40.71961215,-74.01235083,8,Sophora
529683,Alive,40.71963486,-74.0122942,10,Sophora
529677,Alive,40.7192507,-74.01237629,10,Sophora
522456,Alive,40.71666874,-74.013081,7,American linden
529858,Alive,40.72807557,-74.01079942,2,swamp white oak
522462,Alive,40.71707176,-74.01298152,6,American linden
522458,Alive,40.71680173,-74.01304817,6,American linden
529833,Alive,40.72683712,-74.01088711,6,Japanese zelkova
529835,Alive,40.7269577,-74.01087809,5,Japanese zelkova
529837,Alive,40.7270843,-74.01086863,6,Japanese zelkova
529861,Alive,40.72823112,-74.01078564,4,shingle oak
529829,Alive,40.72656485,-74.01092024,5,Japanese zelkova
529836,Alive,40.72702292,-74.01087322,6,Japanese zelkova
529830,Alive,40.72664667,-74.01090796,5,Japanese zelkova
529859,Alive,40.72810624,-74.0107967,2,swamp white oak
522457,Alive,40.71673618,-74.01306436,6,American linden
522525,Alive,40.71699842,-74.01289295,6,American linden
521182,Alive,40.71952966,-73.99143715,13,American elm
522460,Alive,40.71693688,-74.01301481,7,American linden
529832,Alive,40.72676916,-74.01089219,5,Japanese zelkova
529831,Alive,40.72670939,-74.01089855,5,Japanese zelkova
529834,Alive,40.72689357,-74.01088289,6,Japanese zelkova
522459,Alive,40.71686809,-74.01303179,6,American linden
522041,Alive,40.71624601,-74.01318649,4,American linden
529866,Alive,40.72876009,-74.01073591,2,swamp white oak
529868,Alive,40.72887835,-74.01072456,2,swamp white oak
529840,Alive,40.727269,-74.01085482,6,Japanese zelkova
529838,Alive,40.7271413,-74.01086437,7,Japanese zelkova
529847,Alive,40.72764124,-74.01083789,2,swamp white oak
529839,Alive,40.72720597,-74.01085953,6,Japanese zelkova
529848,Alive,40.7276752,-74.01083488,2,swamp white oak
529850,Alive,40.72777433,-74.0108261,2,swamp white oak
529867,Alive,40.72882086,-74.01073008,2,swamp white oak
522038,Alive,40.71604977,-74.01321654,5,golden raintree
522461,Alive,40.71700486,-74.01299803,7,American linden
522704,Alive,40.71869286,-74.01249814,4,honeylocust
522039,Alive,40.71612833,-74.01321215,6,American linden
529688,Alive,40.71995075,-74.01222669,6,honeylocust
521050,Alive,40.72018008,-73.99358337,12,American elm
521051,Alive,40.72015624,-73.99350499,9,American elm
521049,Alive,40.72020474,-73.99366444,7,American elm
529841,Alive,40.72733257,-74.01085007,6,Japanese zelkova
522109,Alive,40.71614111,-74.01313162,5,golden raintree
529686,Alive,40.71982613,-74.01225333,3,honeylocust
529772,Alive,40.72393435,-74.01140853,7,Japanese zelkova
520792,Alive,40.72870309,-73.99523633,2,ginkgo
529690,Alive,40.72008242,-74.01219856,4,honeylocust
529658,Alive,40.71998742,-74.01226878,9,Sophora
529669,Alive,40.71928887,-74.01242151,8,Sophora
522691,Alive,40.71781907,-74.01270558,10,Sophora
529667,Alive,40.71941829,-74.01239321,9,Sophora
529732,Alive,40.72097457,-74.01204597,8,Sophora
529726,Alive,40.72051704,-74.01217461,8,Sophora
529687,Alive,40.71988844,-74.01224001,4,honeylocust
529689,Alive,40.72001307,-74.01221338,4,honeylocust
522040,Alive,40.71618472,-74.01320046,5,American linden
522042,Alive,40.71630983,-74.01317192,7,American linden
529734,Alive,40.72109606,-74.01202102,5,Sophora
529729,Alive,40.72072833,-74.01209654,7,Sophora
529691,Alive,40.72013986,-74.01218628,8,Sophora
529730,Alive,40.72076219,-74.01212427,8,Sophora
529736,Alive,40.72125304,-74.01202348,9,Sophora
529728,Alive,40.72064016,-74.01214933,9,Sophora
452574,Alive,40.71919277,-73.9908985,2,Kentucky coffeetree
529842,Alive,40.7273945,-74.01084544,10,Japanese zelkova
522705,Alive,40.71876012,-74.01248217,4,honeylocust
521291,Alive,40.71911658,-73.99007558,11,American elm
529845,Alive,40.72751564,-74.01084743,2,swamp white oak
529852,Alive,40.72785813,-74.01081868,2,swamp white oak
529865,Alive,40.72864786,-74.01074669,2,swamp white oak
522706,Alive,40.71882434,-74.0124674,4,honeylocust
521181,Alive,40.71955653,-73.99152638,10,littleleaf linden
521180,Alive,40.71957269,-73.99158005,6,ash
529731,Alive,40.72088477,-74.0120991,10,Sophora
529733,Alive,40.72101114,-74.01207315,9,Sophora
521177,Alive,40.7196551,-73.99185377,9,American linden
521178,Alive,40.71962884,-73.99176655,13,American elm
529727,Alive,40.72058104,-74.01216147,9,Sophora
522721,Alive,40.71856934,-74.01257845,3,honeylocust
522696,Alive,40.71820154,-74.01261478,10,Sophora
522717,Alive,40.71884523,-74.0125185,3,honeylocust
522719,Alive,40.71869631,-74.01255105,3,honeylocust
529738,Alive,40.72141498,-74.01195553,7,Sophora
525786,Alive,40.72668567,-74.00338664,18,London planetree
525787,Alive,40.72664621,-74.00343863,5,ginkgo
521179,Alive,40.71959208,-73.99164445,12,Chinese elm
525784,Alive,40.72675579,-74.00339391,6,Callery pear
522725,Alive,40.71830056,-74.01261997,3,honeylocust
529735,Alive,40.72121972,-74.01199563,8,Sophora
522692,Alive,40.71787849,-74.01269147,9,Sophora
521176,Alive,40.71968681,-73.9919591,12,Japanese zelkova
522723,Alive,40.71844777,-74.01259723,3,honeylocust
522724,Alive,40.71838507,-74.01260692,4,honeylocust
529737,Alive,40.72134013,-74.0119709,8,Sophora
525789,Alive,40.72642235,-74.00352998,11,honeylocust
522718,Alive,40.71874721,-74.01253992,3,honeylocust
522722,Alive,40.71850392,-74.01258856,3,honeylocust
525791,Alive,40.72632602,-74.00353341,9,ginkgo
525783,Alive,40.72681083,-74.00337144,6,Callery pear
529740,Alive,40.72149927,-74.01197291,9,Sophora
529748,Alive,40.7220731,-74.01185507,9,Sophora
529743,Alive,40.72178704,-74.01187913,8,Sophora
268357,Alive,40.72205061,-73.99446492,7,Japanese hornbeam
529741,Alive,40.72173118,-74.0118906,8,Sophora
529742,Alive,40.72176612,-74.01191811,8,Sophora
529739,Alive,40.7214703,-74.01194417,5,Sophora
529744,Alive,40.72185538,-74.01186509,7,Sophora
529844,Alive,40.72749315,-74.01084641,6,shingle oak
529855,Alive,40.72797698,-74.01080815,2,swamp white oak
529846,Alive,40.72758482,-74.01084289,2,swamp white oak
529869,Alive,40.72894077,-74.01071857,2,swamp white oak
522527,Alive,40.71686627,-74.01292582,6,American linden
522128,Alive,40.72335749,-73.99008481,8,green ash
522526,Alive,40.71693369,-74.01290905,6,American linden
522530,Alive,40.71666589,-74.01297566,6,American linden
522531,Alive,40.71659631,-74.01299296,7,American linden
522529,Alive,40.716729,-74.01295996,6,American linden
522528,Alive,40.71679831,-74.01294272,6,American linden
529851,Alive,40.7277946,-74.01082431,2,swamp white oak
529854,Alive,40.72795069,-74.01081048,3,swamp white oak
525785,Alive,40.72669969,-74.0034168,4,littleleaf linden
529747,Alive,40.72204304,-74.01182656,7,Sophora
522108,Alive,40.7162084,-74.01311399,4,American hornbeam
522720,Alive,40.71863539,-74.01256437,9,Sophora
529862,Alive,40.72842174,-74.0107684,2,swamp white oak
529856,Alive,40.72801039,-74.01080519,6,Schumard's oak
529933,Alive,40.72964775,-74.01063158,7,Schumard's oak
27568,Alive,40.72951378,-74.00082267,4,Japanese hornbeam
529860,Alive,40.72816649,-74.01079136,6,Schumard's oak
529922,Alive,40.72927895,-74.01067062,7,Schumard's oak
529857,Alive,40.72804764,-74.01080189,6,Schumard's oak
529864,Alive,40.72859037,-74.01075221,5,Schumard's oak
529927,Alive,40.72942833,-74.01065481,8,Schumard's oak
529932,Alive,40.72962149,-74.01063436,4,Schumard's oak
529853,Alive,40.72791454,-74.01081368,7,shingle oak
529843,Alive,40.72745749,-74.01084479,5,shingle oak
529929,Alive,40.72953065,-74.01064398,2,swamp white oak
529926,Alive,40.72939714,-74.01065811,5,Schumard's oak
520791,Alive,40.72864076,-73.99528903,6,shingle oak
529924,Alive,40.72933203,-74.010665,5,shingle oak
529925,Alive,40.72936103,-74.01066193,6,shingle oak
529928,Alive,40.72949728,-74.01064751,6,Schumard's oak
529923,Alive,40.72930522,-74.01066784,2,swamp white oak
529930,Alive,40.72955692,-74.0106412,2,swamp white oak
529863,Alive,40.72848251,-74.01076257,5,Schumard's oak
529931,Alive,40.72959139,-74.01063755,8,Schumard's oak
72633,Alive,40.71894408,-73.99007166,2,Japanese hornbeam
525782,Alive,40.72683823,-74.00332438,12,Siberian elm
398796,Alive,40.72251553,-74.00539743,13,Siberian elm
525788,Alive,40.72646023,-74.00347863,13,Siberian elm
246728,Alive,40.72561403,-74.00924548,10,pagoda dogwood
11626,Alive,40.71610119,-74.00213981,16,tree of heaven
11685,Alive,40.716162,-74.00413677,8,Callery pear
11686,Alive,40.71608408,-74.00396853,3,Callery pear
11627,Alive,40.71602028,-74.00197232,18,tree of heaven
11684,Alive,40.71619112,-74.00419963,8,Callery pear
13266,Alive,40.72952232,-74.00370505,10,American linden
12776,Alive,40.72999557,-74.00369862,11,Japanese zelkova
27545,Alive,40.72866667,-74.00251408,6,Callery pear
27536,Alive,40.72912026,-74.00230145,15,American elm
27540,Alive,40.7288594,-74.00245943,13,American elm
27093,Alive,40.72947822,-73.99830854,6,Callery pear
17928,Alive,40.72695798,-74.0041298,8,ginkgo
27567,Alive,40.72956505,-74.00077938,13,honeylocust
17900,Alive,40.72633359,-74.00737379,8,littleleaf linden
17922,Alive,40.72701737,-74.00474179,3,honeylocust
27629,Alive,40.72894204,-74.00063007,7,honeylocust
34292,Alive,40.72490617,-73.99331451,11,Callery pear
27690,Alive,40.72982244,-73.99841356,9,honeylocust
13199,Alive,40.72950842,-74.00321098,9,ginkgo
17901,Alive,40.7263935,-74.0073639,5,American linden
13198,Alive,40.72955566,-74.00306175,14,honeylocust
27628,Alive,40.72897259,-74.00069175,5,honeylocust
27691,Alive,40.72988102,-73.99836125,4,honeylocust
17899,Alive,40.7262764,-74.00738324,2,American linden
34213,Alive,40.72498111,-73.99317839,6,Callery pear
17851,Alive,40.72535239,-74.00754016,4,American linden
17921,Alive,40.72703244,-74.00489712,11,Sophora
27214,Alive,40.72844229,-73.99756909,6,Callery pear
27268,Alive,40.72977727,-73.99953293,4,Japanese zelkova
13197,Alive,40.72957211,-74.00300978,4,honeylocust
17880,Alive,40.725577,-74.00543797,4,northern red oak
17869,Alive,40.72575613,-74.00613342,3,northern red oak
11625,Alive,40.71617181,-74.00228599,5,pin oak
11683,Alive,40.7162335,-74.00429115,8,Callery pear
17871,Alive,40.72578123,-74.00640562,3,northern red oak
27717,Alive,40.72689019,-73.99949553,17,honeylocust
27209,Alive,40.72800913,-73.99793707,12,Callery pear
27208,Alive,40.72793214,-73.99800248,2,Callery pear
27542,Alive,40.72879638,-74.00248921,4,honeylocust
34172,Alive,40.72547923,-73.99334333,3,red maple
27716,Alive,40.72692059,-73.99955733,11,honeylocust
27348,Alive,40.72755757,-73.99924838,4,Callery pear
27266,Alive,40.72993269,-73.99940104,4,Japanese zelkova
17894,Alive,40.72596866,-74.00743406,10,Callery pear
17882,Alive,40.72555114,-74.00514917,4,northern red oak
27544,Alive,40.728739,-74.0024799,16,London planetree
27539,Alive,40.72888622,-74.00241033,18,London planetree
27541,Alive,40.7288139,-74.00244451,15,London planetree
27547,Alive,40.72852358,-74.00258171,22,London planetree
17881,Alive,40.72556352,-74.00528748,4,American linden
34291,Alive,40.72497147,-73.9932868,11,Callery pear
17924,Alive,40.727,-74.00456285,4,cherry
13265,Alive,40.72944536,-74.00366361,9,American linden
17920,Alive,40.72704091,-74.00498444,6,honeylocust
27624,Alive,40.72910198,-74.00095299,7,littleleaf linden
27715,Alive,40.72696037,-73.99957508,21,honeylocust
17866,Alive,40.72578999,-74.00403747,6,honeylocust
17859,Alive,40.72687603,-74.00728896,3,American linden
34290,Alive,40.72503913,-73.99325809,11,Callery pear
34293,Alive,40.72484035,-73.99334244,9,Callery pear
34173,Alive,40.72550669,-73.9934446,15,Sophora
17902,Alive,40.72644252,-74.00735581,10,American linden
34294,Alive,40.72477505,-73.99337015,11,Callery pear
17884,Alive,40.72551368,-74.00473067,3,London planetree
27689,Alive,40.72976432,-73.99846546,9,honeylocust
11665,Alive,40.71652863,-74.00119664,3,Japanese zelkova
27565,Alive,40.72989433,-74.00050125,11,honeylocust
27566,Alive,40.7296491,-74.00070838,8,honeylocust
27269,Alive,40.72960362,-73.99968028,4,Japanese zelkova
17879,Alive,40.72720311,-74.00668402,3,Sophora
34174,Alive,40.72553157,-73.99353636,11,Sophora
34211,Alive,40.72486243,-73.99322594,15,Sophora
17858,Alive,40.72676268,-74.00730705,6,honeylocust
17849,Alive,40.72567612,-74.00748319,3,Japanese zelkova
27718,Alive,40.72682313,-73.99935918,17,honeylocust
27217,Alive,40.72881089,-73.99725594,4,Callery pear
27233,Alive,40.71608576,-74.00579612,5,Callery pear
27211,Alive,40.72816082,-73.99780821,15,Callery pear
27267,Alive,40.72984921,-73.99947188,4,Japanese zelkova
27686,Alive,40.72819191,-73.99910857,8,Sophora
17897,Alive,40.72615657,-74.00740303,7,littleleaf linden
27270,Alive,40.72955704,-73.99971981,4,Japanese zelkova
27131,Alive,40.72945854,-73.99804588,7,honeylocust
27271,Alive,40.72950931,-73.99976031,4,Japanese zelkova
27092,Alive,40.72937628,-73.99810302,9,honeylocust
34296,Alive,40.7246434,-73.99342601,3,cherry
27272,Alive,40.72943551,-73.99982293,4,Japanese zelkova
11668,Alive,40.71679594,-74.00100305,2,Japanese zelkova
17923,Alive,40.72700855,-74.00465089,10,Sophora
17872,Alive,40.72580138,-74.0066241,5,northern red oak
34210,Alive,40.72479365,-73.9932535,11,Sophora
27130,Alive,40.72948921,-73.99810832,10,honeylocust
34289,Alive,40.72524443,-73.99317098,18,Sophora
34091,Alive,40.72548939,-73.99301821,12,Sophora
34288,Alive,40.72532279,-73.99313772,16,Sophora
34208,Alive,40.72860287,-74.00172721,14,London planetree
17870,Alive,40.72577264,-74.0063125,3,northern red oak
11667,Alive,40.71671373,-74.00106259,3,Japanese zelkova
34089,Alive,40.72557024,-73.99331892,16,Sophora
27094,Alive,40.72956007,-73.99847356,9,honeylocust
34093,Alive,40.72542501,-73.99277873,12,Sophora
27451,Alive,40.72800536,-73.99781084,15,London planetree
34270,Alive,40.72981801,-74.00146479,13,honeylocust
27347,Alive,40.72757815,-73.99927173,10,ginkgo
17896,Alive,40.72609666,-74.00741292,6,littleleaf linden
17898,Alive,40.72621649,-74.00739313,4,littleleaf linden
27403,Alive,40.72983798,-73.99882667,7,ginkgo
30405,Alive,40.72868032,-73.99468661,11,ginkgo
27563,Alive,40.7280041,-73.99869853,9,American linden
27402,Alive,40.72980813,-73.9987661,6,ginkgo
34214,Alive,40.72508508,-73.99313674,12,ginkgo
27212,Alive,40.72830167,-73.99768855,4,Callery pear
27216,Alive,40.72871684,-73.99733584,10,Callery pear
34207,Alive,40.72833187,-74.00195772,4,honeylocust
34267,Alive,40.72998386,-74.00121467,13,Callery pear
27207,Alive,40.72784362,-73.99807768,6,Callery pear
27234,Alive,40.7160504,-74.00571884,4,Callery pear
27104,Alive,40.71693362,-74.00260115,3,American elm
30503,Alive,40.72724922,-73.99629944,13,Callery pear
34238,Alive,40.72928148,-74.00115161,9,Callery pear
34171,Alive,40.72546569,-73.99329337,6,Callery pear
34239,Alive,40.72932342,-74.00111594,8,Callery pear
27452,Alive,40.728051,-73.99777206,14,London planetree
27103,Alive,40.7169714,-74.00267644,3,American elm
27331,Alive,40.71839538,-74.00507015,2,pin oak
17929,Alive,40.72694777,-74.00402458,8,London planetree
17931,Alive,40.72692187,-74.00375759,13,London planetree
27454,Alive,40.72815519,-73.99768353,16,London planetree
27346,Alive,40.72765635,-73.99916479,16,crab apple
30496,Alive,40.72795062,-73.99570669,10,Callery pear
30403,Alive,40.72857641,-73.99447675,8,ginkgo
30272,Alive,40.72914434,-73.99562902,18,Callery pear
34206,Alive,40.72826504,-74.00201456,4,honeylocust
34095,Alive,40.72534197,-73.99246986,6,ginkgo
27227,Alive,40.72903308,-74.00105929,11,Callery pear
30500,Alive,40.72753874,-73.99605477,4,Callery pear
34170,Alive,40.72542874,-73.99315709,12,ginkgo
27289,Alive,40.71716032,-74.00119533,4,Japanese zelkova
34241,Alive,40.72955524,-74.00091875,4,ginkgo
34243,Alive,40.7299532,-74.00058023,11,honeylocust
27228,Alive,40.72899112,-74.00097294,8,Callery pear
34240,Alive,40.72944186,-74.00101518,11,honeylocust
17895,Alive,40.72602857,-74.00742417,6,littleleaf linden
34269,Alive,40.72984096,-74.00138903,10,honeylocust
30404,Alive,40.72862073,-73.99456626,11,ginkgo
34094,Alive,40.7253652,-73.99255626,2,crab apple
27501,Alive,40.72755344,-74.00033544,11,Chinese elm
27502,Alive,40.72760702,-74.00029022,2,Chinese elm
34242,Alive,40.72963704,-74.00084916,8,honeylocust
17927,Alive,40.72696507,-74.00420281,4,littleleaf linden
27505,Alive,40.72789806,-74.00004465,7,Chinese elm
17891,Alive,40.72572847,-74.00705349,12,Chinese elm
27504,Alive,40.72784586,-74.0000887,9,Chinese elm
30502,Alive,40.72730117,-73.99625554,6,Callery pear
27571,Alive,40.72927224,-74.00102668,9,honeylocust
30402,Alive,40.7285327,-73.99438845,11,ginkgo
27105,Alive,40.7168348,-74.0024042,3,American elm
34268,Alive,40.72988807,-74.00130529,8,littleleaf linden
27569,Alive,40.72944682,-74.00087924,10,honeylocust
27457,Alive,40.72836727,-73.99750335,15,London planetree
34033,Alive,40.72964021,-73.99050223,4,London planetree
30435,Alive,40.72965127,-73.99666454,16,pin oak
27455,Alive,40.72819507,-73.99764965,15,London planetree
27453,Alive,40.72809733,-73.99773269,16,London planetree
34034,Alive,40.72960636,-73.99029258,8,pin oak
27546,Alive,40.72859384,-74.00254851,7,Callery pear
30495,Alive,40.7280439,-73.99562786,4,Callery pear
30505,Alive,40.72708437,-73.99643875,6,Callery pear
30501,Alive,40.72739929,-73.99617262,15,Callery pear
17890,Alive,40.72573688,-74.007143,12,Chinese elm
27277,Alive,40.72918785,-74.00003309,4,Japanese zelkova
27500,Alive,40.72747582,-74.00040092,9,Chinese elm
17925,Alive,40.7269807,-74.00436386,8,Chinese elm
17926,Alive,40.72697229,-74.00427725,7,Sophora
34088,Alive,40.72577051,-73.99406389,14,Sophora
34074,Alive,40.72909392,-73.99038498,16,London planetree
27456,Alive,40.7282368,-73.9976142,16,London planetree
27458,Alive,40.72840761,-73.99746907,12,London planetree
27230,Alive,40.72890247,-74.00079049,7,Callery pear
17930,Alive,40.72693958,-74.00394012,6,ginkgo
30498,Alive,40.72767773,-73.99593731,6,Callery pear
27404,Alive,40.72986812,-73.99888784,6,ginkgo
30576,Alive,40.726899,-73.9964886,11,ginkgo
34224,Alive,40.72981904,-74.004256,4,silver linden
27570,Alive,40.72931843,-74.00098768,6,honeylocust
13010,Alive,40.7298759,-74.00365132,10,American linden
34228,Alive,40.72968993,-74.00467151,4,katsura tree
27406,Alive,40.72998094,-73.99911677,6,ginkgo
30280,Alive,40.72892596,-73.9948803,10,ginkgo
27232,Alive,40.72880585,-74.00059163,7,Callery pear
27276,Alive,40.72923858,-73.99999004,4,Japanese zelkova
27273,Alive,40.72938847,-73.99986285,4,Japanese zelkova
27202,Alive,40.71709904,-74.0016197,9,honeylocust
34273,Alive,40.7297008,-74.0018516,4,Sophora
34295,Alive,40.72469617,-73.99340362,3,Sophora
34209,Alive,40.72469466,-73.99329316,18,Sophora
34230,Alive,40.72963803,-74.00483852,6,katsura tree
27405,Alive,40.72995079,-73.9990556,5,ginkgo
30281,Alive,40.72898272,-73.9948329,10,ginkgo
34090,Alive,40.72554097,-73.99321006,17,Sophora
27324,Alive,40.72787749,-74.00126412,7,Callery pear
34175,Alive,40.7255664,-73.99366482,18,Sophora
13012,Alive,40.7299525,-74.0034095,4,littleleaf linden
34272,Alive,40.7297268,-74.00176579,6,Sophora
34229,Alive,40.72966917,-74.00473831,4,katsura tree
30439,Alive,40.72990147,-73.99717456,20,pin oak
27205,Alive,40.71685437,-74.00183578,8,honeylocust
34073,Alive,40.72925707,-73.99026581,5,ginkgo
27204,Alive,40.71693228,-74.00176697,8,honeylocust
30497,Alive,40.72780286,-73.99583156,3,cherry
27203,Alive,40.71702067,-74.00168891,8,honeylocust
13011,Alive,40.72992886,-74.00348411,8,littleleaf linden
33838,Alive,40.72768545,-73.99459681,11,Callery pear
27206,Alive,40.71677463,-74.0019062,10,honeylocust
17885,Alive,40.72564841,-74.00500726,5,littleleaf linden
30373,Alive,40.72970561,-73.99503718,10,Callery pear
30374,Alive,40.72967614,-73.9949763,8,Callery pear
33843,Alive,40.72740988,-73.99404271,8,Callery pear
11666,Alive,40.71662863,-74.00112422,4,Japanese zelkova
17868,Alive,40.72574919,-74.0060582,4,northern red oak
33873,Alive,40.72728062,-73.99208585,4,honeylocust
33821,Alive,40.72633277,-73.99338838,5,littleleaf linden
33820,Alive,40.72638672,-73.9934972,7,littleleaf linden
34227,Alive,40.72971504,-74.00459068,5,ginkgo
33966,Alive,40.72604114,-73.99308024,3,ginkgo
33844,Alive,40.72737901,-73.99398131,11,Callery pear
27132,Alive,40.7177442,-74.00258251,13,Callery pear
27506,Alive,40.72800386,-73.99995539,4,Sophora
34286,Alive,40.729909,-74.00135456,2,Japanese zelkova
27290,Alive,40.71710311,-74.00107812,3,Japanese zelkova
34226,Alive,40.72976154,-74.00444104,6,ginkgo
30438,Alive,40.72985238,-73.9970745,3,Sophora
27229,Alive,40.72896719,-74.00092367,7,littleleaf linden
33874,Alive,40.72722685,-73.99197688,4,honeylocust
17893,Alive,40.72571232,-74.00688162,17,cherry
27507,Alive,40.72805144,-73.99991524,11,Sophora
17888,Alive,40.72575336,-74.00731846,13,cherry
30655,Alive,40.72526274,-73.99547407,4,Japanese zelkova
27626,Alive,40.72903159,-74.00081088,4,littleleaf linden
27221,Alive,40.7164933,-74.00514232,2,Sophora
33823,Alive,40.72625934,-73.99324027,7,littleleaf linden
27459,Alive,40.72844726,-73.99743538,11,London planetree
27461,Alive,40.72852817,-73.99736664,15,London planetree
33872,Alive,40.72735038,-73.9922272,2,pin oak
27235,Alive,40.71601532,-74.00564217,6,Callery pear
27210,Alive,40.72806215,-73.99789203,6,Callery pear
30376,Alive,40.72957227,-73.99476169,10,Callery pear
30375,Alive,40.72960085,-73.99482074,10,Callery pear
30377,Alive,40.72954634,-73.99470811,12,Callery pear
30378,Alive,40.72952306,-73.99466001,9,Callery pear
27195,Alive,40.72893001,-74.00131672,9,Callery pear
33841,Alive,40.72757172,-73.99436694,11,Callery pear
27525,Alive,40.72813669,-73.99923406,6,Callery pear
27187,Alive,40.72822514,-74.00191971,6,Callery pear
27188,Alive,40.72830289,-74.00185319,7,Callery pear
27231,Alive,40.72887204,-74.00072785,3,cherry
27140,Alive,40.72886366,-73.99818378,12,honeylocust
17889,Alive,40.72574495,-74.00722894,13,cherry
27108,Alive,40.72793285,-74.00161109,15,Callery pear
33840,Alive,40.72761721,-73.99445889,10,Callery pear
33842,Alive,40.72743985,-73.99410231,9,Callery pear
27142,Alive,40.72875741,-73.99827344,16,honeylocust
33916,Alive,40.72663168,-73.99185463,19,honeylocust
27144,Alive,40.72852666,-73.99846815,17,honeylocust
33875,Alive,40.72720295,-73.99192845,5,honeylocust
27147,Alive,40.72830237,-73.9986574,13,honeylocust
27180,Alive,40.71783939,-74.00308689,5,honeylocust
34212,Alive,40.7249412,-73.99319438,2,red maple
33839,Alive,40.72764714,-73.99451938,7,American linden
27133,Alive,40.71781178,-74.00272054,8,Callery pear
30656,Alive,40.72528272,-73.99556262,4,Japanese zelkova
27189,Alive,40.72836133,-74.00180321,18,London planetree
27110,Alive,40.7280755,-74.00189972,16,London planetree
27190,Alive,40.72853847,-74.00165167,17,London planetree
27137,Alive,40.72913321,-73.99795633,16,honeylocust
27194,Alive,40.7288679,-74.00136986,19,London planetree
27146,Alive,40.72841902,-73.99855897,14,honeylocust
27408,Alive,40.71928536,-74.00590099,9,ginkgo
27138,Alive,40.72908563,-73.99799648,17,honeylocust
27181,Alive,40.7294918,-73.9978509,6,honeylocust
27184,Alive,40.72970183,-73.99767452,8,honeylocust
27139,Alive,40.72904637,-73.99802961,2,honeylocust
27182,Alive,40.72953807,-73.99781205,6,honeylocust
27141,Alive,40.72881007,-73.998229,12,honeylocust
27400,Alive,40.72861643,-73.99996358,3,ginkgo
27196,Alive,40.72903492,-74.00122698,4,Japanese zelkova
13268,Alive,40.72967192,-74.00378561,4,honeylocust
27425,Alive,40.7296591,-73.99975623,6,ginkgo
27193,Alive,40.72881775,-74.00141276,17,honeylocust
27183,Alive,40.72958479,-73.99777281,7,honeylocust
34284,Alive,40.72984385,-74.00156823,5,honeylocust
27263,Alive,40.72992693,-73.9984509,4,honeylocust
27527,Alive,40.72940683,-74.00212478,3,Japanese zelkova
30603,Alive,40.72603589,-73.9949895,15,Sophora
27265,Alive,40.72981214,-73.99855238,8,honeylocust
34282,Alive,40.7297985,-74.00171692,5,Sophora
27143,Alive,40.72858787,-73.9984165,16,honeylocust
27145,Alive,40.72847238,-73.99851395,13,honeylocust
27531,Alive,40.72930836,-74.00220815,3,Japanese zelkova
27185,Alive,40.7297578,-73.99762751,7,honeylocust
27215,Alive,40.72856792,-73.99746235,2,cherry
17887,Alive,40.72567449,-74.0052844,4,sugar maple
27186,Alive,40.72987576,-73.99752844,7,honeylocust
27528,Alive,40.72937122,-74.00214174,5,northern red oak
27409,Alive,40.7193218,-74.00598079,8,ginkgo
17828,Alive,40.72659623,-74.00689378,3,honeylocust
34223,Alive,40.72985184,-74.00415045,3,Kentucky coffeetree
27109,Alive,40.72796963,-74.00168552,17,Callery pear
27199,Alive,40.7299845,-73.99758565,5,honeylocust
27474,Alive,40.71931822,-74.00611386,14,Sophora
27191,Alive,40.72863877,-74.00156587,18,London planetree
33915,Alive,40.72678834,-73.99180074,22,London planetree
27264,Alive,40.72987045,-73.99850084,9,honeylocust
27426,Alive,40.72973344,-73.99969339,11,London planetree
27198,Alive,40.72996246,-73.99753993,6,honeylocust
27423,Alive,40.72949842,-73.99989206,13,London planetree
27424,Alive,40.72957368,-73.99982844,18,London planetree
17829,Alive,40.72660466,-74.00698329,3,honeylocust
17840,Alive,40.72690825,-74.00546501,3,honeylocust
27533,Alive,40.72924385,-74.00223889,12,American elm
17841,Alive,40.7269917,-74.00545249,3,honeylocust
33819,Alive,40.72646764,-73.99366042,2,littleleaf linden
27399,Alive,40.72867138,-74.00007584,9,littleleaf linden
33822,Alive,40.7262953,-73.99331281,6,littleleaf linden
11662,Alive,40.71636966,-74.00290067,3,littleleaf linden
27401,Alive,40.7285683,-73.99986527,6,littleleaf linden
13267,Alive,40.72956651,-74.00372885,6,littleleaf linden
17850,Alive,40.72545848,-74.00752149,2,littleleaf linden
17886,Alive,40.72565548,-74.00508246,6,littleleaf linden
30618,Alive,40.72982704,-73.99639505,3,Japanese zelkova
27503,Alive,40.72777703,-74.00014678,10,Chinese elm
27427,Alive,40.72980916,-73.99962938,4,silver linden
27397,Alive,40.72875203,-74.00024059,5,Callery pear
33871,Alive,40.72747584,-73.99248147,7,Callery pear
27134,Alive,40.71782515,-74.00274784,6,Callery pear
27135,Alive,40.71787417,-74.00284794,11,Callery pear
27398,Alive,40.72870435,-74.0001432,5,Callery pear
27136,Alive,40.71788635,-74.00287282,7,Callery pear
27651,Alive,40.72921896,-74.00142982,11,Japanese zelkova
27530,Alive,40.72934128,-74.00215601,14,American elm
27529,Alive,40.72937288,-74.00217741,13,American elm
27642,Alive,40.72796082,-74.00106327,5,Callery pear
27534,Alive,40.72922785,-74.00224651,14,American elm
27646,Alive,40.72946292,-74.00198772,18,American elm
27526,Alive,40.72949121,-74.00208458,17,American elm
17839,Alive,40.72667591,-74.00549989,4,honeylocust
27627,Alive,40.72900344,-74.00075404,7,littleleaf linden
27630,Alive,40.72889202,-74.00052908,5,littleleaf linden
33779,Alive,40.72825411,-74.00226516,2,honeylocust
11663,Alive,40.71632481,-74.00280819,4,American linden
30436,Alive,40.72970422,-73.99677249,13,pin oak
33780,Alive,40.72820979,-74.00217351,2,honeylocust
27644,Alive,40.72975499,-73.99887458,8,honeylocust
33967,Alive,40.72625533,-73.993513,14,Callery pear
27278,Alive,40.72912881,-74.00008319,4,Japanese zelkova
27669,Alive,40.72750722,-74.00075109,10,honeylocust
27668,Alive,40.72754203,-74.00082205,8,honeylocust
27643,Alive,40.72971645,-73.99879563,9,honeylocust
27330,Alive,40.72845692,-74.0007769,18,London planetree
27326,Alive,40.72803287,-74.00113347,19,London planetree
33778,Alive,40.72837955,-74.0025246,24,London planetree
27328,Alive,40.72823773,-74.00096121,16,London planetree
27358,Alive,40.72719904,-73.99977421,10,honeylocust
27652,Alive,40.7291888,-74.00136866,11,Japanese zelkova
27428,Alive,40.72987842,-73.99957083,6,littleleaf linden
34271,Alive,40.72978043,-74.00158881,11,littleleaf linden
27192,Alive,40.72872803,-74.00148951,2,sweetgum
27512,Alive,40.72913379,-73.99774241,12,ginkgo
27327,Alive,40.72813368,-74.0010487,17,London planetree
27329,Alive,40.72835334,-74.000864,7,London planetree
13013,Alive,40.72998595,-74.00330391,6,littleleaf linden
33877,Alive,40.72714171,-73.99180434,6,honeylocust
33963,Alive,40.72569044,-73.99237168,6,Sophora
33876,Alive,40.72718353,-73.9918891,7,honeylocust
27357,Alive,40.7272899,-73.99969713,13,Sophora
33965,Alive,40.72576932,-73.99253105,9,Sophora
27532,Alive,40.72927677,-74.00218674,6,Sophora
27650,Alive,40.72927419,-74.00154185,12,Sophora
27475,Alive,40.71926266,-74.00615765,7,black oak
33964,Alive,40.72572816,-73.99244789,10,Sophora
27422,Alive,40.72925833,-74.00009501,9,black locust
27647,Alive,40.72941689,-74.00183131,13,Sophora
27421,Alive,40.72921816,-74.00012897,5,golden raintree
34092,Alive,40.72546159,-73.9929148,4,golden raintree
27719,Alive,40.72676352,-73.99923799,3,Schumard's oak
27325,Alive,40.72793252,-74.00121785,6,Callery pear
27649,Alive,40.72933061,-74.0016563,6,golden raintree
27510,Alive,40.72899656,-73.99746248,6,Callery pear
71128,Alive,40.72836635,-74.00367464,13,honeylocust
71129,Alive,40.72835201,-74.00351702,11,honeylocust
27509,Alive,40.72893545,-73.99733784,5,Callery pear
27511,Alive,40.72905529,-73.99758228,7,Callery pear
71099,Alive,40.72540047,-74.00849102,7,honeylocust
71041,Alive,40.72686138,-74.00885429,4,honeylocust
27460,Alive,40.72848714,-73.9974015,17,London planetree
71101,Alive,40.725263,-74.00851425,7,honeylocust
73478,Alive,40.72441445,-73.99266005,10,honeylocust
71241,Alive,40.72777897,-74.00388351,4,ginkgo
71177,Alive,40.72773979,-74.00466028,9,honeylocust
71131,Alive,40.72833263,-74.00330386,12,honeylocust
72417,Alive,40.7180115,-73.99034398,5,American elm
71097,Alive,40.72575111,-74.00843177,3,American elm
27537,Alive,40.72906509,-74.00234741,4,'Schubert' chokecherry
73480,Alive,40.72474282,-73.99254239,18,London planetree
71061,Alive,40.72874178,-74.00743134,5,Japanese zelkova
71064,Alive,40.72880273,-74.00807218,5,Japanese zelkova
71062,Alive,40.72875063,-74.00752442,5,Japanese zelkova
71237,Alive,40.72782339,-74.0043398,9,northern red oak
73513,Alive,40.72540484,-73.99230494,4,northern red oak
71063,Alive,40.72875931,-74.00761572,5,Japanese zelkova
71065,Alive,40.72881158,-74.00816527,4,Japanese zelkova
71235,Alive,40.72785412,-74.00465545,19,northern red oak
71149,Alive,40.7278831,-74.0071252,11,Callery pear
73479,Alive,40.72457811,-73.99260141,18,Callery pear
71233,Alive,40.72787593,-74.00487948,8,Chinese elm
71234,Alive,40.72786513,-74.00476854,14,Chinese elm
71232,Alive,40.7278944,-74.00506915,3,Japanese zelkova
71148,Alive,40.72782372,-74.00713488,4,Callery pear
71231,Alive,40.72790185,-74.00514574,3,Japanese zelkova
71147,Alive,40.72775944,-74.00714537,8,Callery pear
71181,Alive,40.72769484,-74.00416227,10,Callery pear
72646,Alive,40.71699454,-73.99249408,2,silver linden
71146,Alive,40.72757912,-74.00717478,11,Callery pear
70983,Alive,40.72733238,-74.00800735,9,honeylocust
72474,Alive,40.71907969,-73.99240021,6,ginkgo
71100,Alive,40.72533024,-74.00850289,5,honeylocust
27226,Alive,40.72905583,-74.00110612,2,swamp white oak
71002,Alive,40.72796064,-74.0069537,4,ginkgo
71183,Alive,40.72766988,-74.00388568,10,ginkgo
73542,Alive,40.72839895,-73.99875591,16,American linden
71244,Alive,40.72773235,-74.00340467,4,ginkgo
71178,Alive,40.72773022,-74.00455423,7,honeylocust
73543,Alive,40.72830564,-73.99883467,13,honeylocust
71186,Alive,40.72764459,-74.0036055,5,ginkgo
72540,Alive,40.71646703,-73.99155447,10,honeylocust
71004,Alive,40.7279399,-74.00673968,4,ginkgo
72472,Alive,40.71896124,-73.99246073,4,honeylocust
72475,Alive,40.71915848,-73.99235996,8,ginkgo
71003,Alive,40.7279537,-74.00688212,3,ginkgo
73481,Alive,40.72485669,-73.99250158,18,London planetree
71179,Alive,40.72771327,-74.00436649,4,London planetree
72542,Alive,40.71677486,-73.99139646,12,London planetree
71125,Alive,40.72840655,-74.00411672,5,American elm
72543,Alive,40.71685054,-73.99135762,13,London planetree
71242,Alive,40.7277681,-74.00377185,13,Chinese elm
71236,Alive,40.72783907,-74.00450084,5,northern red oak
71040,Alive,40.72727247,-74.00878496,4,Japanese zelkova
73482,Alive,40.72507807,-73.99242225,7,northern red oak
73515,Alive,40.72554983,-73.9922523,4,Japanese zelkova
72647,Alive,40.71693058,-73.99252675,2,silver linden
71243,Alive,40.72775486,-74.00363586,3,Callery pear
71272,Alive,40.72579641,-74.0098675,4,Callery pear
70911,Alive,40.7274027,-74.00762219,4,willow oak
71271,Alive,40.72572787,-74.00987971,3,Callery pear
72520,Alive,40.71611565,-73.99150001,5,cherry
71133,Alive,40.72451128,-74.00888004,8,honeylocust
72596,Alive,40.71622261,-73.99300443,9,honeylocust
70926,Alive,40.72599568,-74.00876776,11,honeylocust
71120,Alive,40.7240045,-74.00797846,4,honeylocust
71124,Alive,40.72472762,-74.00785136,8,ginkgo
72650,Alive,40.71663637,-73.99267702,5,Callery pear
71134,Alive,40.72465883,-74.00908594,7,honeylocust
72597,Alive,40.7163269,-73.99295081,8,ginkgo
73514,Alive,40.72549929,-73.99227065,6,honeylocust
70927,Alive,40.72600732,-74.00889383,11,honeylocust
71132,Alive,40.72447365,-74.00882752,7,honeylocust
70925,Alive,40.72597425,-74.00853568,7,honeylocust
71135,Alive,40.72472507,-74.00917838,7,honeylocust
72521,Alive,40.71615408,-73.99162899,3,English oak
72598,Alive,40.71743251,-73.99181415,4,honeylocust
71104,Alive,40.72687691,-74.00748774,13,red maple
72541,Alive,40.71656521,-73.99150407,3,red maple
77473,Alive,40.72158355,-73.99761535,2,ginkgo
72649,Alive,40.716708,-73.99264043,3,American linden
77468,Alive,40.72170169,-73.99641989,9,ginkgo
77467,Alive,40.7217625,-73.99639628,5,ginkgo
72595,Alive,40.7161196,-73.9930574,10,ginkgo
77470,Alive,40.72118963,-73.99685527,15,honeylocust
77469,Alive,40.72154323,-73.99648142,4,ginkgo
72515,Alive,40.71947264,-73.99181745,8,honeylocust
72514,Alive,40.71951259,-73.99195186,5,honeylocust
72785,Alive,40.71740114,-73.99325382,4,ginkgo
72788,Alive,40.71694372,-73.9934885,4,ginkgo
72648,Alive,40.71680266,-73.99259209,6,Callery pear
77450,Alive,40.72265533,-73.99389827,10,honeylocust
71121,Alive,40.72419113,-74.00794566,2,pin oak
30578,Alive,40.72674,-73.99616403,7,golden raintree
72418,Alive,40.71790858,-73.99039624,5,American elm
77472,Alive,40.72153424,-73.99745672,12,ginkgo
77448,Alive,40.7225942,-73.9937506,8,honeylocust
72442,Alive,40.71835367,-73.99005113,6,honeylocust
77375,Alive,40.71718478,-74.00310889,9,honeylocust
77372,Alive,40.71731079,-74.00336651,11,honeylocust
77374,Alive,40.71723688,-74.00321539,7,honeylocust
77449,Alive,40.72262385,-73.99382222,6,honeylocust
77373,Alive,40.7172771,-74.00329763,10,honeylocust
70808,Alive,40.7275968,-74.0087303,6,Chinese elm
72446,Alive,40.71731164,-73.99087598,2,northern red oak
71107,Alive,40.72712885,-74.00744949,13,green ash
71106,Alive,40.72707432,-74.00745777,9,green ash
72602,Alive,40.71867761,-73.99000079,5,Callery pear
33996,Alive,40.72685695,-73.99443643,3,Sophora
70807,Alive,40.72770681,-74.00871195,6,Chinese elm
70999,Alive,40.72617056,-74.00897019,8,Sophora
71000,Alive,40.72623158,-74.00896019,10,Sophora
27476,Alive,40.71907906,-74.00630237,6,Sophora
27508,Alive,40.72811288,-73.9998634,11,Sophora
71127,Alive,40.72838336,-74.00386165,10,Sophora
77455,Alive,40.719353,-74.00584226,13,honeylocust
77456,Alive,40.71926437,-74.00564963,8,honeylocust
33955,Alive,40.72764632,-73.99259821,11,silver linden
72420,Alive,40.71775905,-73.99047216,2,white oak
71001,Alive,40.72630729,-74.00894778,8,Sophora
71240,Alive,40.72778719,-74.00396797,12,littleleaf linden
72675,Alive,40.71639355,-73.99242363,4,Japanese zelkova
33913,Alive,40.726031,-73.99207737,8,London planetree
17892,Alive,40.72572073,-74.00697113,2,Chinese fringetree
72447,Alive,40.7173361,-73.99095714,2,northern red oak
70841,Alive,40.72643703,-74.00634471,16,willow oak
70806,Alive,40.72783969,-74.0086898,5,Chinese elm
70840,Alive,40.72645041,-74.00649086,6,Callery pear
73014,Alive,40.72979924,-73.99045875,4,London planetree
27220,Alive,40.71651611,-74.00519164,6,golden raintree
71239,Alive,40.72780507,-74.00415156,10,littleleaf linden
72496,Alive,40.71664503,-73.99104079,2,littleleaf linden
27720,Alive,40.72673461,-73.99917921,3,Schumard's oak
27218,Alive,40.71657314,-74.00531493,5,golden raintree
72476,Alive,40.71940049,-73.99223631,2,tree of heaven
71182,Alive,40.72768637,-74.0040684,7,green ash
71038,Alive,40.72847727,-74.00723918,9,Callery pear
71176,Alive,40.72775136,-74.00478855,8,green ash
71039,Alive,40.72858039,-74.00722419,5,Callery pear
72910,Alive,40.71678366,-73.99009775,4,green ash
77477,Alive,40.71918809,-73.99824628,4,Callery pear
77368,Alive,40.72082331,-73.99398051,15,American elm
77460,Alive,40.72078022,-73.99495838,2,northern red oak
72601,Alive,40.71755827,-73.99213662,7,Japanese zelkova
72399,Alive,40.71849862,-73.99269847,4,ginkgo
72400,Alive,40.71827057,-73.99281557,4,ginkgo
72673,Alive,40.71646475,-73.99265817,5,Japanese zelkova
72398,Alive,40.71866684,-73.99261209,3,ginkgo
72907,Alive,40.71646833,-73.99026025,2,ginkgo
72908,Alive,40.71655112,-73.99021758,2,ginkgo
73136,Alive,40.7277499,-74.0003003,9,Japanese zelkova
73132,Alive,40.72813053,-73.99997905,8,Japanese zelkova
72825,Alive,40.71669512,-73.99342432,2,ginkgo
77445,Alive,40.71723998,-74.0062507,4,honeylocust
73135,Alive,40.72779147,-74.00026521,11,Japanese zelkova
72684,Alive,40.71749478,-73.99235875,2,Japanese zelkova
72600,Alive,40.71753086,-73.99204613,7,Japanese zelkova
77435,Alive,40.71979951,-74.00596375,3,London planetree
72829,Alive,40.71657473,-73.99302294,4,honeylocust
72826,Alive,40.7166309,-73.9932102,2,ginkgo
77485,Alive,40.7184274,-73.99857062,7,ginkgo
77486,Alive,40.71839827,-73.99848659,5,ginkgo
72599,Alive,40.71749126,-73.99191542,6,pin oak
72676,Alive,40.71635795,-73.99230636,4,pin oak
70998,Alive,40.72611609,-74.00897911,11,Sophora
72674,Alive,40.71642915,-73.9925409,3,pin oak
77440,Alive,40.72257434,-73.99392386,7,littleleaf linden
71130,Alive,40.72834094,-74.00339521,11,honeylocust
72395,Alive,40.71750804,-73.99048444,8,honeylocust
77345,Alive,40.72120169,-73.99457583,10,ginkgo
70888,Alive,40.72581875,-74.00805678,11,honeylocust
71187,Alive,40.72763605,-74.00351091,13,London planetree
70905,Alive,40.72745148,-74.00814503,3,silver maple
73015,Alive,40.7297449,-73.99025563,8,pin oak
70889,Alive,40.7258008,-74.00788449,6,tree of heaven
71180,Alive,40.72770118,-74.00423249,9,green ash
72909,Alive,40.71671058,-73.99013541,4,green ash
77478,Alive,40.71912336,-73.99827149,7,Callery pear
77437,Alive,40.71989796,-74.0058863,18,London planetree
72394,Alive,40.71759956,-73.99043742,3,Callery pear
77404,Alive,40.71808058,-74.0065535,3,Callery pear
33954,Alive,40.72756562,-73.99243394,21,sawtooth oak
34283,Alive,40.72982117,-74.00164257,3,golden raintree
71185,Alive,40.72765326,-74.00370152,8,silver maple
33824,Alive,40.72622187,-73.9931647,6,littleleaf linden
73133,Alive,40.72802659,-74.00006677,14,Japanese zelkova
27648,Alive,40.72937868,-74.0017538,6,golden raintree
30685,Alive,40.72581435,-73.99525918,4,Kentucky coffeetree
71044,Alive,40.72586994,-74.00854801,3,Japanese zelkova
27535,Alive,40.72917728,-74.0022706,4,eastern redbud
71274,Alive,40.72591745,-74.00984595,4,horse chestnut
71036,Alive,40.72825084,-74.00727209,4,Callery pear
72683,Alive,40.71740668,-73.99240339,2,Japanese zelkova
71302,Alive,40.72598468,-74.00976874,3,horse chestnut
77436,Alive,40.7198452,-74.00592781,3,London planetree
73060,Alive,40.72999976,-73.99057206,19,London planetree
70887,Alive,40.72582564,-74.00812291,15,honeylocust
72497,Alive,40.7163255,-73.99120505,4,cherry
84135,Alive,40.71968445,-73.9914213,12,honeylocust
71005,Alive,40.72793304,-74.00666881,4,ginkgo
71123,Alive,40.72464437,-74.00786599,4,northern red oak
84094,Alive,40.71944634,-73.99063282,5,honeylocust
77447,Alive,40.71737126,-74.00614772,4,Callery pear
77438,Alive,40.71994647,-74.00584814,9,Callery pear
72396,Alive,40.71737255,-73.99055405,6,Callery pear
80718,Alive,40.71666998,-74.01041985,17,Callery pear
80719,Alive,40.71662503,-74.01032068,12,Callery pear
71303,Alive,40.72596896,-74.00960771,4,Callery pear
80716,Alive,40.71675987,-74.01061821,15,Callery pear
70912,Alive,40.72739598,-74.00755021,5,willow oak
77471,Alive,40.7212305,-73.9969755,14,honeylocust
80720,Alive,40.7165829,-74.0102277,14,Callery pear
84139,Alive,40.71980727,-73.99182531,2,Japanese zelkova
84095,Alive,40.71947111,-73.99071461,6,honeylocust
72784,Alive,40.71746455,-73.99322129,3,ginkgo
71273,Alive,40.72585081,-74.00985782,4,Callery pear
70886,Alive,40.72583473,-74.00821013,4,northern red oak
77439,Alive,40.72259925,-73.99398367,3,Chinese elm
80717,Alive,40.71671633,-74.01052213,13,Callery pear
71105,Alive,40.72700779,-74.00746787,11,green ash
30686,Alive,40.72586239,-73.99521862,4,Kentucky coffeetree
84140,Alive,40.71983069,-73.99190236,2,Japanese zelkova
71043,Alive,40.72591076,-74.00893978,3,Japanese zelkova
84136,Alive,40.71971826,-73.99153252,2,Japanese zelkova
71109,Alive,40.72674442,-74.00845674,4,ginkgo
84137,Alive,40.71975981,-73.9916692,2,Japanese zelkova
84138,Alive,40.71978323,-73.99174625,2,Japanese zelkova
80727,Alive,40.71620366,-74.00939091,8,crab apple
77474,Alive,40.72009643,-73.99705062,4,purple-leaf plum
71110,Alive,40.72677607,-74.00878895,18,honeylocust
77407,Alive,40.72159707,-73.99453323,4,Japanese zelkova
77462,Alive,40.72132067,-73.9955207,4,Japanese zelkova
77463,Alive,40.72139005,-73.99549322,5,Japanese zelkova
77411,Alive,40.72251875,-73.99417459,5,Callery pear
73541,Alive,40.72856201,-73.99861829,11,Sophora
73537,Alive,40.72915835,-73.99811495,13,Sophora
73544,Alive,40.72822896,-73.99889939,9,Sophora
88771,Alive,40.72018302,-74.0084412,6,Japanese zelkova
77457,Alive,40.72115259,-73.99481078,18,Sophora
72421,Alive,40.71768071,-73.99051194,2,white oak
88772,Alive,40.72027822,-74.0084243,7,Japanese zelkova
70906,Alive,40.72744463,-74.00807162,4,sweetgum
72682,Alive,40.71890282,-73.99151855,7,Sophora
72419,Alive,40.71781692,-73.99044278,3,white oak
77409,Alive,40.72235136,-73.99423973,6,Callery pear
70904,Alive,40.72745806,-74.00821558,4,Sophora
77290,Alive,40.72128427,-73.99455812,7,Sophora
70909,Alive,40.72742445,-74.00785532,3,sweetgum
70908,Alive,40.7274312,-74.00792766,4,sweetgum
70903,Alive,40.72746488,-74.00828864,4,Sophora
77458,Alive,40.72107033,-73.99484338,18,Sophora
70907,Alive,40.72743788,-74.00799928,4,sweetgum
73536,Alive,40.72921517,-73.99806699,16,Sophora
72911,Alive,40.71685291,-73.99006207,5,green ash
70910,Alive,40.72741777,-74.0077837,3,sweetgum
77397,Alive,40.72116926,-73.99469891,13,Sophora
71037,Alive,40.72835505,-74.00725695,5,Callery pear
73540,Alive,40.7287962,-73.99842062,19,Sophora
71151,Alive,40.72494393,-74.00948713,3,Kentucky coffeetree
77459,Alive,40.72100621,-73.9948688,15,Sophora
70984,Alive,40.72738358,-74.0085756,4,red maple
71126,Alive,40.7283917,-74.00395336,9,littleleaf linden
77408,Alive,40.72166761,-73.99450578,4,honeylocust
80725,Alive,40.71627389,-74.00954587,4,Callery pear
70723,Alive,40.72810026,-74.00838074,4,Kentucky coffeetree
88774,Alive,40.72037669,-74.00840681,6,Japanese zelkova
71184,Alive,40.72765959,-74.00377174,2,black locust
80723,Alive,40.7163708,-74.00975972,2,Japanese zelkova
88773,Alive,40.72032718,-74.0084156,8,Japanese zelkova
72827,Alive,40.71660352,-73.99311892,8,Callery pear
77446,Alive,40.71729961,-74.00620393,5,honeylocust
77346,Alive,40.72117393,-73.99450779,7,American linden
77466,Alive,40.72176933,-73.99573387,14,American linden
77465,Alive,40.72173829,-73.99565914,11,American linden
30624,Alive,40.72570925,-73.99492841,2,swamp white oak
77461,Alive,40.72072046,-73.995471,2,pin oak
27222,Alive,40.716422,-74.0049882,5,golden raintree
73076,Alive,40.72912863,-73.99900352,5,Callery pear
30577,Alive,40.72678309,-73.99625199,6,golden raintree
27219,Alive,40.71654463,-74.00525328,6,golden raintree
72441,Alive,40.7182068,-73.99012804,3,Japanese tree lilac
73083,Alive,40.72853246,-73.99951254,3,American linden
71305,Alive,40.72595708,-74.00948604,18,black locust
72341,Alive,40.71813488,-73.99047518,6,Japanese zelkova
73134,Alive,40.72786769,-74.00020089,12,Japanese zelkova
84299,Alive,40.71713088,-73.99516081,2,Japanese zelkova
77479,Alive,40.7190576,-73.99829757,7,Callery pear
73079,Alive,40.72895899,-73.99914836,7,American linden
77398,Alive,40.71787397,-74.00574899,4,honeylocust
72516,Alive,40.71943929,-73.99170522,11,Sophora
17848,Alive,40.72552157,-74.00565044,2,'Schubert' chokecherry
17846,Alive,40.72538437,-74.00567369,2,'Schubert' chokecherry
77476,Alive,40.7194825,-73.99797407,8,Callery pear
33914,Alive,40.72594002,-73.99211055,10,Sophora
84297,Alive,40.71707412,-73.99497541,2,Japanese zelkova
80641,Alive,40.71662886,-74.01077212,15,Callery pear
77403,Alive,40.71958039,-74.00613358,13,honeylocust
77369,Alive,40.72071096,-73.99402311,19,London planetree
77370,Alive,40.72061734,-73.99405861,15,London planetree
77401,Alive,40.71939473,-74.00627659,11,honeylocust
88732,Alive,40.71852174,-74.0071442,11,honeylocust
80642,Alive,40.71670961,-74.01075092,15,Callery pear
73539,Alive,40.72894772,-73.99829273,5,river birch
88733,Alive,40.71844174,-74.00715812,8,honeylocust
80638,Alive,40.7164243,-74.01082583,7,honeylocust
84096,Alive,40.71950744,-73.9908346,6,Sophora
73078,Alive,40.72901952,-73.99909667,7,littleleaf linden
72517,Alive,40.71941233,-73.99161449,9,Sophora
17842,Alive,40.72510943,-74.0057203,2,'Schubert' chokecherry
17844,Alive,40.72524663,-74.00569705,2,'Schubert' chokecherry
77347,Alive,40.72112839,-73.9943962,4,Sophora
77443,Alive,40.72246757,-73.99366754,2,Schumard's oak
77406,Alive,40.72148996,-73.99457491,6,Sophora
84300,Alive,40.71716183,-73.99526187,2,Japanese zelkova
73074,Alive,40.72925016,-73.99889974,5,littleleaf linden
80639,Alive,40.71648621,-74.01080958,5,honeylocust
71102,Alive,40.72671604,-74.00751217,3,Japanese tree lilac
34225,Alive,40.72978977,-74.00435019,4,Japanese tree lilac
77402,Alive,40.71951456,-74.00618429,11,Callery pear
100182,Alive,40.72463604,-73.99360471,7,Callery pear
72423,Alive,40.71754655,-73.99058006,8,sweetgum
72422,Alive,40.71759775,-73.99055406,2,white oak
80724,Alive,40.71635395,-74.00972253,3,cherry
77289,Alive,40.72119798,-73.99434549,6,sawtooth oak
77482,Alive,40.71866909,-73.9985329,10,Sophora
80722,Alive,40.71641153,-74.0098496,3,cherry
77405,Alive,40.72141626,-73.99460358,7,Sophora
84097,Alive,40.71954601,-73.99096197,4,black cherry
73080,Alive,40.72878819,-73.99929419,12,Sophora
77480,Alive,40.71895035,-73.99835062,13,Sophora
73073,Alive,40.72940715,-73.99876571,13,Sophora
73081,Alive,40.72866688,-73.99939776,14,Sophora
77481,Alive,40.71880021,-73.99844683,4,Sophora
77483,Alive,40.71862047,-73.99856482,3,Sophora
73538,Alive,40.72908814,-73.99817421,14,Sophora
77396,Alive,40.72100497,-73.99476252,18,Sophora
70901,Alive,40.7274886,-74.0085429,4,swamp white oak
70902,Alive,40.72748045,-74.00845552,3,swamp white oak
71119,Alive,40.72397368,-74.00801846,11,swamp white oak
80721,Alive,40.71643682,-74.00990538,3,cherry
73075,Alive,40.72919354,-73.99894809,3,purple-leaf plum
100435,Alive,40.72662485,-73.99618526,13,ginkgo
100184,Alive,40.7246946,-73.99376985,9,Callery pear
100186,Alive,40.72475385,-73.99393695,10,Callery pear
100183,Alive,40.72466538,-73.99368744,8,Callery pear
77484,Alive,40.71855908,-73.99860512,11,Sophora
73077,Alive,40.72907753,-73.99904715,14,Sophora
73082,Alive,40.72860612,-73.99944965,14,Sophora
70923,Alive,40.72592634,-74.00801671,3,silver maple
71103,Alive,40.72677875,-74.00750264,4,Japanese tree lilac
100434,Alive,40.72657762,-73.9960892,4,ginkgo
73397,Alive,40.72550057,-73.9945767,7,London planetree
100320,Alive,40.72540985,-73.99380415,6,Callery pear
118528,Alive,40.72151149,-73.99223652,7,Callery pear
100319,Alive,40.72532709,-73.99384058,10,Callery pear
100387,Alive,40.72510767,-73.99404395,17,Callery pear
100437,Alive,40.72674136,-73.99642221,10,ginkgo
77371,Alive,40.72053823,-73.99408861,5,London planetree
100436,Alive,40.72667103,-73.99627919,11,ginkgo
100438,Alive,40.7267862,-73.99651342,4,ginkgo
118407,Alive,40.71629905,-73.99582967,3,ginkgo
80640,Alive,40.71654811,-74.01079332,13,Callery pear
73250,Alive,40.72637088,-73.99844081,4,honeylocust
73251,Alive,40.72633923,-73.99837663,15,honeylocust
73252,Alive,40.72628085,-73.99825825,16,honeylocust
118406,Alive,40.71633084,-73.99580837,8,ginkgo
17847,Alive,40.72545297,-74.00566207,2,'Schubert' chokecherry
17845,Alive,40.72531468,-74.00568551,2,'Schubert' chokecherry
73246,Alive,40.72661856,-73.99894308,16,honeylocust
73253,Alive,40.72606258,-73.99781564,5,honeylocust
100386,Alive,40.72504036,-73.994074,7,honeylocust
73248,Alive,40.72655391,-73.99881198,12,honeylocust
118337,Alive,40.71628389,-73.99571164,4,ginkgo
118339,Alive,40.71633941,-73.99574284,2,ginkgo
118336,Alive,40.71624856,-73.99569178,4,ginkgo
73399,Alive,40.72567998,-73.99448939,15,littleleaf linden
118340,Alive,40.71636717,-73.99575844,8,ginkgo
71154,Alive,40.72509083,-74.0096948,7,Kentucky coffeetree
100385,Alive,40.72494186,-73.99411797,13,Sophora
101537,Alive,40.71605668,-74.00929229,9,Callery pear
72787,Alive,40.71717434,-73.99337018,4,Kentucky coffeetree
71152,Alive,40.72498617,-74.00954685,7,Kentucky coffeetree
71108,Alive,40.72667491,-74.00772715,2,black cherry
70922,Alive,40.72591972,-74.00794507,3,silver maple
118338,Alive,40.71630913,-73.99572582,8,ginkgo
71153,Alive,40.72503364,-74.00961395,8,Kentucky coffeetree
118225,Alive,40.71922499,-73.99341517,6,Sophora
73398,Alive,40.72554459,-73.99455528,10,littleleaf linden
118529,Alive,40.72176688,-73.99210629,7,Sophora
117893,Alive,40.71641743,-73.99104467,5,Sophora
70924,Alive,40.7259313,-74.00807043,3,silver maple
101599,Alive,40.71621454,-74.0106564,5,Sophora
73137,Alive,40.72768291,-74.00035683,14,London planetree
73396,Alive,40.72541563,-73.99461804,9,littleleaf linden
101656,Alive,40.7160356,-74.01053553,7,honeylocust
101654,Alive,40.71610161,-74.0106812,7,honeylocust
101655,Alive,40.71606931,-74.01060991,10,honeylocust
101653,Alive,40.71613251,-74.01074938,10,honeylocust
136904,Alive,40.72469866,-73.99171094,3,cherry
17843,Alive,40.72517803,-74.00570867,2,'Schubert' chokecherry
73393,Alive,40.72515282,-73.99474593,9,Callery pear
117892,Alive,40.71634646,-73.99108152,3,American linden
101598,Alive,40.71614726,-74.01050754,4,Callery pear
118535,Alive,40.72085471,-73.99080941,21,Callery pear
73394,Alive,40.72521589,-73.99471524,13,Callery pear
73306,Alive,40.72496711,-73.99452983,5,Japanese zelkova
118534,Alive,40.72089305,-73.99093922,17,Callery pear
73305,Alive,40.72499629,-73.99461385,5,Japanese zelkova
117894,Alive,40.71646389,-73.99102055,4,Japanese zelkova
117898,Alive,40.71699894,-73.99074272,2,honeylocust
117897,Alive,40.71667474,-73.99091106,4,American linden
73412,Alive,40.72566136,-73.99460756,8,Callery pear
100185,Alive,40.72472463,-73.99385454,8,Callery pear
118479,Alive,40.72022402,-73.99095737,9,Callery pear
136406,Alive,40.72260153,-73.99221082,14,Callery pear
118488,Alive,40.72004483,-73.99017159,12,honeylocust
117896,Alive,40.71660888,-73.99094526,6,American linden
118481,Alive,40.72029998,-73.99095534,7,honeylocust
71238,Alive,40.72781329,-74.00423602,3,European hornbeam
144103,Alive,40.7232734,-73.99398008,4,Amur maackia
136736,Alive,40.72396629,-73.99023729,9,ash
118842,Alive,40.72434284,-73.99235914,21,Callery pear
73395,Alive,40.72533995,-73.99465486,12,littleleaf linden
118482,Alive,40.72036394,-73.99092268,8,honeylocust
136669,Alive,40.72478505,-73.99057182,3,ginkgo
137006,Alive,40.72203678,-73.9902099,11,honeylocust
136409,Alive,40.72271739,-73.99261144,7,American linden
143939,Alive,40.72468871,-73.99463604,2,pin oak
136647,Alive,40.72405073,-73.99082884,7,Japanese zelkova
136408,Alive,40.72267594,-73.99246812,13,Callery pear
143928,Alive,40.72450741,-73.99412702,16,Callery pear
136755,Alive,40.72508306,-73.99209744,3,Callery pear
143926,Alive,40.72443019,-73.99391163,10,Callery pear
73422,Alive,40.72898615,-73.99925797,7,Callery pear
136407,Alive,40.72263937,-73.99234166,12,Callery pear
136756,Alive,40.72501636,-73.9921215,3,Callery pear
73423,Alive,40.72903458,-73.99921688,7,Callery pear
143923,Alive,40.72434477,-73.99367339,13,Callery pear
136410,Alive,40.7227996,-73.99279924,17,Callery pear
144098,Alive,40.72286918,-73.99414495,5,Callery pear
136670,Alive,40.72483516,-73.99053588,3,ginkgo
143983,Alive,40.72454518,-73.99505241,7,honeylocust
143984,Alive,40.72448469,-73.99508289,7,honeylocust
144101,Alive,40.72309672,-73.99405214,10,honeylocust
136757,Alive,40.72496183,-73.99214117,6,Callery pear
144109,Alive,40.72414949,-73.99362276,16,Callery pear
144111,Alive,40.72428424,-73.9935678,16,Callery pear
136458,Alive,40.72304549,-73.99284332,2,American linden
143982,Alive,40.72462207,-73.99501368,4,American linden
144107,Alive,40.72387424,-73.99373502,9,ginkgo
143981,Alive,40.72468666,-73.99498114,3,American linden
143985,Alive,40.72430836,-73.99517171,8,American linden
144100,Alive,40.72301965,-73.99408358,10,honeylocust
144186,Alive,40.72402142,-73.99452588,7,ginkgo
118207,Alive,40.71867962,-73.99368671,2,Japanese zelkova
143987,Alive,40.72418893,-73.99523188,11,littleleaf linden
136827,Alive,40.72364103,-73.99050064,17,green ash
144192,Alive,40.72442513,-73.99434717,4,Japanese zelkova
144188,Alive,40.72412079,-73.99448189,11,ginkgo
144031,Alive,40.72423718,-73.9959001,4,honeylocust
144030,Alive,40.72418755,-73.9959414,4,honeylocust
143986,Alive,40.72424685,-73.9952027,11,American linden
144167,Alive,40.72327015,-73.99474571,9,American linden
144032,Alive,40.72428403,-73.99586112,3,honeylocust
144193,Alive,40.72447247,-73.99432621,4,ginkgo
73421,Alive,40.72890681,-73.99932526,16,Callery pear
118185,Alive,40.71737417,-73.99435163,3,northern red oak
118843,Alive,40.72467695,-73.99224172,9,littleleaf linden
144187,Alive,40.72407137,-73.99450377,12,ginkgo
73424,Alive,40.72948062,-73.99883854,10,honeylocust
144029,Alive,40.72413839,-73.99598231,4,honeylocust
144106,Alive,40.72379036,-73.99376924,12,ginkgo
136787,Alive,40.72146344,-73.9928389,11,honeylocust
143938,Alive,40.72463133,-73.99447297,3,Japanese zelkova
136723,Alive,40.7250845,-73.99086386,4,ginkgo
136628,Alive,40.72116842,-73.99036127,10,honeylocust
136785,Alive,40.72153942,-73.9930954,14,honeylocust
136621,Alive,40.72174924,-73.99006289,10,honeylocust
136722,Alive,40.724999,-73.99066133,8,littleleaf linden
136824,Alive,40.72353024,-73.99013303,10,ash
144191,Alive,40.72438559,-73.99436467,5,Japanese zelkova
136734,Alive,40.72403625,-73.99040163,11,green ash
136825,Alive,40.72357674,-73.99028732,15,green ash
136411,Alive,40.7228157,-73.99285488,21,Callery pear
73425,Alive,40.72955626,-73.99877438,9,honeylocust
144185,Alive,40.72391113,-73.9945747,9,ginkgo
143925,Alive,40.72440117,-73.99383069,11,Callery pear
144183,Alive,40.72377899,-73.9946332,5,Callery pear
136511,Alive,40.72383505,-73.9921616,5,Callery pear
144182,Alive,40.72368067,-73.99467672,4,Callery pear
143924,Alive,40.72437355,-73.99375367,11,Callery pear
144177,Alive,40.72328788,-73.99485059,4,Callery pear
136725,Alive,40.725166,-73.99105692,10,Callery pear
136727,Alive,40.72527388,-73.99131245,14,Callery pear
144081,Alive,40.72314901,-73.99508652,5,Callery pear
144156,Alive,40.72448766,-73.99420967,9,Callery pear
136512,Alive,40.723794,-73.99202659,5,Callery pear
136629,Alive,40.72107766,-73.99040789,11,honeylocust
136724,Alive,40.72513191,-73.99097616,6,Callery pear
144159,Alive,40.72429611,-73.99429401,10,Callery pear
136783,Alive,40.72158722,-73.99325677,2,ginkgo
136784,Alive,40.72156412,-73.99317877,2,honeylocust
136514,Alive,40.72369233,-73.99169226,5,Callery pear
136622,Alive,40.72165976,-73.99010886,9,honeylocust
136624,Alive,40.72150433,-73.99018871,12,honeylocust
144181,Alive,40.7236172,-73.99470482,5,pin oak
136626,Alive,40.72133663,-73.99027485,10,honeylocust
144180,Alive,40.72354072,-73.99473867,7,pin oak
136625,Alive,40.72141332,-73.99023546,9,honeylocust
136627,Alive,40.72124716,-73.99032082,11,honeylocust
17867,Alive,40.72572454,-74.00406459,16,European hornbeam
118184,Alive,40.7174689,-73.99430352,2,ginkgo
144108,Alive,40.72392982,-73.99371236,17,tree of heaven
144176,Alive,40.72322598,-73.99487799,3,Callery pear
136513,Alive,40.72375304,-73.99189192,4,Callery pear
144179,Alive,40.72340858,-73.99479716,7,pin oak
144157,Alive,40.72442363,-73.99423786,11,Callery pear
144158,Alive,40.72435701,-73.99426719,9,Callery pear
136729,Alive,40.72536897,-73.99153769,9,Callery pear
136623,Alive,40.72158205,-73.99014878,14,honeylocust
118183,Alive,40.71752062,-73.99427725,2,ginkgo
144189,Alive,40.72417958,-73.99445587,6,Japanese zelkova
118206,Alive,40.71861679,-73.99371922,2,Japanese zelkova
144190,Alive,40.72425293,-73.9944234,6,Japanese zelkova
144110,Alive,40.7242187,-73.99359453,4,red maple
117986,Alive,40.71704581,-73.99043879,3,Japanese zelkova
136762,Alive,40.7203367,-73.99175623,7,honeylocust
145007,Alive,40.71768357,-73.99672535,4,ginkgo
144976,Alive,40.71632008,-73.99717217,9,ginkgo
136759,Alive,40.72078962,-73.99152524,6,honeylocust
145006,Alive,40.71765658,-73.99664757,4,ginkgo
136761,Alive,40.72045006,-73.99169842,7,honeylocust
118483,Alive,40.7203545,-73.99089074,7,honeylocust
136830,Alive,40.72373786,-73.99082198,15,green ash
118226,Alive,40.71939058,-73.99332984,5,Sophora
118476,Alive,40.71996408,-73.99109012,5,Sophora
100317,Alive,40.72495048,-73.99400636,19,Sophora
118484,Alive,40.72041562,-73.99089629,7,honeylocust
118480,Alive,40.72023346,-73.99098932,17,Sophora
136826,Alive,40.72360969,-73.99039666,10,green ash
118227,Alive,40.71958121,-73.9932316,18,Sophora
100318,Alive,40.72510924,-73.99393648,18,Sophora
100388,Alive,40.72516979,-73.99401622,13,Sophora
118475,Alive,40.71982081,-73.99116328,7,Sophora
100321,Alive,40.72546997,-73.99377769,20,Sophora
117895,Alive,40.71651443,-73.9909943,5,Sophora
117987,Alive,40.7169882,-73.99025072,5,Callery pear
144076,Alive,40.72364896,-73.99561494,6,Callery pear
100316,Alive,40.72487057,-73.99404153,18,Sophora
136907,Alive,40.72481132,-73.99197865,3,Callery pear
136603,Alive,40.72063361,-73.99007277,6,pin oak
144178,Alive,40.72335708,-73.99481996,6,pin oak
136905,Alive,40.72472417,-73.99177156,10,littleleaf linden
73413,Alive,40.72561765,-73.99462904,4,Callery pear
136906,Alive,40.72478183,-73.99190857,4,Callery pear
136731,Alive,40.72546299,-73.99176042,5,Callery pear
136658,Alive,40.72413646,-73.99104453,15,Sophora
118485,Alive,40.72040618,-73.99086434,7,honeylocust
136730,Alive,40.72541558,-73.99164811,9,Callery pear
144075,Alive,40.72371147,-73.99558335,5,Callery pear
144980,Alive,40.7164991,-73.99722792,13,Callery pear
118465,Alive,40.71624541,-73.99578487,3,ginkgo
118881,Alive,40.72464416,-73.99185494,6,Callery pear
118882,Alive,40.7246113,-73.9917774,8,Callery pear
144166,Alive,40.72333261,-73.99471821,4,cherry
144071,Alive,40.72397074,-73.99545231,3,honeylocust
27345,Alive,40.72770436,-73.99912418,17,Cornelian cherry
144073,Alive,40.72390259,-73.99548675,8,honeylocust
144074,Alive,40.7237786,-73.99554942,7,honeylocust
118887,Alive,40.72436075,-73.99118611,2,Chinese elm
72342,Alive,40.7181101,-73.99038954,9,golden raintree
71304,Alive,40.72595967,-74.00951252,12,black locust
77442,Alive,40.72249947,-73.99374412,2,Schumard's oak
77444,Alive,40.72242341,-73.99356153,2,Schumard's oak
144070,Alive,40.72401941,-73.99542771,9,honeylocust
118478,Alive,40.72015801,-73.99099108,11,black locust
136806,Alive,40.72389813,-73.99135996,11,ginkgo
118548,Alive,40.72023823,-73.9908333,9,honeylocust
144072,Alive,40.72393589,-73.99546992,9,honeylocust
118550,Alive,40.72036606,-73.99076765,6,honeylocust
144088,Alive,40.72296635,-73.9946453,4,honeylocust
118497,Alive,40.72086884,-73.99114245,7,Sophora
118498,Alive,40.72089421,-73.9912278,7,Sophora
144089,Alive,40.72291174,-73.9945135,6,honeylocust
136812,Alive,40.72415589,-73.99221217,12,ginkgo
118182,Alive,40.71798914,-73.99403928,22,Sophora
73418,Alive,40.72869371,-73.99950602,15,Sophora
118879,Alive,40.72470719,-73.99200371,6,Callery pear
118886,Alive,40.72442913,-73.99134748,5,Callery pear
118549,Alive,40.72028936,-73.99080704,8,honeylocust
136811,Alive,40.72411554,-73.99207874,6,ginkgo
136808,Alive,40.72403604,-73.9918159,6,littleleaf linden
136657,Alive,40.72407951,-73.99108508,2,Sophora
136829,Alive,40.72369035,-73.99066433,6,green ash
73417,Alive,40.72858024,-73.99960227,11,Sophora
136807,Alive,40.72395776,-73.99155709,5,Callery pear
144077,Alive,40.72348347,-73.99569859,3,sweetgum
118878,Alive,40.72474245,-73.99208692,8,Callery pear
117988,Alive,40.7169677,-73.9901838,4,Sophora
136831,Alive,40.72376189,-73.99090172,8,green ash
118880,Alive,40.72467915,-73.99193752,8,Callery pear
118499,Alive,40.72092078,-73.99131718,10,Sophora
73419,Alive,40.72877766,-73.99943481,9,Sophora
118486,Alive,40.72053103,-73.99080058,4,Sophora
143992,Alive,40.72345238,-73.99582124,3,sweetgum
136823,Alive,40.72349891,-73.99002905,18,green ash
118884,Alive,40.72449591,-73.99150508,5,Callery pear
136902,Alive,40.72445232,-73.99112565,4,cherry
145053,Alive,40.71756729,-73.99613434,4,ginkgo
144102,Alive,40.72315387,-73.99402884,11,common hackberry
143988,Alive,40.72391059,-73.99537209,9,English oak
136828,Alive,40.72366508,-73.99058047,18,Japanese zelkova
136735,Alive,40.72400382,-73.99032544,7,ash
118718,Alive,40.72252974,-73.99227019,9,Chinese elm
73420,Alive,40.72882655,-73.99939334,12,honeylocust
144105,Alive,40.72339242,-73.99393154,3,English oak
145068,Alive,40.71862316,-73.99545052,2,ginkgo
136728,Alive,40.72531863,-73.99141845,9,Callery pear
118208,Alive,40.7188538,-73.99359661,4,Japanese zelkova
144162,Alive,40.72399264,-73.99442762,7,Japanese zelkova
144078,Alive,40.72329527,-73.99543699,3,'Schubert' chokecherry
144160,Alive,40.72421699,-73.99432884,5,littleleaf linden
136716,Alive,40.72135161,-73.99275468,7,green ash
136908,Alive,40.72484135,-73.99205,4,Callery pear
136786,Alive,40.72148833,-73.99292294,8,green ash
136901,Alive,40.72442176,-73.99105304,5,green ash
137007,Alive,40.72205012,-73.99034836,6,honeylocust
145171,Alive,40.71954151,-73.99939271,2,ginkgo
158968,Alive,40.72533048,-74.00397422,11,littleleaf linden
145172,Alive,40.71947394,-73.99945455,4,ginkgo
144989,Alive,40.71737488,-73.99585229,4,ginkgo
13196,Alive,40.72961766,-74.00286587,1,Japanese tree lilac
144988,Alive,40.71734495,-73.99576755,4,ginkgo
144987,Alive,40.7173171,-73.99568869,4,ginkgo
144990,Alive,40.71741567,-73.9959678,4,ginkgo
13082,Alive,40.72990917,-74.00230438,10,black walnut
13083,Alive,40.72985857,-74.0022746,9,black walnut
118551,Alive,40.72040697,-73.99074665,7,honeylocust
123599,Alive,40.72904779,-73.99011143,8,sawtooth oak
145113,Alive,40.71981631,-73.99704902,4,Callery pear
158969,Alive,40.72432596,-74.0043448,8,Callery pear
162400,Alive,40.72246475,-74.00459454,2,Japanese zelkova
118665,Alive,40.7217289,-73.9910429,7,Kentucky coffeetree
145112,Alive,40.71976749,-73.99706864,6,Callery pear
145114,Alive,40.71989191,-73.99701865,5,Callery pear
118663,Alive,40.72158324,-73.99111794,15,Kentucky coffeetree
162399,Alive,40.72254326,-74.00452689,12,Japanese zelkova
158641,Alive,40.72179191,-73.9975453,2,ginkgo
118477,Alive,40.720092,-73.99102479,10,black locust
72473,Alive,40.71901701,-73.99243224,10,black locust
118467,Alive,40.7193225,-73.99403716,5,black locust
73128,Alive,40.7279858,-73.99351861,2,black locust
158639,Alive,40.72203313,-73.99733604,3,ginkgo
158640,Alive,40.72191263,-73.99744057,2,ginkgo
136810,Alive,40.72408654,-73.99198286,6,littleleaf linden
158985,Alive,40.7239773,-74.00452114,9,pin oak
118487,Alive,40.72061955,-73.99075538,5,Sophora
136809,Alive,40.72406119,-73.99189904,9,green ash
118205,Alive,40.71849521,-73.99378211,20,Sophora
136726,Alive,40.72520702,-73.99115409,20,Sophora
118530,Alive,40.72192041,-73.992028,6,Sophora
118531,Alive,40.72197415,-73.9920006,8,Sophora
118664,Alive,40.72164457,-73.99108634,6,Kentucky coffeetree
144888,Alive,40.72943409,-74.00162089,6,pin oak
144885,Alive,40.72925778,-74.00126118,8,Callery pear
136668,Alive,40.72468988,-73.99064009,13,Sophora
118666,Alive,40.72181323,-73.99099945,6,Kentucky coffeetree
136737,Alive,40.72391536,-73.99011765,11,green ash
100390,Alive,40.72570011,-73.99417247,17,Sophora
70982,Alive,40.72729499,-74.00759245,2,swamp white oak
118661,Alive,40.72142736,-73.99119825,15,Kentucky coffeetree
159077,Alive,40.72520328,-74.00427612,4,littleleaf linden
136903,Alive,40.72467793,-73.99166169,0,swamp white oak
144890,Alive,40.72951957,-74.00179529,9,green ash
72634,Alive,40.71897036,-73.99016196,4,black locust
158621,Alive,40.72193819,-73.99727363,2,ginkgo
73127,Alive,40.72795552,-73.99345756,2,black locust
158622,Alive,40.72206045,-73.99722804,2,ginkgo
158620,Alive,40.72181567,-73.99731932,4,ginkgo
143898,Alive,40.72421904,-73.99332368,5,Japanese zelkova
158618,Alive,40.72157988,-73.99740726,10,pin oak
159073,Alive,40.72494008,-74.0043822,7,black oak
143897,Alive,40.72418385,-73.99322344,5,Japanese zelkova
144887,Alive,40.72933835,-74.00142556,11,green ash
144080,Alive,40.72317541,-73.99514978,3,'Schubert' chokecherry
145087,Alive,40.71891433,-73.995946,4,honeylocust
143899,Alive,40.72424135,-73.99338723,8,ginkgo
158619,Alive,40.72169791,-73.99736324,3,ginkgo
158638,Alive,40.72215271,-73.9972323,3,ginkgo
73129,Alive,40.7281888,-73.99392782,2,black locust
118660,Alive,40.72136347,-73.99123117,7,Kentucky coffeetree
118668,Alive,40.72195378,-73.99092704,7,Kentucky coffeetree
143896,Alive,40.72413233,-73.99307669,4,Japanese zelkova
177824,Alive,40.72191922,-74.00029695,5,Chinese elm
118662,Alive,40.72150658,-73.99115744,12,Kentucky coffeetree
118669,Alive,40.72202789,-73.99088886,7,Kentucky coffeetree
118474,Alive,40.71973945,-73.99120483,2,Kentucky coffeetree
144886,Alive,40.72930951,-74.00136672,6,eastern redbud
144889,Alive,40.72948285,-74.00172037,11,green ash
118667,Alive,40.72187456,-73.99096785,6,Kentucky coffeetree
177825,Alive,40.72194449,-74.00034851,5,Chinese elm
177823,Alive,40.7218996,-74.00025692,5,Chinese elm
162401,Alive,40.72201128,-74.00514865,3,Japanese zelkova
177821,Alive,40.72184846,-74.0001526,5,American linden
177820,Alive,40.72181933,-74.00009315,5,American linden
173093,Alive,40.72208339,-74.00585907,3,Japanese zelkova
173090,Alive,40.72197495,-74.00570637,3,Japanese zelkova
173094,Alive,40.72219277,-74.00601309,2,Japanese zelkova
173088,Alive,40.72188169,-74.00557504,3,Japanese zelkova
173091,Alive,40.72201091,-74.00575701,3,Japanese zelkova
178631,Alive,40.71660483,-73.99341189,10,honeylocust
73126,Alive,40.72792433,-73.9933947,2,black locust
30504,Alive,40.72717211,-73.99636461,2,Japanese tree lilac
145058,Alive,40.71799826,-73.9951468,3,honeylocust
178630,Alive,40.71664127,-73.99353415,9,ginkgo
178632,Alive,40.71656378,-73.99327417,8,ginkgo
178602,Alive,40.71604738,-73.9948693,5,Callery pear
178634,Alive,40.7164865,-73.99301487,10,honeylocust
178633,Alive,40.71652314,-73.9931378,8,ginkgo
145030,Alive,40.7176703,-73.9964375,4,Japanese zelkova
118547,Alive,40.71990077,-73.99100659,6,Kentucky coffeetree
73130,Alive,40.72821518,-73.99398101,2,black locust
145069,Alive,40.71864561,-73.99551477,3,pin oak
30626,Alive,40.7255683,-73.99504245,2,shingle oak
145010,Alive,40.71776455,-73.99695872,5,ginkgo
71145,Alive,40.72752573,-74.00718348,3,paper birch
145008,Alive,40.71771056,-73.99680314,4,ginkgo
136733,Alive,40.72410219,-73.99055653,11,smoketree
145009,Alive,40.71773721,-73.99687994,4,ginkgo
179826,Alive,40.72171977,-73.99124094,20,London planetree
179817,Alive,40.72125805,-73.9915147,16,ginkgo
179824,Alive,40.72161855,-73.99132968,6,London planetree
179820,Alive,40.7214283,-73.99139053,19,London planetree
179914,Alive,40.72102558,-73.99217283,16,ginkgo
179917,Alive,40.72080029,-73.99228831,16,ginkgo
179893,Alive,40.72197275,-73.99168729,17,ginkgo
179898,Alive,40.7217306,-73.99184821,9,ginkgo
179814,Alive,40.72078502,-73.99172068,21,London planetree
179830,Alive,40.72186883,-73.99116443,20,London planetree
192605,Alive,40.71863196,-73.99067219,13,London planetree
179894,Alive,40.7219431,-73.99173928,17,London planetree
179919,Alive,40.7207016,-73.99237569,15,London planetree
179819,Alive,40.72140532,-73.99143912,15,ginkgo
179915,Alive,40.72100028,-73.99222259,17,London planetree
179899,Alive,40.72165977,-73.99188452,17,London planetree
179918,Alive,40.72072716,-73.9923258,15,London planetree
179811,Alive,40.72061886,-73.99184275,14,ginkgo
179903,Alive,40.72150813,-73.99196225,17,London planetree
179910,Alive,40.72121815,-73.9921109,16,London planetree
179921,Alive,40.72063179,-73.99241147,13,London planetree
179920,Alive,40.72065632,-73.99236211,21,ginkgo
179816,Alive,40.72092079,-73.991651,19,London planetree
192616,Alive,40.7177341,-73.99113325,12,London planetree
179906,Alive,40.72136288,-73.99203671,16,London planetree
179908,Alive,40.72128949,-73.99207433,18,London planetree
179923,Alive,40.72055507,-73.9924508,14,London planetree
192604,Alive,40.71872965,-73.99065882,5,pin oak
192602,Alive,40.71892852,-73.9905199,5,pin oak
145054,Alive,40.71753941,-73.9960555,2,pin oak
179832,Alive,40.72199362,-73.99113718,5,London planetree
192617,Alive,40.71765101,-73.99117592,14,London planetree
179928,Alive,40.72036788,-73.99250997,14,ginkgo
179916,Alive,40.72095398,-73.99220953,14,London planetree
179831,Alive,40.7219182,-73.99117589,9,London planetree
179900,Alive,40.72161117,-73.99187265,13,London planetree
179821,Alive,40.72150015,-73.99135366,19,London planetree
192603,Alive,40.71881961,-73.99057583,14,London planetree
179896,Alive,40.72186843,-73.99177755,12,London planetree
179895,Alive,40.72189706,-73.99172609,13,London planetree
192606,Alive,40.7185343,-73.99072234,13,London planetree
179825,Alive,40.72169474,-73.99129058,19,London planetree
179913,Alive,40.72107367,-73.99218496,16,London planetree
177822,Alive,40.72187373,-74.00020415,5,American linden
179911,Alive,40.7211721,-73.99209772,15,ginkgo
179822,Alive,40.72154977,-73.99136498,13,ginkgo
179909,Alive,40.72121532,-73.99207556,19,ginkgo
179924,Alive,40.72050826,-73.99243801,14,ginkgo
192615,Alive,40.71781463,-73.9910919,6,pin oak
179818,Alive,40.72128385,-73.99146467,19,London planetree
192607,Alive,40.71842667,-73.99077761,13,London planetree
179815,Alive,40.72089371,-73.99170169,23,ginkgo
179897,Alive,40.72176178,-73.99179544,11,ginkgo
179931,Alive,40.72022621,-73.99258259,12,ginkgo
179932,Alive,40.72020883,-73.99262828,12,ginkgo
179926,Alive,40.7204382,-73.99247392,15,ginkgo
179813,Alive,40.72075616,-73.99177229,13,ginkgo
179907,Alive,40.72131965,-73.99202208,14,London planetree
179901,Alive,40.72158024,-73.99192529,9,ginkgo
179922,Alive,40.72058345,-73.99239947,19,ginkgo
179902,Alive,40.72153548,-73.99191145,14,London planetree
179904,Alive,40.72146541,-73.99194736,13,London planetree
179660,Alive,40.71992744,-73.99000251,14,London planetree
191854,Alive,40.7237359,-73.99135428,15,London planetree
179905,Alive,40.72139304,-73.99198446,8,ginkgo
192004,Alive,40.72708294,-74.00025278,12,American elm
179810,Alive,40.72055059,-73.99187779,14,ginkgo
179930,Alive,40.72029883,-73.99254536,15,ginkgo
179892,Alive,40.72256474,-73.9914206,10,ginkgo
192614,Alive,40.71785145,-73.99107299,3,Callery pear
192003,Alive,40.72702501,-74.00013445,28,Callery pear
179661,Alive,40.71983788,-73.9900107,13,London planetree
179663,Alive,40.71965808,-73.99010075,18,London planetree
145057,Alive,40.71744223,-73.99578071,2,Japanese zelkova
192610,Alive,40.71805009,-73.99097099,5,northern red oak
192609,Alive,40.71808077,-73.99095524,3,Japanese zelkova
179662,Alive,40.71975708,-73.99005116,16,London planetree
192608,Alive,40.71813113,-73.99092937,7,pin oak
179925,Alive,40.72048475,-73.99248685,14,London planetree
201409,Alive,40.72317854,-73.99029785,4,ginkgo
179549,Alive,40.71975972,-73.99013207,6,Sophora
191977,Alive,40.72622826,-73.99851584,4,black oak
144161,Alive,40.72408321,-73.99438774,7,golden raintree
136648,Alive,40.72410553,-73.99079384,4,Japanese tree lilac
192659,Alive,40.71781824,-73.99109099,3,cherry
192663,Alive,40.71797395,-73.99097438,3,Callery pear
192665,Alive,40.71807982,-73.9909201,3,Chinese tree lilac
202046,Alive,40.72717907,-73.99005869,21,honeylocust
179546,Alive,40.71999833,-73.9900089,11,London planetree
179933,Alive,40.72017507,-73.9926088,24,ginkgo
179927,Alive,40.7204221,-73.99251896,16,London planetree
192062,Alive,40.72822001,-74.00302524,14,American elm
179934,Alive,40.72015795,-73.99265437,15,London planetree
179935,Alive,40.72008714,-73.99269066,15,London planetree
179929,Alive,40.72034769,-73.99255711,16,London planetree
192667,Alive,40.71815425,-73.99091874,2,Japanese zelkova
191928,Alive,40.72551106,-73.99706804,5,Japanese zelkova
192056,Alive,40.72810228,-74.00231515,14,Chinese elm
192611,Alive,40.71797186,-73.99101116,7,northern red oak
192657,Alive,40.7177157,-73.99114355,3,Japanese zelkova
192058,Alive,40.72818394,-74.00248728,5,pin oak
191927,Alive,40.72548833,-73.99701738,6,Japanese zelkova
179835,Alive,40.72208973,-73.99105106,15,London planetree
192673,Alive,40.71886052,-73.99055666,17,London planetree
191987,Alive,40.72660082,-73.99928959,8,willow oak
192674,Alive,40.71897611,-73.99049741,18,London planetree
179833,Alive,40.72201687,-73.99108846,22,London planetree
192666,Alive,40.71812254,-73.99093499,22,London planetree
192669,Alive,40.71848258,-73.99075042,11,London planetree
191889,Alive,40.72448308,-73.99364202,15,London planetree
192668,Alive,40.71817801,-73.99086977,22,London planetree
192660,Alive,40.71786043,-73.99106936,15,London planetree
179836,Alive,40.72216414,-73.99101287,17,London planetree
196369,Alive,40.71703971,-73.99145299,15,London planetree
191890,Alive,40.7245162,-73.99373477,11,London planetree
192656,Alive,40.71767682,-73.9911267,13,London planetree
191892,Alive,40.72461021,-73.993998,12,London planetree
196376,Alive,40.71663297,-73.99166086,14,London planetree
192671,Alive,40.71867078,-73.99065393,15,London planetree
192670,Alive,40.71857259,-73.99070427,13,London planetree
201417,Alive,40.72247047,-73.99066184,7,honeylocust
201411,Alive,40.7230405,-73.99036881,17,honeylocust
